# Host: localhost  (Version: 5.5.16)
# Date: 2013-12-11 15:04:13
# Generator: MySQL-Front 5.3  (Build 4.57)

/*!40101 SET NAMES utf8 */;

#
# Structure for table "captcha"
#

DROP TABLE IF EXISTS `captcha`;
CREATE TABLE `captcha` (
  `captcha_id` bigint(13) unsigned NOT NULL AUTO_INCREMENT,
  `captcha_time` int(10) unsigned NOT NULL,
  `ip_address` varchar(16) CHARACTER SET latin1 NOT NULL DEFAULT '0',
  `word` varchar(20) CHARACTER SET latin1 NOT NULL,
  PRIMARY KEY (`captcha_id`),
  KEY `word` (`word`)
) ENGINE=InnoDB AUTO_INCREMENT=797 DEFAULT CHARSET=utf8 COLLATE=utf8_unicode_ci ROW_FORMAT=COMPACT;

#
# Data for table "captcha"
#

INSERT INTO `captcha` VALUES (796,1386747554,'::1','eukws');

#
# Structure for table "cost_center"
#

DROP TABLE IF EXISTS `cost_center`;
CREATE TABLE `cost_center` (
  `idCc` int(11) NOT NULL AUTO_INCREMENT,
  `kodeCC` int(11) NOT NULL DEFAULT '0',
  `NamaCC` varchar(50) COLLATE utf8_unicode_ci DEFAULT NULL,
  `idPerusahaan` char(20) COLLATE utf8_unicode_ci NOT NULL DEFAULT '',
  `tgl_creator` datetime DEFAULT NULL,
  `creator` char(10) COLLATE utf8_unicode_ci DEFAULT NULL,
  `modifier` char(10) COLLATE utf8_unicode_ci DEFAULT NULL,
  `tgl_modifier` datetime DEFAULT NULL,
  PRIMARY KEY (`idCc`),
  KEY `cc` (`kodeCC`)
) ENGINE=InnoDB AUTO_INCREMENT=1000000 DEFAULT CHARSET=utf8 COLLATE=utf8_unicode_ci ROW_FORMAT=COMPACT;

#
# Data for table "cost_center"
#

INSERT INTO `cost_center` VALUES (1,111001,'DIREKTORAT UTAMA','KS',NULL,NULL,NULL,NULL),(2,111101,'GM. CORPORATE SECRETARY','KS',NULL,NULL,NULL,NULL),(3,111103,'MANAGER  LEGAL OFFICE','KS',NULL,NULL,NULL,NULL),(4,111109,'MANAGER GCG & RISK MANAGEMENT','KS',NULL,NULL,NULL,NULL),(5,111110,'MANAGER CORPORATE COMMUNICATION','KS',NULL,NULL,NULL,NULL),(6,111403,'MANAGER PROJECT MANAGEMENT','KS',NULL,NULL,NULL,NULL),(7,111501,'DIREKTORAT SDM & UMUM','KS',NULL,NULL,NULL,NULL),(8,111502,'GENERAL MANAGER HUMAN CAPITAL ADM & GEN AFFAIR','KS',NULL,NULL,NULL,NULL),(9,111511,'MANAGER ORGANIZATION DESIGN & HCP','KS',NULL,NULL,NULL,NULL),(10,111521,'MANAGER HUMAN CAPITAL INTEGRATION & ADM','KS',NULL,NULL,NULL,NULL),(11,111522,'MANAGER HCD & LEARING CENTRE','KS',NULL,NULL,NULL,NULL),(12,111523,'MANAGER PERFORMANCE MGT & COMPENSATION','KS',NULL,NULL,NULL,NULL),(13,111554,'MANAGER GENERAL AFFAIR','KS',NULL,NULL,NULL,NULL),(14,111558,'MANAGER COMMUNITY DEVELOPMENT','KS',NULL,NULL,NULL,NULL),(15,111562,'GENERAL MANAGER  HUMAN CAPITAL PLANNING & DEVELOPM','KS',NULL,NULL,NULL,NULL),(16,111563,'MANAGER SECURITY','KS',NULL,NULL,NULL,NULL),(17,111601,'DIREKTORAT KEUANGAN','KS',NULL,NULL,NULL,NULL),(18,111602,'GM. ACCOUNTING','KS',NULL,NULL,NULL,NULL),(19,111603,'GENERAL MANAGER  CORPORATE FINANCE','KS',NULL,NULL,NULL,NULL),(20,111604,'GM. SUBSIDIARIES COMPANY','KS',NULL,NULL,NULL,NULL),(21,111605,'INVESTOR RELATION','KS',NULL,NULL,NULL,NULL),(22,111621,'MANAGER AKUNTANSI PABRIK','KS',NULL,NULL,NULL,NULL),(23,111622,'MANAGER AKUNTANSI KEUANGAN','KS',NULL,NULL,NULL,NULL),(24,111623,'MANAGER AKUNTANSI MANAJEMEN','KS',NULL,NULL,NULL,NULL),(25,111631,'MANAGER OPERASI PENDANAAN','KS',NULL,NULL,NULL,NULL),(26,111632,'MANAGER PAJAK, ASURANSI & FAKTUR','KS',NULL,NULL,NULL,NULL),(27,111633,'MANAGER CREDIT & COLLECTION','KS',NULL,NULL,NULL,NULL),(28,111634,'MANAGER FUNDING STRATEGY','KS',NULL,NULL,NULL,NULL),(29,111635,'MANAGER PERWAKILAN KEUANGAN JAKARTA','KS',NULL,NULL,NULL,NULL),(30,111637,'GROUP PROJECT FINANCE','KS',NULL,NULL,NULL,NULL),(31,111641,'MANAGER MJN BISNIS AP&PP BIDANG JASA','KS',NULL,NULL,NULL,NULL),(32,111642,'MANAGER MJN BISNIS AP&PP BIDANG MANUFAKTUR','KS',NULL,NULL,NULL,NULL),(33,111643,'MANAGER  STRATEGIC PLANNING & INVES PORTFOLIO','KS',NULL,NULL,NULL,NULL),(34,111801,'DIREKTORAT LOGISTIK','KS',NULL,NULL,NULL,NULL),(35,111802,'GM. LOGISTIC PLANNING','KS',NULL,NULL,NULL,NULL),(36,111803,'GM. PROCUREMENT','KS',NULL,NULL,NULL,NULL),(37,111813,'MANAGER MAINTENANCE PLANNING','KS',NULL,NULL,NULL,NULL),(38,111815,'MANAGER CATALOGING & SOURCING MANAGEMENT','KS',NULL,NULL,NULL,NULL),(39,111816,'MANAGER WAREHOUSING MANAGEMENT','KS',NULL,NULL,NULL,NULL),(40,111821,'MANAGER SPARE PART PROCUREMENT','KS',NULL,NULL,NULL,NULL),(41,111822,'MANAGER RAW MATERIAL PROCUREMENT','KS',NULL,NULL,NULL,NULL),(42,111823,'MANAGER VENDOR & IMPORT MANAGEMENT','KS',NULL,NULL,NULL,NULL),(43,111824,'MANAGER SERVICES PROCUREMENT','KS',NULL,NULL,NULL,NULL),(44,111901,'DIREKTORAT PEMASARAN','KS',NULL,NULL,NULL,NULL),(45,111903,'GENERAL MANAGER SALES I','KS',NULL,NULL,NULL,NULL),(46,111904,'GENERAL MANAGER SALES II','KS',NULL,NULL,NULL,NULL),(47,111905,'GENERAL MANAGER  MARKETING','KS',NULL,NULL,NULL,NULL),(48,111913,'MANAGER STRATEGIC ACCT1  P, T & REROLLING','KS',NULL,NULL,NULL,NULL),(49,111914,'MANAGER STRATEGIC ACCOUNT 3 CRC&AUTOMOTIV','KS',NULL,NULL,NULL,NULL),(50,111915,'MANAGER SA 4 LP,BP & IS, REG & PROJECT','KS',NULL,NULL,NULL,NULL),(51,111916,'MANAGER STRATEGIC ACCT2 GST&SHIP BUILDING','KS',NULL,NULL,NULL,NULL),(52,111931,'MANAGER PRODUCT & PROFITABILITY ANALYSIS','KS',NULL,NULL,NULL,NULL),(53,111933,'MANAGER CUSTOMER TECHNICAL SERVICE','KS',NULL,NULL,NULL,NULL),(54,111934,'MANAGER MARKETING INFO SYSTEM & SALES ADM','KS',NULL,NULL,NULL,NULL),(55,111935,'MANAGER MARKET RESEARCH & DEVELOPMENT','KS',NULL,NULL,NULL,NULL),(56,112001,'GM. BLAST FURNACE PROJECT','KS',NULL,NULL,NULL,NULL),(57,112002,'GM. QUALITY ASSURANCE','KS',NULL,NULL,NULL,NULL),(58,112005,'GM. CORPORATE PLANNING & BUSSINES DEV','KS',NULL,NULL,NULL,NULL),(59,112007,'GM.  RESEARCH & TECHNOLOGY','KS',NULL,NULL,NULL,NULL),(60,112101,'MANAGER  ENERGY & RESOURCES DEVELOPMENT','KS',NULL,NULL,NULL,NULL),(61,112102,'MANAGER  MATERIAL & PRODUCT DEVELOPMENT','KS',NULL,NULL,NULL,NULL),(62,112104,'MANAGER  APPLIED RESEARCH','KS',NULL,NULL,NULL,NULL),(63,112106,'MANAGER TECHNOLOGY & PROCESS DEVELOPMENT','KS',NULL,NULL,NULL,NULL),(64,112201,'MANAGER BUS ENABLER & IT/IS','KS',NULL,NULL,NULL,NULL),(65,112203,'MANAGER PROCESS AUTOMATION','KS',NULL,NULL,NULL,NULL),(66,112404,'MANAGER  PROJECT DEVELOPMENT','KS',NULL,NULL,NULL,NULL),(67,112501,'DIREKTORAT PRODUKSI','KS',NULL,NULL,NULL,NULL),(68,112502,'GM. IRON & STEEL MAKING','KS',NULL,NULL,NULL,NULL),(69,112504,'GM.  ROLLING MILL','KS',NULL,NULL,NULL,NULL),(70,112505,'GM.  PROD PLANNING & SUPPLY CHAIN MGT','KS',NULL,NULL,NULL,NULL),(71,112508,'MANAGER   HEALTH & SAFETY ENVIRONMENT','KS',NULL,NULL,NULL,NULL),(72,112511,'MANAGER  PRODUCTION PLANNING & CONTROL','KS',NULL,NULL,NULL,NULL),(73,112522,'MANAGER  SUPPLY CHAIN & IMPROVEMENT','KS',NULL,NULL,NULL,NULL),(74,112523,'MANAGER  FINISHED PRODUCT & DISTRIBUTION','KS',NULL,NULL,NULL,NULL),(75,112530,'MANAGER  QUALITY CONTROL','KS',NULL,NULL,NULL,NULL),(76,112536,'MANAGER  QUALITY PROMOTOR & MGT SYSTEM','KS',NULL,NULL,NULL,NULL),(77,112601,'GM.  CENTRAL MAINTENANCE & FACILITIES','KS',NULL,NULL,NULL,NULL),(78,112621,'MANAGER  WORK SHOP & FIELD MAINTENANCE','KS',NULL,NULL,NULL,NULL),(79,112631,'MANAGER  UTILITIES & ENERGY MANAGEMENT','KS',NULL,NULL,NULL,NULL),(80,112826,'MANAGER  DIRECT REDUCTION PLANT','KS',NULL,NULL,NULL,NULL),(81,112901,'MANAGER  BILLET STEEL PLANT','KS',NULL,NULL,NULL,NULL),(82,113001,'MANAGER SLAB STEEL PLANT ','KS',NULL,NULL,NULL,NULL),(83,113101,'MANAGER PWRT PABRIK PENGOLAHAN BAJA','KS',NULL,NULL,NULL,NULL),(84,113201,'MANAGER PABRIK BATANG KAWAT','KS',NULL,NULL,NULL,NULL),(85,113301,'MANAGER PABRIK PENEROLAN BLP','KS',NULL,NULL,NULL,NULL),(86,113341,'MANAGER PRWT PABRIK BLP & BATANG KAWAT','KS',NULL,NULL,NULL,NULL),(87,113401,'MANAGER PABRIK PENGEROLAN BLD','KS',NULL,NULL,NULL,NULL),(88,113441,'MANAGER PRWT PABRIK PENGEROLAN BLD','KS',NULL,NULL,NULL,NULL),(89,117990,'BAHANA SURYA','KS',NULL,NULL,NULL,NULL),(90,111301,'INTERNAL AUDIT','KS',NULL,NULL,NULL,NULL),(91,111814,'MANAGER PROCUREMENT PLANNING','KS',NULL,NULL,NULL,NULL),(92,112801,'MANAGER  DIRECT REDUCTION PLANT','KS',NULL,NULL,NULL,NULL),(93,112642,'MANAGER DESIGN & TECHNICAL ENGINEERING','KS',NULL,NULL,NULL,NULL),(999999,999999,'DEFAULT COST CENTER','KS GROUP',NULL,NULL,NULL,NULL);

#
# Structure for table "login_attempts"
#

DROP TABLE IF EXISTS `login_attempts`;
CREATE TABLE `login_attempts` (
  `id` mediumint(8) unsigned NOT NULL AUTO_INCREMENT,
  `ip_address` varbinary(16) NOT NULL,
  `login` varchar(100) CHARACTER SET latin1 NOT NULL,
  `time` int(11) unsigned DEFAULT NULL,
  PRIMARY KEY (`id`)
) ENGINE=InnoDB DEFAULT CHARSET=utf8 COLLATE=utf8_unicode_ci ROW_FORMAT=COMPACT;

#
# Data for table "login_attempts"
#


#
# Structure for table "rsdm_sessions"
#

DROP TABLE IF EXISTS `rsdm_sessions`;
CREATE TABLE `rsdm_sessions` (
  `session_id` varchar(40) COLLATE utf8_unicode_ci NOT NULL DEFAULT '0',
  `ip_address` varchar(45) COLLATE utf8_unicode_ci NOT NULL DEFAULT '0',
  `user_agent` varchar(120) COLLATE utf8_unicode_ci NOT NULL,
  `last_activity` int(10) unsigned NOT NULL DEFAULT '0',
  `user_data` text COLLATE utf8_unicode_ci NOT NULL,
  PRIMARY KEY (`session_id`),
  KEY `last_activity_idx` (`last_activity`)
) ENGINE=InnoDB DEFAULT CHARSET=utf8 COLLATE=utf8_unicode_ci ROW_FORMAT=COMPACT;

#
# Data for table "rsdm_sessions"
#

INSERT INTO `rsdm_sessions` VALUES ('7e72acc2abe0a961f7b29c412e80dccc','::1','Mozilla/5.0 (Windows NT 6.2; WOW64; rv:25.0) Gecko/20100101 Firefox/25.0',1386743963,'a:12:{s:9:\"user_data\";s:0:\"\";s:10:\"idKaryawan\";s:6:\"999999\";s:8:\"username\";s:10:\"superadmin\";s:8:\"fullname\";s:10:\"SUPERADMIN\";s:14:\"idPerusahaan\";s:8:\"KS GROUP\";s:8:\"group_id\";s:1:\"1\";s:6:\"idUnit\";s:6:\"999999\";s:9:\"logged_in\";b:1;s:10:\"group_name\";s:10:\"Superadmin\";s:11:\"NamaPeriode\";s:17:\"Triwulan III 2013\";s:5:\"start\";s:10:\"2013-07-01\";s:6:\"finish\";s:10:\"2013-09-30\";}');

#
# Structure for table "sys_group"
#

DROP TABLE IF EXISTS `sys_group`;
CREATE TABLE `sys_group` (
  `group_id` int(11) NOT NULL AUTO_INCREMENT,
  `group_name` varchar(50) DEFAULT NULL,
  `add` varchar(1) DEFAULT NULL,
  `edit` varchar(30) DEFAULT NULL,
  `delete` varchar(1) DEFAULT NULL,
  `approve` varchar(1) DEFAULT NULL,
  PRIMARY KEY (`group_id`)
) ENGINE=InnoDB AUTO_INCREMENT=8 DEFAULT CHARSET=latin1 ROW_FORMAT=DYNAMIC;

#
# Data for table "sys_group"
#

INSERT INTO `sys_group` VALUES (1,'Superadmin','1','1','1','0'),(2,'KS Group','1','1','1','0'),(3,'Admin Perusahaan','1','1','1','0'),(4,'Perusahaan','0','0','0','0'),(5,'Sub Direktorat','0','0','0','0'),(6,'Unit','0','0','0','0'),(7,'Personal','1','1','1','0');

#
# Structure for table "sys_menu"
#

DROP TABLE IF EXISTS `sys_menu`;
CREATE TABLE `sys_menu` (
  `node` int(11) NOT NULL AUTO_INCREMENT,
  `parentnode` int(11) DEFAULT NULL,
  `sortid` smallint(6) DEFAULT NULL,
  `displaytext` varchar(50) DEFAULT NULL,
  `basedir` varchar(100) DEFAULT NULL,
  `linkaddress` varchar(50) DEFAULT NULL,
  `stat` char(1) DEFAULT NULL,
  `creator` char(10) DEFAULT NULL,
  `modifier` char(10) DEFAULT NULL,
  `tgl_creator` date DEFAULT NULL,
  `tgl_modifier` date DEFAULT NULL,
  PRIMARY KEY (`node`)
) ENGINE=InnoDB AUTO_INCREMENT=76 DEFAULT CHARSET=latin1 ROW_FORMAT=DYNAMIC;

#
# Data for table "sys_menu"
#

INSERT INTO `sys_menu` VALUES (1,0,0,'Risk Management','','#','1',NULL,NULL,NULL,NULL),(2,1,1,'Administrasi','','#','1',NULL,'0',NULL,'2013-11-29'),(3,2,1,'Menu Aplikasi','admin','administrasi/adminmenu','1',NULL,NULL,NULL,NULL),(4,2,2,'Grup User','admin','administrasi/Group_Menu','1',NULL,'0',NULL,'2013-11-28'),(5,2,3,'Key Person','admin','administrasi/keyperson','1',NULL,NULL,NULL,NULL),(6,2,6,'Ubah Password','admin','administrasi/ubahpassword','1',NULL,'0',NULL,'2013-11-29'),(7,1,1,'Data Master','master','#','1',NULL,NULL,NULL,NULL),(8,7,2,'Dampak Risiko','master','master/dampak','1',NULL,'1',NULL,'2013-10-02'),(10,7,5,'Kategori Risiko','master','master/kategori','1',NULL,'1',NULL,'2013-10-02'),(13,7,3,'Tingkat Risiko','master','master/kls_resiko','1',NULL,'1',NULL,'2013-10-02'),(15,2,5,'Daftar Perusahaan','master','administrasi/perusahaan','1',NULL,'0',NULL,'2013-11-29'),(16,1,1,'Transaksi','transaksi','#','1',NULL,NULL,NULL,NULL),(17,16,9,'Jenis Risiko Per Triwulan','transaksi','resiko/list_awal','0',NULL,'1',NULL,'2013-10-02'),(40,16,1,'Aktifitas','transaksi','transaksi/aktifitas','1',NULL,NULL,NULL,NULL),(43,7,1,'Peluang Risiko','master','master/peluang','1',NULL,'1',NULL,'2013-10-02'),(44,7,7,'Type','master','master/type','1',NULL,NULL,NULL,NULL),(47,7,1,'Unit Kerja',NULL,'master/unit','1',NULL,'0',NULL,'2013-12-02'),(48,16,2,'Daftar Risiko',NULL,'transaksi/resiko/getbyDampakPeluang','1',NULL,'1',NULL,'2013-10-02'),(49,7,18,'Prosedur',NULL,'master/prosedur','1',NULL,'999999',NULL,'2013-12-09'),(54,7,4,'Risk Map',NULL,'master/risk','1',NULL,NULL,NULL,NULL),(55,1,1,'Laporan',NULL,'#','1',NULL,NULL,NULL,NULL),(58,2,4,'Karyawan',NULL,'administrasi/karyawan','1',NULL,NULL,NULL,NULL),(60,16,3,'List Display Aktifitas',NULL,'transaksi/display','0',NULL,NULL,NULL,NULL),(61,55,1,'Laporan Daftar Risiko (Form-1)',NULL,'laporan/aktifitasrekap_display','1',NULL,'1',NULL,'2013-10-02'),(62,55,2,'Laporan Profil Risiko (Form-2)',NULL,'laporan/lap_profil','1',NULL,'1',NULL,'2013-10-02'),(63,55,3,'Laporan Respon Risiko (Form-3)',NULL,'laporan/lap_respon_resiko','1',NULL,'1',NULL,'2013-10-02'),(64,55,4,'Laporan R.Tindak Lanjut (Form-4)',NULL,'laporan/lap_rencana','1',NULL,'1',NULL,'2013-09-11'),(65,7,17,'Tugas Pokok Organisasi',NULL,'master/poksi','1',NULL,NULL,NULL,NULL),(67,55,5,'Laporan Display Aktifitas',NULL,'laporan/rekap_display','1',NULL,NULL,NULL,NULL),(68,55,6,'Aktifitas & Tupoksi',NULL,'laporan/tupoksi_aktifitas','1',NULL,NULL,NULL,NULL),(69,7,21,'Cost Center',NULL,'master/cost','1',NULL,'1',NULL,'2013-10-07'),(70,2,8,'Lokasi',NULL,'administrasi/lokasi','0',NULL,'1',NULL,'2013-09-04'),(72,1,5,'Utility',NULL,'#','1','1',NULL,'2013-09-09',NULL),(73,72,1,'Exsport Data (.xls)',NULL,'laporan/Eksportexcel','1','1','1','2013-09-09','2013-10-23'),(74,72,2,'Bantuan',NULL,'utility/help','1','1','1','2013-09-09','2013-09-09'),(75,2,7,'Periode Risk',NULL,'administrasi/Periode','1','1',NULL,'2013-10-08',NULL);

#
# Structure for table "sys_gr_link"
#

DROP TABLE IF EXISTS `sys_gr_link`;
CREATE TABLE `sys_gr_link` (
  `group_id` int(11) NOT NULL DEFAULT '0',
  `node` int(11) NOT NULL DEFAULT '0',
  PRIMARY KEY (`group_id`,`node`),
  KEY `node` (`node`),
  CONSTRAINT `group_id` FOREIGN KEY (`group_id`) REFERENCES `sys_group` (`group_id`),
  CONSTRAINT `node` FOREIGN KEY (`node`) REFERENCES `sys_menu` (`node`)
) ENGINE=InnoDB DEFAULT CHARSET=latin1 ROW_FORMAT=FIXED;

#
# Data for table "sys_gr_link"
#

INSERT INTO `sys_gr_link` VALUES (1,3),(1,4),(1,6),(1,15),(2,3),(2,6),(2,8),(2,10),(2,13),(2,40),(2,43),(2,44),(2,47),(2,48),(2,49),(2,54),(2,61),(2,62),(2,63),(2,64),(2,65),(2,67),(2,68),(2,69),(2,73),(2,74),(3,5),(3,6),(3,8),(3,10),(3,13),(3,40),(3,43),(3,44),(3,47),(3,48),(3,49),(3,54),(3,58),(3,61),(3,62),(3,63),(3,64),(3,65),(3,67),(3,68),(3,69),(3,73),(3,74),(3,75),(4,2),(4,6),(4,55),(4,61),(4,62),(4,63),(4,64),(4,67),(4,68),(4,72),(4,73),(5,2),(5,6),(5,16),(5,40),(5,48),(5,55),(5,61),(5,62),(5,63),(5,64),(5,67),(5,68),(6,2),(6,6),(6,16),(6,40),(6,48),(6,55),(6,61),(6,62),(6,63),(6,64),(6,67),(6,68),(6,72),(6,74),(7,2),(7,6),(7,7),(7,16),(7,40),(7,48),(7,55),(7,61),(7,62),(7,63),(7,64),(7,65),(7,67),(7,68),(7,72),(7,73),(7,74);

#
# Structure for table "tblaktifitas"
#

DROP TABLE IF EXISTS `tblaktifitas`;
CREATE TABLE `tblaktifitas` (
  `idAktifitas` int(11) NOT NULL AUTO_INCREMENT,
  `idPoksi` int(11) DEFAULT NULL,
  `kode_aktifitas` char(11) NOT NULL DEFAULT '',
  `aktifitaspm` varchar(500) DEFAULT '',
  `prosedur` varchar(50) DEFAULT NULL,
  `kodetype` varchar(25) DEFAULT '',
  `nik` char(30) DEFAULT NULL,
  `idPerusahaan` char(10) NOT NULL DEFAULT '',
  `kodepoksi` char(30) DEFAULT NULL,
  `modifier` char(10) DEFAULT NULL,
  `tgl_creator` datetime DEFAULT NULL,
  `tgl_modifier` datetime DEFAULT NULL,
  `creator` char(10) DEFAULT NULL,
  PRIMARY KEY (`idAktifitas`)
) ENGINE=InnoDB AUTO_INCREMENT=116 DEFAULT CHARSET=latin1 ROW_FORMAT=COMPACT;

#
# Data for table "tblaktifitas"
#

INSERT INTO `tblaktifitas` VALUES (1,2,'1200001','',NULL,'B','8741','KS','12000','1','2013-08-20 05:56:41','2013-09-19 10:50:08',NULL),(2,3,'1220001','',NULL,'B','10368','KS','12200',NULL,'2013-08-21 07:01:19',NULL,NULL),(3,4,'1240001','Penyelesaian tools monitoring compliance',NULL,'B','6001','KS','12400','1',NULL,'2013-09-10 05:36:45',NULL),(4,5,'1250001','Memproteksi kepentingan hukum Perusahaan',NULL,'B','10162','KS','12500','1','2013-08-21 03:10:57','2013-09-27 06:35:19',NULL),(5,92,'125010101','wegfwef',NULL,'B','7990A','KS','1250101',NULL,'2013-10-25 08:18:15',NULL,NULL),(6,92,'125010102','',NULL,'B','7990A','KS','1250101',NULL,'2013-10-30 09:00:59',NULL,NULL),(7,6,'1300001','Merencanakan, mengendalikan & mengkoordinasikan perumusan rencana strategis Internal Audit, pelaksanaan audit pd slrh unit bisnis, konsultan internal bg manajemen perusahaan   ',NULL,'B','10188','KS','13000','10188','2013-08-19 08:17:22','2013-10-02 09:06:28',NULL),(9,8,'2200001','Mengorganisasikan & mengkoordinir seluruh Pengad. Barng & Jasa Non Pembangunan melputi katalogisasi Mterial Master, Srvice Master, Master Harga Standard/HPS & Sourcing Sumber Baru ',NULL,'B','10084','KS','22000','1','2013-08-21 09:44:25','2013-09-27 06:36:09',NULL),(10,9,'2220001','Mengorganisasikan & mengkoordinir pengadaan brg  NSC & js Prwt non Pabrik meliputi katalogisasi Material Master, Servis Master,Master Hg Stndard/HPS & Sourcing sumber baru ',NULL,'B','9654','KS','22200','1','2013-08-21 08:22:32','2013-10-10 05:24:51',NULL),(11,10,'2230001','\'1. Ketersedian Material  100%\r\n\r\n2. Lead Time TOR Jasa max 20 hari >= 95%\r\n\r\n3. ITO NSC > 4 kali\r\n\r\n4. Level Inventory > 90%\r\n\r\n5. Deviasi EE Jasa < 10%     ',NULL,'B','11814','KS','22300','1','2013-08-21 10:00:31','2013-09-19 10:52:01',NULL),(12,11,'2240001','Mengendalikan penerimaan, pemeriksaan, penyimpanan, pemeliharaan, distribusi & pengendalian stok suku cadang & non suku cadang, brg limbah di gudang  ',NULL,'B','10957','KS','22400','1','2013-08-21 02:18:52','2013-09-27 06:44:10',NULL),(13,12,'2250001','Agar Biaya Pembebasan Barang Import tidak melebihi nilai yang sudah dianggarkan.',NULL,'B','10177','KS','22500','10177','2013-08-21 11:13:34','2013-10-22 08:58:55',NULL),(14,13,'2300001','Mengendalikan proses & menentukan strat.pembelian brg/pengadaan jasa guna memastikan proses pengadaan brg/jasa scr efektif&efisien sesuai prosedur, tepat ',NULL,'B','1','KS','23000','1','2013-08-21 04:42:15','2013-09-27 06:46:14',NULL),(15,14,'2320001','Mengendalikan Anggaran Cost Variable melalui proses pengadaan secara tepat harga, tepat waktu & memperkecil outstanding, serta meningkatkan jumlah kontrak  ',NULL,'B','8940','KS','23200','1','2013-08-21 05:33:23','2013-09-27 08:52:50',NULL),(16,15,'2330001','Memperkecil proses Purchase Order > HPS/OE   ',NULL,'B','4645','KS','23300','1','2013-08-21 04:25:09','2013-09-27 08:02:51',NULL),(17,16,'2340001','',NULL,'B','8651','KS','23400','1','2013-08-21 05:04:53','2013-09-27 08:03:25',NULL),(21,18,'3020001','Utk mnciptakan kndsi lingk krj yg aman, sehat srta mmpu mngurangi dmpak bruk thdp lingk dr kgiatan operasional & utk mnjamin slrh aspek K3LH sesuai dgn standar yg ditetapkn',NULL,'B','10152','KS','30200','1','2013-08-27 07:20:59','2013-09-27 08:53:34',NULL),(27,19,'3200001','Menjamin kualitas produk yang dikirim ke konsumen selalu sesuai standard spesifikasi dan kebutuhan konsumen secara konsisten ',NULL,'B','8009A','KS','32000','1','2013-08-23 08:09:28','2013-09-27 08:04:11',NULL),(28,20,'3220001','',NULL,'B','6563','KS','32200','1','2013-08-23 08:54:38','2013-10-25 05:08:05',NULL),(29,21,'3230001','',NULL,'B','10953','KS','32300','1','2013-08-23 06:32:21','2013-10-28 08:00:57',NULL),(30,22,'3240001','',NULL,'B','11177A','KS','32400',NULL,'2013-10-30 02:26:49',NULL,NULL),(31,23,'3250001','Mengorganisasikan dan mengkoordinasi kegiatan PK Proses dan produk jadi sesuai standard ',NULL,'B','7194','KS','32500','1','2013-08-23 08:26:12','2013-09-27 08:10:30',NULL),(35,24,'3300001','Minimalisasi kondisi yang tdk terutilisasi',NULL,'B','10949','KS','33000','1','2013-08-22 05:58:58','2013-09-27 08:11:09',NULL),(36,25,'3350001','Produksi sesuai rencana dari PPC, meningkatkan yield dan mengurangi NCP',NULL,'B','7445A','KS','33500','1','2013-08-22 10:37:19','2013-10-29 02:28:52',NULL),(37,26,'3360001','Mempertahankan Equipment Availability',NULL,'B','3791','KS','33600','1','2013-08-22 01:50:28','2013-09-27 08:18:44',NULL),(38,27,'3370001','Agar target S/RK Divisi Pabrik Billet Baja tercapai  ',NULL,'B','11438','KS','33700','1','2013-08-22 08:48:26','2013-09-27 08:19:09',NULL),(39,93,'337010101','',NULL,'B','11451','KS','3370101','7990','2013-09-30 11:42:03','2013-10-01 05:02:52',NULL),(40,28,'3400001','Merealisasikan PA,PR&QR  \r\n\r\n> target agar diperoleh OPE => target. ',NULL,'B','8962','KS','34000','8962','2013-08-26 05:08:52','2013-10-10 10:35:44',NULL),(41,29,'3420001','Mengorganisasikan dan mengkoordinasikan  kegiatan produksi Baja Lembaran Panas yang meliputi : operasi pengerolan, operasi pemotongan baja lembaran, peningkatan Yield Produksi, peningkatan kualitas produk, peningkatan kemampuan pabrik dalam berproduksi, peningkatan kualitas proses produksi guna meningkatkan hasil produksi sesuai order untuk mencapai target produksi yang telah ditetapkan',NULL,'B','6237','KS','34200',NULL,'2013-10-11 05:11:01',NULL,NULL),(42,30,'3430001','',NULL,'B','6601A','KS','34300','1','2013-08-26 06:46:50','2013-09-27 08:23:01',NULL),(43,31,'3450001','Mengorganisasi & mengkoordinasi aktivitas maintenance equipment ME,EL.COMP&INST & UTY shg kesiapan alat terpenuhi ',NULL,'B','9964A','KS','34500','1','2013-08-26 05:34:18','2013-09-27 08:25:58',NULL),(44,32,'3460001','Efisiensi biaya produksi ',NULL,'B','3879','KS','34600','1','2013-08-23 09:36:39','2013-09-27 08:27:54',NULL),(45,33,'3460101','',NULL,'B','9032','KS','34601','9032','2013-08-23 10:11:36','2013-10-11 08:37:30',NULL),(46,34,'3500001','Memikirkan, merumuskan, merekomendasikan dan melaksanakan strategi perawatan dan Energim kebijakan kesiapan peralatan pabrik, jasa perbengkelan, pengelolaan',NULL,'B','5223','KS','35000','1','2013-08-22 03:08:35','2013-09-27 08:28:50',NULL),(47,35,'3520001','Melakukan pekerjaan repair secara efektif untuk menunjang kehandalan dan kelancaran operasi pabrik',NULL,'B','8554','KS','35200','1','2013-08-22 08:37:54','2013-09-27 08:29:43',NULL),(48,36,'3530001','Mengkoordinasikan aktivitas engineering, perencanaan pek. jasa prwt pabrik, inspeksi teknik & maint. serta mengelola dok. teknik pabrik utk menunjang kehandalan',NULL,'B','10978','KS','35300','1','2013-08-22 05:39:04','2013-09-27 08:30:48',NULL),(49,37,'3540001','Menjamin pasokan gas alam untuk produksi, Mempercepat penyelesaian Work Order & Ketersediaan Gas Argon  ',NULL,'B','7178A','KS','35400','1','2013-08-22 06:13:09','2013-09-27 08:31:11',NULL),(50,38,'3550001','MEMBANTU MENINGKATKAN REALIBILITAS PABRIK SECARA EFEKTIF MELALUI TUPOKSI DIVISI MAINTENANCE PLANNING',NULL,'B','11446','KS','35500','11446','2013-08-22 04:49:40','2013-10-11 06:23:13',NULL),(52,39,'3600001','Evaluasi, monitoring & penetapan parameter & standar kinerja yg efisien & optimal di semua lini SCM',NULL,'B','10123','KS','36000','1','2013-08-23 03:05:06','2013-10-02 09:36:58',NULL),(58,40,'3620001','Evaluasi, monitoring & penetapan parameter dan standar kinerja yang efisien dan optimal di semua lini SCM',NULL,'B','10122','KS','36200','1','2013-08-23 05:28:58','2013-10-02 09:37:40',NULL),(60,43,'4200001','Optimalisasi penjualan domestik & ekspor produk HRC ke seluruh segmen sesuai target, strategi & kebijakan yg telah ditetapkan oleh Managemen  ',NULL,'B','8814','KS','42000','1','2013-08-29 04:51:47','2013-11-04 09:59:56',NULL),(62,44,'4220001','Maksimasi Composite Price dan Volume Penjualan',NULL,'B','10745','KS','42200','1','2013-08-29 05:20:20','2013-09-27 08:35:21',NULL),(63,45,'4230001','Optimalisasi volume & revenue penjualan ',NULL,'B','11795','KS','42300','1',NULL,'2013-09-27 08:36:00',NULL),(64,45,'4230002','Pengisian SRK',NULL,'B','11795','KS','42300',NULL,'2013-10-04 04:31:57',NULL,NULL),(65,47,'4320001','Menyediakan informasi pasar baja aktual scr menyeluruh, komprehensif & periodik guna menunjang upaya mempertahankan, mengembangkan & memperluas pangsa pasar   ',NULL,'B','6955','KS','43200','1','2013-08-29 06:27:51','2013-11-04 10:01:16',NULL),(66,48,'4330001','Mengorganisasi & mengkoordinir aktivitas penjualan guna menjamin pencapaian target penjualan   ',NULL,'B','11443','KS','43300','1','2013-08-29 07:04:46','2013-09-27 08:37:20',NULL),(67,94,'433010101','',NULL,'B','11443A','KS','4330101','1','2013-10-23 10:16:40','2013-10-28 05:03:00',NULL),(68,49,'4400001','Memikirkan, merumuskan, merekomendasikan & melaksanakan strategi & kebijakan MRD,  profitabilitas & produk, informasi pemasaran & adm penj serta PHP untuk  ',NULL,'B','9951A','KS','44000','1','2013-08-28 03:59:03','2013-11-04 10:02:35',NULL),(69,50,'4420001','Menyediakan infrmsi jangka panjang & pendek melalui penelitian & penyelidikan psr global maupun domestik guna mempertahankn, mengembangkan & memperluas pangsa psr',NULL,'B','10758','KS','44200','1',NULL,'2013-10-11 03:36:58',NULL),(70,51,'4430001','Mengorganisasikan & mengkoordinasikan proses analisis profitabilitas & produk, serta menyiapkan analisis data price untuk penetapan harga ',NULL,'B','9951','KS','44300','1','2013-08-28 04:34:25','2013-10-21 06:27:19',NULL),(71,52,'4440001','Mengintegrasikan SI & Transaksi pemasaran dgn akurat tepat waktu ',NULL,'B','9414','KS','44400','7990',NULL,'2013-09-26 05:23:08',NULL),(72,95,'444010104','ss',NULL,'B','9908','KS','4440101',NULL,'2013-09-25 09:33:33',NULL,NULL),(73,NULL,'4450001','Menjamin produk yang disimpan digudang tidak mengalami kerusakan dan memastikan status mutu produk melalui pemeriksaan secara periodik ',NULL,'B','8234','KS','44500','6879',NULL,'2013-09-16 05:42:35',NULL),(74,54,'5020001','Menjaga hubungan yang baik antara perusahaan dengan pihak eksternal yang mencakup para Analis Ekuitas dan Investor melalui update informasi kinerja perusahaan, peraturan pasar modal, industri baja serta informasi lain terkait perkembangan saham perusahaan sehingga dapat memberi nilai tambah pada saham perusahaan dan perdagangan saham tetap likuid',NULL,'B','8569','KS','50200','8569',NULL,'2013-10-22 09:46:37',NULL),(75,55,'5200001','Mengendalikan kegiatan catatan akuntansi perusahaan sbg bhn informsi bagi manajemen serta usaha2 peningkatan tingkat pengembalian investasi, mempercepat proses pembayaran klaim',NULL,'B','8088','KS','52000','7990',NULL,'2013-10-01 05:15:03',NULL),(76,56,'5220001','WAKTU PROSES VERIFIKASI DOKUMEN PEMBAYARAN PALING LAMBAT 14 HARI DARI BTTD',NULL,'B','11442','KS','52200','11442','2013-10-17 06:00:48','2013-10-17 06:25:06',NULL),(77,56,'5220002','KETEPATAN CLOSING FINANCE (FI) PALING LAMBAT TANGGAL 07 SETIAP BULANNYA ATAU SATU HARI SETELAH CLOSING CONTROLING (CO) (MATERIAL LEDGER)',NULL,'B','11442','KS','52200',NULL,'2013-10-17 06:03:43',NULL,NULL),(78,56,'5220003','KETEPATAN PENERBITAN LAPORAN KEUANGAN INDUK, BULANAN TANGGAL 12 ATAU 3 HARI SETELAH CLOSING GL',NULL,'B','11442','KS','52200',NULL,'2013-10-17 06:05:29',NULL,NULL),(79,56,'5220004','KETEPATAN PENERBITAN L/K KONSOLIDASI TRIWULANAN PALING LAMBATAKHIR BULAN BERIKUTNYA',NULL,'B','11442','KS','52200',NULL,'2013-10-17 06:06:42',NULL,NULL),(80,56,'5220005','KETEPATAN PENERBITAN LAPORAN KONSTRUKSI DAN ASET TETAP TANGGAL 10 BULAN BERIKUTNYA',NULL,'B','11442','KS','52200',NULL,'2013-10-17 06:08:00',NULL,NULL),(81,57,'5230001','Mengorganisasikan & mengkoordinasikan perencanaan, pengendalian serta peningkatan penyusunan RKAP & RJPP',NULL,'B','10739','KS','52300','7990',NULL,'2013-10-01 05:15:28',NULL),(82,58,'5240001','Mengoptimalkan fungsi control dalam mendukung kinerja keuangan yang cepat dan akurat',NULL,'B','11794','KS','52400','7990',NULL,'2013-10-01 05:15:48',NULL),(83,59,'5300001','',NULL,'B','6242A','KS','53000','7990',NULL,'2013-10-01 05:16:16',NULL),(84,60,'5320001','Mengendalikan & mengkoordinasikan kegiatan u/ mendapatkan sumber pembiayaan modal krj serta u/ menjamin & mengoptimalkan pengelolaan dana dgn tingkat risiko yg dpt ditrima',NULL,'B','10353','KS','53200','7990',NULL,'2013-10-01 05:17:06',NULL),(85,61,'5330001','Mengendlikan seluruh proses penerimaan dan pngluaran dna pershaan bsrta lporan-lprn yg terkait dgn pnerimaan dan pngluaran dna perusahaan',NULL,'B','8634','KS','53300','1',NULL,'2013-09-30 06:25:10',NULL),(86,62,'5340001','Menyelenggarakan kegiatan kewajibanpajak perusahaan, asuransi, bea impor, dan faktur tagihan sesuai dengan ketentuan yang berlaku   ',NULL,'B','6552','KS','53400','7990',NULL,'2013-10-01 05:17:42',NULL),(87,63,'5350001','Mengelola pengeluaran kas dg benar utk mengurangi risiko kehilangan asset dlm bentuk kas ',NULL,'B','9998','KS','53500','7990',NULL,'2013-10-01 05:18:16',NULL),(88,64,'5360001','Optimalisasi Pengendalian Jaminan & penerimaan penjualan ',NULL,'B','10339','KS','53600','7990',NULL,'2013-10-01 05:06:42',NULL),(89,96,'5370002','SYARAT  PENARIKAN  FASILITAS  ATAS  FINANCING UNTUK  PROYEK  REVITALISASI',NULL,'P','5423','KS','5370001','5423','2013-10-03 05:55:25','2013-10-08 04:52:59',NULL),(90,96,'5370003','SYARAT  PENARIKAN   ATAS  FINANCE  UNTUK PROYEK  PEMBANGUNAN  BLAST  FURNACE  COMPLEX',NULL,'P','5423','KS','5370001','5423','2013-10-03 06:00:00','2013-10-24 04:12:49',NULL),(91,96,'5370004','KETERLAMBATAN PENYELESAIAN   FINANCING   DOCUMENTS   UNTUK   FINANCING INVESTASI   PTKS',NULL,'P','5423','KS','5370001',NULL,'2013-10-03 06:02:21',NULL,NULL),(92,96,'5370005','KETERLAMBATAN PEMENUHAN   KEWAJIBAN   PELAPORAN   KEPADA   KREDITUR  & INSTANSI   TERKAIT',NULL,'P','5423','KS','5370001',NULL,'2013-10-03 06:04:08',NULL,NULL),(93,96,'5370006','ASISTENSI  &   ADVISORY   PEMBIAYAAN   PROYEK   JOINT VENTURE   KS-POSCO  &  PROYEK   PENGEMBANGAN   ANAK PERUSAHAAN',NULL,'P','5423','KS','5370001','5423','2013-10-03 06:06:24','2013-10-30 03:57:23',NULL),(94,65,'5400001','Memastikan pengendalian, pembinaan bisnis, sistem manaj., Penyelarasan RKAP & evaluasi kinerja keu & operasional anak perusahaan dan perusahaan patungan berjalan sbgmna mestinya',NULL,'B','10355','KS','54000','7990',NULL,'2013-10-01 05:08:57',NULL),(95,66,'5420001','Memastikan pengendalian, pembinaan bisnis, sistem manajemen, penyelarasan RKAP & evaluasi kinerja keuangan oprasional anak perusahaan  ',NULL,'B','10336','KS','54200','7990',NULL,'2013-10-01 05:09:48',NULL),(96,67,'5430001','',NULL,'B','8162','KS','54300','7990',NULL,'2013-10-01 05:10:37',NULL),(97,69,'5530001','Mengorganisasi, mengoordinasikan, mengonsolidasikan, merekomendasikan dan melaksanakan program kegiatan perencanaan dan pengembangan sistem otomasi yang mencakup bidang otomasi dasar, otomasi proses, MES dan aplikasi terkait beserta infrastrukturnya',NULL,'B','8155','KS','55300','7990',NULL,'2013-10-01 05:11:33',NULL),(98,70,'5540001','',NULL,'B','10112','KS','55400','7990',NULL,'2013-10-01 05:12:04',NULL),(99,72,'6020001','Menyalurkan Dana Program Kemitraan (Pro Job dan Pro Growth) dengan target Rp. 26,8 Milyar',NULL,'B','10077','KS','60200',NULL,'2013-10-11 04:39:52',NULL,NULL),(100,74,'6220001','',NULL,'B','5017','KS','62200','7990',NULL,'2013-10-01 05:07:22',NULL),(101,75,'6230001','meningkatkan motivasi & Prestasi kerja kary. & Mengembangkan kompetensi kary. sesuai kebutuhan perus ',NULL,'B','8251','KS','62300','7990',NULL,'2013-10-01 05:08:05',NULL),(102,98,'623010101','-',NULL,'B','8655A','KS','6230101','8655A','2013-10-09 10:40:47','2013-10-21 07:56:53',NULL),(103,76,'6300001','',NULL,'B','6880','KS','63000','7990',NULL,'2013-10-01 05:12:37',NULL),(104,77,'6320001','',NULL,'B','9343','KS','63200','7990',NULL,'2013-10-01 05:13:24',NULL),(105,78,'6330001','Mengkoordinasikan pelaksanaan penerapan kebijakan. (PKB & Peraturan Perundangan Ketenagakerjaan) ,Pelayanan terhadap karyawan, pembinaan Hubkar & Serikat di bidang ketenagakerjaan',NULL,'B','11789','KS','63300','7990',NULL,'2013-10-01 05:14:05',NULL),(106,79,'6340001','Mengendalikan kegiatan pelayanan,pemeliharaan,pengawasan&utilisasi thd brg2 bergerak & kendaraan utility serta brg tdk bergerak agar terpelihara & terpelihara dg baik        ',NULL,'B','11037','KS','63400','1',NULL,'2013-10-29 03:36:07',NULL),(107,99,'635010101','',NULL,'B','3723','KS','6350101',NULL,'2013-10-28 07:34:15',NULL,NULL),(108,82,'7020001','Optimalisasi dan effectifitas anggaran, Mengendalikan resources, monitoring, pengawasan & evaluasi proyek pengembangan & pembangunan   ',NULL,'B','10256','KS','70200',NULL,NULL,NULL,NULL),(109,83,'7200001','Menyusun atau Mereview Kajian Kelayakan ataa Rencana Projeck Baru atau Axisting',NULL,'B','6124','KS','72000',NULL,'2013-10-09 06:49:09',NULL,NULL),(110,85,'7230001','Mengorganisasikan, mengkoordinasikan, merekomendasikan dan melaksanakan pelayanan riset yang meliputi pengujian material, pengelolaan dan pengoperasian peralatan laboratorium pengujian material, uji simulasi serta publikasi dan pengelolaan informasi teknologi',NULL,'B','3813','KS','72300','1','2013-09-19 03:52:35','2013-10-08 05:52:14',NULL),(111,87,'7300001','Merencanakan pembangunan pabrik baru dan peningkatan fasilitas exsisting',NULL,'B','10143A','KS','73000',NULL,'2013-10-09 05:27:59',NULL,NULL),(112,88,'7320001','\"Mengorganisasikan, mengkoordinasikan, merekomendasikan & melaksanakan program & kegiatan perencanaan strategi & pengembangan bisnis perusahaan',NULL,'B','10143B','KS','73200','7990',NULL,'2013-10-09 04:05:29',NULL),(113,89,'7330001','-',NULL,'B','7674','KS','73300','7674',NULL,'2013-10-01 08:31:09',NULL),(114,90,'7400001','PROGRESS PENYELESAIAN FISIK PROYEK BLAST FURNACE',NULL,'P','11806','KS','74000',NULL,'2013-10-17 04:29:13',NULL,NULL),(115,85,'xx7230001','Ketepatan produksi sesuai Delivery Order, Mengoptimalkan level inventory bhn baku, Memaksimalkan utilisasi produk out thd order ',NULL,'B','6724','KS','72300','7990','2013-08-23 06:01:56','2013-09-20 05:38:14',NULL);

#
# Structure for table "tbldampak"
#

DROP TABLE IF EXISTS `tbldampak`;
CREATE TABLE `tbldampak` (
  `kodedampak` int(5) NOT NULL AUTO_INCREMENT,
  `dampakresiko` varchar(50) DEFAULT NULL,
  `kriteria` text,
  `idPerusahaan` char(10) NOT NULL DEFAULT '',
  `creator` char(10) DEFAULT NULL,
  `modifier` char(10) DEFAULT NULL,
  `tgl_creator` datetime DEFAULT NULL,
  `tgl_modifier` datetime DEFAULT NULL,
  PRIMARY KEY (`kodedampak`)
) ENGINE=InnoDB AUTO_INCREMENT=6 DEFAULT CHARSET=latin1 ROW_FORMAT=DYNAMIC;

#
# Data for table "tbldampak"
#

INSERT INTO `tbldampak` VALUES (1,'Tidak Signifikan','Kerugian kecil dibawah Rp. 1 Milyard','KS',NULL,NULL,NULL,NULL),(2,'Tidak terlalu Merugikan','Kerugian tidak terlalu besar diatas Rp. 1 Milyard sd Rp. 10 Milyard','KS',NULL,NULL,NULL,NULL),(3,'Merugikan','Kerugian diatas Rp. 10 Milyard sd Rp. 100 Milyard','KS',NULL,NULL,NULL,NULL),(4,'Sangat merugikan','Kerugain sangat besar diatas  Rp.100 Milyard sd Rp. 500 Milyard','KS',NULL,NULL,NULL,NULL),(5,'Bencana','Kerugian sangat besar diatas > Rp.500 Milyard','KS',NULL,NULL,NULL,NULL);

#
# Structure for table "tblkaryawan"
#

DROP TABLE IF EXISTS `tblkaryawan`;
CREATE TABLE `tblkaryawan` (
  `idKaryawan` int(11) NOT NULL AUTO_INCREMENT,
  `idCc` int(11) NOT NULL DEFAULT '0',
  `nik` varchar(20) NOT NULL DEFAULT '',
  `fullname` varchar(100) DEFAULT NULL,
  `jabatan` char(50) DEFAULT NULL,
  `idPerusahaan` varchar(10) NOT NULL DEFAULT '',
  `aktif` char(1) DEFAULT NULL,
  `telp` varchar(25) NOT NULL DEFAULT '',
  `usermail` varchar(50) NOT NULL DEFAULT '',
  `tgl_creator` datetime DEFAULT NULL,
  `tgl_modifier` datetime DEFAULT NULL,
  `creator` char(10) DEFAULT NULL,
  `modifier` char(10) DEFAULT NULL,
  PRIMARY KEY (`idKaryawan`),
  KEY `ccKaryawan` (`idCc`),
  CONSTRAINT `ccKaryawan` FOREIGN KEY (`idCc`) REFERENCES `cost_center` (`idCc`)
) ENGINE=InnoDB AUTO_INCREMENT=1000000 DEFAULT CHARSET=latin1 ROW_FORMAT=DYNAMIC;

#
# Data for table "tblkaryawan"
#

INSERT INTO `tblkaryawan` VALUES (1,1,'1','Admin Krakatausteel','DIREKTORAT UTAMA','KS','1','','',NULL,NULL,NULL,NULL),(2,1,'5965','SITA EVITA DEWI','Assistant to Direktur Utama','KS','1','','',NULL,NULL,NULL,NULL),(3,1,'5971','RADEN GUNAWAN','Assistant to Direktur Utama','KS','1','','',NULL,NULL,NULL,NULL),(4,1,'6275','HADIPURNOMO','Assistant to Direktur Utama','KS','1','','',NULL,NULL,NULL,NULL),(5,1,'6457','SUHARDIYANTO','Assistant to Direktur Utama','KS','1','','',NULL,NULL,NULL,NULL),(6,1,'7004','SUYOTO','Assistant to Direktur Utama','KS','1','','',NULL,NULL,NULL,NULL),(7,1,'7804','HOFMAN TAMBUNAN','Assistant to Direktur Utama','KS','1','','',NULL,NULL,NULL,NULL),(8,1,'8653','SONNY WITJAKSONO ISKANDAR','Assistant to Direktur Utama','KS','1','','',NULL,NULL,NULL,NULL),(9,1,'KS001','IRVAN K HAKIM','DIREKTORAT UTAMA','KS','1','','',NULL,NULL,NULL,NULL),(10,1,'10188A','KONTEA KUSTIANA','SPI','KS','1','','',NULL,NULL,NULL,NULL),(11,1,'90338','Mas Wahyu','Programer KIT','KS','1','','',NULL,NULL,NULL,NULL),(12,2,'3500','RACHMAWATI','Secretary of Director','KS','1','','',NULL,NULL,NULL,NULL),(13,2,'4465','SARIDJO','Specialist Document Active','KS','1','','',NULL,NULL,NULL,NULL),(14,2,'5390','IRA HURAIRAH','Specialist Document In Active','KS','1','','',NULL,NULL,NULL,NULL),(15,2,'5521','KENNY KAMELIA KAMAL','Secretary Of Director','KS','1','','',NULL,NULL,NULL,NULL),(16,2,'5548','DUDUNG SUKMANA','Staf Cor Sec Setingkat Foreman','KS','1','','',NULL,NULL,NULL,NULL),(17,2,'6727','FIRMAN NUR HIDAYAT','Chief Specialist Corporate Relation','KS','1','','',NULL,NULL,NULL,NULL),(18,2,'7058','PAULUS DWIYONO PRASOJO','Staf Cor Sec Setingkat Superintendent','KS','1','','',NULL,NULL,NULL,NULL),(19,2,'7062','ENDANG SETYATI LESTARINI','Secretary of Director','KS','1','','',NULL,NULL,NULL,NULL),(20,2,'7248','YUNI WIDYA NINGSIH','Secretary Of Director','KS','1','','',NULL,NULL,NULL,NULL),(21,2,'7666','DEDI MUHDI','Specialist Document Executive','KS','1','','',NULL,NULL,NULL,NULL),(22,2,'8083','YADIN','Officer Document In Active','KS','1','','',NULL,NULL,NULL,NULL),(23,2,'8648','RATMI NURANI','Secretary of Director','KS','1','','',NULL,NULL,NULL,NULL),(24,2,'8741','AHMAD JUPRI','Administrator Pemeliharaan SMKS','KS','1','','',NULL,NULL,NULL,NULL),(25,2,'8833','JAHURI','Officer Document Active','KS','1','','',NULL,NULL,NULL,NULL),(26,2,'8981','ANDI AHMAD SUYUDI','Superintendent Document Mgt','KS','1','','',NULL,NULL,NULL,NULL),(27,2,'9495','DENY ANWAR','Officer Penilaian Document In Aktiv','KS','1','','',NULL,NULL,NULL,NULL),(28,2,'9623','ANDI FIRDAUS','Corporate Secretary','KS','1','','',NULL,NULL,NULL,NULL),(29,2,'9753','TINI SUMARTINI','Secretary of President Director','KS','1','','',NULL,NULL,NULL,NULL),(30,2,'10146','MUHAMAD APRI PARAYOGI','Staf Cor Sec Setingkat Superintendent','KS','1','','',NULL,NULL,NULL,NULL),(31,2,'10155','ROHANAH','Secretary of President Director','KS','1','','',NULL,NULL,NULL,NULL),(32,2,'10170','HARY WIDYANTO','Staf Cor Sec Setingkat Supervisor','KS','1','','',NULL,NULL,NULL,NULL),(33,2,'10713','IIP ARIEF BUDIMAN','Staf Cor Sec Setingkat Manager','KS','1','','',NULL,NULL,NULL,NULL),(34,2,'10719','ARIE PUDYANTI SRI S.','Staf Cor Sec Setingkat Supervisor','KS','1','','',NULL,NULL,NULL,NULL),(35,2,'11727','YUNI ARDIANTI','Officer Penilaian Document Aktiv (Ors)','KS','1','','',NULL,NULL,NULL,NULL),(36,2,'93001395','ADITYA ARI NUGROHO','Staf Specialist Institut Relation (PKWT)','KS','1','','',NULL,NULL,NULL,NULL),(37,2,'U123','Unit GCG','Key Unit','KS','1','','',NULL,NULL,NULL,NULL),(38,3,'5620','RISMA PANJAITAN','Para Legal**','KS','1','','',NULL,NULL,NULL,NULL),(39,3,'9347','SIMON PETRUS LAPIAN','Sr Corporate Lawyer','KS','1','','',NULL,NULL,NULL,NULL),(40,3,'10053','NANO DARSONO','Legal Counsel','KS','1','','',NULL,NULL,NULL,NULL),(41,3,'10162','SITI NURHASANAH','Para Legal','KS','1','','',NULL,NULL,NULL,NULL),(42,3,'10716','PRIA UTAMA','Manager Legal Office','KS','1','','',NULL,NULL,NULL,NULL),(43,3,'10717','NUR DAMAYANTI','Corporate Lawyer','KS','1','','',NULL,NULL,NULL,NULL),(44,3,'10718','DIDA NUGRAHA','Sr Corporate Lawyer','KS','1','','',NULL,NULL,NULL,NULL),(45,3,'10720','RACHMAN HIDAYAT','Sr Corporate Lawyer','KS','1','','',NULL,NULL,NULL,NULL),(46,3,'11721','YUDISTIRA AFFANDI','Corporate Lawyer (Ors)','KS','1','','',NULL,NULL,NULL,NULL),(47,3,'11793','SHAUFY RAHMI','Corporate Lawyer (Ors)','KS','1','','',NULL,NULL,NULL,NULL),(48,4,'6001','DIDI BUDI PERMADI','Specialist Risk Management','KS','1','','',NULL,NULL,NULL,NULL),(49,4,'7634','MUHAMAD ARIEF YUSCANDAR','Sr Specialist GCG','KS','1','','',NULL,NULL,NULL,NULL),(50,4,'7990','SUMARDI','Specialist Risk Management','KS','1','','',NULL,NULL,NULL,NULL),(51,4,'10075','AMDANI','Sr Specialist GCG','KS','1','','',NULL,NULL,NULL,NULL),(52,4,'10207','SARAH ANGGIA POHAN','Specialist GCG','KS','1','','',NULL,NULL,NULL,NULL),(53,4,'10317','SURIADI ARIF','Manager GCG & Risk Management','KS','1','','',NULL,NULL,NULL,NULL),(54,5,'3870','A. HUMAEDI','Officer Protocolaire','KS','1','','',NULL,NULL,NULL,NULL),(55,5,'4779','BABAY MASRUROH','Sr Specialist External Communication','KS','1','','',NULL,NULL,NULL,NULL),(56,5,'5295','R. BAMBANG SULISTIONO','Officer Internal Communication','KS','1','','',NULL,NULL,NULL,NULL),(57,5,'5388','RT. ERI ZAIRINA','Specialist Protocolaire','KS','1','','',NULL,NULL,NULL,NULL),(58,5,'6626','SRI BUDI RESPATI','Officer Internal Communication','KS','1','','',NULL,NULL,NULL,NULL),(59,5,'6655','EKO DUMADI','Superintendent Protocolaire','KS','1','','',NULL,NULL,NULL,NULL),(60,5,'6759','IMAM SUGIARTO','Specialist Protocolaire','KS','1','','',NULL,NULL,NULL,NULL),(61,5,'6863','MASWARMAN','Sr Specialist Internal Communication**','KS','1','','',NULL,NULL,NULL,NULL),(62,5,'8600','MOHAMMAD TOHA','Sr Specialist Internal Communication','KS','1','','',NULL,NULL,NULL,NULL),(63,5,'9833','IWAN NURYADI','Specialist Corporate Event Mgt','KS','1','','',NULL,NULL,NULL,NULL),(64,5,'10240','WISNU KUNCARA','Manager Corporate Communication','KS','1','','',NULL,NULL,NULL,NULL),(65,5,'10285','EDY CAHYONO','Sr Specialist External Communication','KS','1','','',NULL,NULL,NULL,NULL),(66,5,'10361','EDI YUZWARDI','Sr Specialist Corporate Event Mgt','KS','1','','',NULL,NULL,NULL,NULL),(67,5,'10368','FIRMAN TAUFIQ','Specialist Corporate Event Mgt','KS','1','','',NULL,NULL,NULL,NULL),(68,5,'11467','DINA MEGANINGTYAS','Officer Corporate Event Management','KS','1','','',NULL,NULL,NULL,NULL),(69,5,'11720','VICKY MUHAMMAD ROSYAD F','Specialist External Communication (Ors)','KS','1','','',NULL,NULL,NULL,NULL),(70,5,'11787','DERY ALDY','Specialist Internal Communication (Ors)','KS','1','','',NULL,NULL,NULL,NULL),(71,5,'11830','FRANKY PAKPAHAN','Specialist Internal Communication (Ors)','KS','1','','',NULL,NULL,NULL,NULL),(72,6,'5562','JONSA ADENAN','Superintendent Project Administration','KS','1','','',NULL,NULL,NULL,NULL),(73,6,'6219','HERY HARYADI','Officer Project Reporting','KS','1','','',NULL,NULL,NULL,NULL),(74,6,'6667','EDWIN FAUZI','Specialist Project Inspector','KS','1','','',NULL,NULL,NULL,NULL),(75,6,'7398','MANSYUR','Officer Project Administration','KS','1','','',NULL,NULL,NULL,NULL),(76,6,'10127','MOHAMAD JAMIL','Specialist Project Resources Planning','KS','1','','',NULL,NULL,NULL,NULL),(77,6,'10256','GERSANG TARIGAN','Manager Project Management','KS','1','','',NULL,NULL,NULL,NULL),(78,6,'10626','DIAN HERDIANSYAH','Officer Project Administration','KS','1','','',NULL,NULL,NULL,NULL),(79,6,'10684','TB FERRY FIRDAUS','Superintendent Project Eva & Reporting','KS','1','','',NULL,NULL,NULL,NULL),(80,6,'11812','BAYU FRILYAN WAHDIAT','Specialist Project Inspector (Ors)','KS','1','','',NULL,NULL,NULL,NULL),(81,6,'11828','SYIFA QONITA','Specialist Project Administration (Ors)','KS','1','','',NULL,NULL,NULL,NULL),(82,7,'2575','WARSITO','Staf Bapelkes setingkat Supervisor','KS','1','','',NULL,NULL,NULL,NULL),(83,7,'3339','MOHHAMAD SALEH ASIKIN','Staf Non Aktif (Setingkat Foreman)','KS','1','','',NULL,NULL,NULL,NULL),(84,7,'3683','DIEN SYAMSUDIN','Manager Administrasi & Umum','KS','1','','',NULL,NULL,NULL,NULL),(85,7,'3723','TATANG MUCHTAR','Sr Specialist Corporate Culture Dev','KS','1','','',NULL,NULL,NULL,NULL),(86,7,'4275','H.S. PARJIYANTORO','Pet Arsip Medis','KS','1','','',NULL,NULL,NULL,NULL),(87,7,'4308','SAPNGATUN','Kabag Akuntansi & Faktur Rawat Jalan','KS','1','','',NULL,NULL,NULL,NULL),(88,7,'4454','DJASMIRI','Pet Loundry & Linen','KS','1','','',NULL,NULL,NULL,NULL),(89,7,'4670','FARAH MENTIKAI','Staf setingkat Superintendent','KS','1','','',NULL,NULL,NULL,NULL),(90,7,'4674','MARLENI','Kanit Medical Check Up','KS','1','','',NULL,NULL,NULL,NULL),(91,7,'4708','ABDULLAH HUSEIN','Staf setingkat General Manager','KS','1','','',NULL,NULL,NULL,NULL),(92,7,'4867','MAMAN ROCHMANUDIN','Sr System Programmer','KS','1','','',NULL,NULL,NULL,NULL),(93,7,'4873','MOHAMMAD SOLEH','Kadiv Cargo Handling','KS','1','','',NULL,NULL,NULL,NULL),(94,7,'4890','SUTARMAN','Pet Teknik Sipil','KS','1','','',NULL,NULL,NULL,NULL),(95,7,'4917','HERMANSYAH','Kadis Ekspedisi Cilegon','KS','1','','',NULL,NULL,NULL,NULL),(96,7,'4944','ALITORO','Staf setingkat Superintendent','KS','1','','',NULL,NULL,NULL,NULL),(97,7,'5027','SUHEDI','Staf PT PSB','KS','1','','',NULL,NULL,NULL,NULL),(98,7,'5044','CICIH JUARSIH','Bidan Klinik Pratama','KS','1','','',NULL,NULL,NULL,NULL),(99,7,'5052','BAMBANG PURNOMO','Staf Setingkat General Manager','KS','1','','',NULL,NULL,NULL,NULL),(100,7,'5062','EDI NUSIRWAN','Kadiv Pelayanan PTKS','KS','1','','',NULL,NULL,NULL,NULL),(101,7,'5063','MURNIATI MUNIR','Perawat Klinik Utama','KS','1','','',NULL,NULL,NULL,NULL),(102,7,'5076','HALSONO','Perawat Klinik Utama','KS','1','','',NULL,NULL,NULL,NULL),(103,7,'5077','IHSAN TOHA','Perawat Klinik Utama','KS','1','','',NULL,NULL,NULL,NULL),(104,7,'5080','IBRAHIM','Perawat Klinik Pratama','KS','1','','',NULL,NULL,NULL,NULL),(105,7,'5081','KARNAJAYA DP','Perawat Klinik Utama','KS','1','','',NULL,NULL,NULL,NULL),(106,7,'5082','SUPRIYATNA','Perawat Klinik Utama','KS','1','','',NULL,NULL,NULL,NULL),(107,7,'5086','SUHENDI','Perawat Klinik Utama','KS','1','','',NULL,NULL,NULL,NULL),(108,7,'5088','ANI SETIANINGSIH','Perawat Klinik Utama','KS','1','','',NULL,NULL,NULL,NULL),(109,7,'5141','PONTI FARI LARASATI','Asisten Kepala Instalasi Laboratorium','KS','1','','',NULL,NULL,NULL,NULL),(110,7,'5147','KOESDI RIANTI','Bidan Klinik Utama','KS','1','','',NULL,NULL,NULL,NULL),(111,7,'5148','SUPARMAN','Staf Bapelkes setingkat Supervisor','KS','1','','',NULL,NULL,NULL,NULL),(112,7,'5152','MIMI KUSMAYANI','Perawat Klinik Utama','KS','1','','',NULL,NULL,NULL,NULL),(113,7,'5158','DEDE SYAEFUDIN AZIZ','Tekniker Gigi','KS','1','','',NULL,NULL,NULL,NULL),(114,7,'5160','AWAL SANTOSO','Assistant to Direktur SDM & Umum','KS','1','','',NULL,NULL,NULL,NULL),(115,7,'5161','MUJI PRAYITNO','Kadiv Sistem Informasi Dana Pensiun','KS','1','','',NULL,NULL,NULL,NULL),(116,7,'5164','MOHAMAD RUSYDI','Direktur','KS','1','','',NULL,NULL,NULL,NULL),(117,7,'5173','DESRI MULYATI','Analis Kesehatan Pratama','KS','1','','',NULL,NULL,NULL,NULL),(118,7,'5232','SUTISNA','Asst Manager Akuntansi & SI','KS','1','','',NULL,NULL,NULL,NULL),(119,7,'5270','JOJO JOWAHIR','Manager Akuntansi & SI','KS','1','','',NULL,NULL,NULL,NULL),(120,7,'5301','MULYADI','Direktur Keuangan','KS','1','','',NULL,NULL,NULL,NULL),(121,7,'5344','ALI MUNIF','Staf Setingkat Superintendent','KS','1','','',NULL,NULL,NULL,NULL),(122,7,'5384','TITIN RUSTINI','Staf Setingkat Supervisor','KS','1','','',NULL,NULL,NULL,NULL),(123,7,'5385','ARIS SANTOSO BUDHI','Staf Bapelkes setingkat Supervisor','KS','1','','',NULL,NULL,NULL,NULL),(124,7,'5399','SETYO BUDHI SASONO','Analis Akuntansi Persd & Aktiva Tetap','KS','1','','',NULL,NULL,NULL,NULL),(125,7,'5407','MARTI YUERNI','Staf Bapelkes setingkat Supervisor','KS','1','','',NULL,NULL,NULL,NULL),(126,7,'5427','TETTY SUGIHARTATY','Analis Akuntansi & Faktur Rawat Inap','KS','1','','',NULL,NULL,NULL,NULL),(127,7,'5435','NOVIAL','Staf setingkat General Manager','KS','1','','',NULL,NULL,NULL,NULL),(128,7,'5436','SUCIPTO','Staf Setingkat Manager','KS','1','','',NULL,NULL,NULL,NULL),(129,7,'5449','NIZAR ACHMAD','Staf Setingkat General Manager','KS','1','','',NULL,NULL,NULL,NULL),(130,7,'5456','TONNO SAPOETRO','Direktur Pengembangan Usaha','KS','1','','',NULL,NULL,NULL,NULL),(131,7,'5491','ALOYSIUS SUNARNO','Staf setingkat Manager','KS','1','','',NULL,NULL,NULL,NULL),(132,7,'5538','AGUNG WIBOWO','Staf setingkat General Manager','KS','1','','',NULL,NULL,NULL,NULL),(133,7,'5545','PRIYO PRAPTONO','Pet Arsip Medis','KS','1','','',NULL,NULL,NULL,NULL),(134,7,'5625','NASRUDIN','Direktur Keuangan & Administrasi','KS','1','','',NULL,NULL,NULL,NULL),(135,7,'5632','ANDI SOKO SETIABUDI','Staf setingkat General Manager','KS','1','','',NULL,NULL,NULL,NULL),(136,7,'5640','TATI NURHAYATI','Staf setingkat Superintendent','KS','1','','',NULL,NULL,NULL,NULL),(137,7,'5646','NURCHAMDAN','Staf setingkat Manager','KS','1','','',NULL,NULL,NULL,NULL),(138,7,'5647','LUTFI AMRAN','Staf Setingkat Supervisor','KS','1','','',NULL,NULL,NULL,NULL),(139,7,'5743','AAN SUPRIANA','Staf Setingkat Superintendent','KS','1','','',NULL,NULL,NULL,NULL),(140,7,'5746','EKA KARTIKA','Staf Non Aktif(Setingkat Superintendent)','KS','1','','',NULL,NULL,NULL,NULL),(141,7,'5918','MUKHRIZAL','AP Pemeriksaan Operasional','KS','1','','',NULL,NULL,NULL,NULL),(142,7,'5927','HERY SULISTIONO','Staf Setingkat Superintendent','KS','1','','',NULL,NULL,NULL,NULL),(143,7,'5957','DIDI IRIAWAN','Staf Setingkat General Manager','KS','1','','',NULL,NULL,NULL,NULL),(144,7,'5978','YUDO WIDIYO','Asst Manager Pengembangan Dana','KS','1','','',NULL,NULL,NULL,NULL),(145,7,'5983','HERMAN HUSODO','Staf Bapelkes setingkat General Manager','KS','1','','',NULL,NULL,NULL,NULL),(146,7,'5985','SURYADI','Staf Setingkat Foreman','KS','1','','',NULL,NULL,NULL,NULL),(147,7,'6243','MUHAMMAD','Staf Setingkat General Manager','KS','1','','',NULL,NULL,NULL,NULL),(148,7,'6274','DWI SOEHARDJO','Direktur Keuangan & SDM','KS','1','','',NULL,NULL,NULL,NULL),(149,7,'6281','HARDIWINARNA PUJISETIAWAN','Staf Setingkat Superintendent','KS','1','','',NULL,NULL,NULL,NULL),(150,7,'6318','ACHMAD TAUFIK','Staf setingkat Manager','KS','1','','',NULL,NULL,NULL,NULL),(151,7,'6378','PASTI GINTING','Staf setingkat Manager','KS','1','','',NULL,NULL,NULL,NULL),(152,7,'6409','RAENI RATNANINGSIH','Kabag Akuntansi & Faktur Rawat Inap','KS','1','','',NULL,NULL,NULL,NULL),(153,7,'6442','ALI GHULBAH','Staf setingkat Supervisor','KS','1','','',NULL,NULL,NULL,NULL),(154,7,'6529','WISAPTONO','Staf Bapelkes setingkat Superintendent','KS','1','','',NULL,NULL,NULL,NULL),(155,7,'6534','IRWANDI BOER YACOUB','Business Analyst','KS','1','','',NULL,NULL,NULL,NULL),(156,7,'6556','RISTU TRIHERU WIDYATMADJI','Staf Setingkat Superintendent','KS','1','','',NULL,NULL,NULL,NULL),(157,7,'6641','SAID M NOOR','Staf Setingkat Supervisor','KS','1','','',NULL,NULL,NULL,NULL),(158,7,'6653','DUDI FACHREZI','Specialist Corporate Culture Development','KS','1','','',NULL,NULL,NULL,NULL),(159,7,'6654','HERI EDY HARYANTO','System Analyst','KS','1','','',NULL,NULL,NULL,NULL),(160,7,'6675','ACHMAD NASSER','Staf setingkat Manager','KS','1','','',NULL,NULL,NULL,NULL),(161,7,'6722','MOHAMMAD NAJIB','Assistant to Direktur SDM & Umum','KS','1','','',NULL,NULL,NULL,NULL),(162,7,'6758','SUTOYO','Koordiantor Peng Bongkar Muat','KS','1','','',NULL,NULL,NULL,NULL),(163,7,'6763','YUSDEKA PUTRA','Staf Setingkat General Manager','KS','1','','',NULL,NULL,NULL,NULL),(164,7,'6766','MAUDIN TUA SIMARMATA','Staf Setingkat Manager','KS','1','','',NULL,NULL,NULL,NULL),(165,7,'6776','ZURAIDAH','Business Analyst','KS','1','','',NULL,NULL,NULL,NULL),(166,7,'6777','ANWAR MANURUNG','System Analyst','KS','1','','',NULL,NULL,NULL,NULL),(167,7,'6854','TIRTA DJAJA','Staf Setingkat General Manager','KS','1','','',NULL,NULL,NULL,NULL),(168,7,'6855','HARRY PURNOMO','Staf Setingkat General Manager','KS','1','','',NULL,NULL,NULL,NULL),(169,7,'6856','WAYAH GIRI ISCHAK','Staf Setingkat General Manager','KS','1','','',NULL,NULL,NULL,NULL),(170,7,'6870','KOESNOHADI','Staf Setingkat General Manager','KS','1','','',NULL,NULL,NULL,NULL),(171,7,'6885','YUHELVIA','Dietisien Utama','KS','1','','',NULL,NULL,NULL,NULL),(172,7,'6888','WISNU KUNCORO','Direktur Utama','KS','1','','',NULL,NULL,NULL,NULL),(173,7,'6910','ARMIN','Staf Bapelkes setingkat Supervisor','KS','1','','',NULL,NULL,NULL,NULL),(174,7,'6911','ACIH YUNIARSIH','Kanit Melati (Perawatan II)','KS','1','','',NULL,NULL,NULL,NULL),(175,7,'6912','UBAIDIYAH','Perawat Klinik Pratama','KS','1','','',NULL,NULL,NULL,NULL),(176,7,'6915','YETTY MULYATI','Perawat Klinik Pratama','KS','1','','',NULL,NULL,NULL,NULL),(177,7,'6916','AL HIKMAH','Direktur Keuangan & SDM','KS','1','','',NULL,NULL,NULL,NULL),(178,7,'6918','SOFYAN AMIN','Staf Setingkat General Manager','KS','1','','',NULL,NULL,NULL,NULL),(179,7,'6929','WAWAN HERNAWAN','Staf Setingkat Manager','KS','1','','',NULL,NULL,NULL,NULL),(180,7,'6931','IMAN SUPANGAT','Staf setingkat Superintendent','KS','1','','',NULL,NULL,NULL,NULL),(181,7,'6948','KAMARUL HAJAR','Assistant to Direktur SDM & Umum','KS','1','','',NULL,NULL,NULL,NULL),(182,7,'6953','AGUS MUHAMMAD SATRIYO','Direktur Pengembangan','KS','1','','',NULL,NULL,NULL,NULL),(183,7,'7002','MUHAMMAD YUSUF MARHABAN','Staf Setingkat Manager','KS','1','','',NULL,NULL,NULL,NULL),(184,7,'7003','BAMBANG EDI SAPTONO','Staf setingkat Manager','KS','1','','',NULL,NULL,NULL,NULL),(185,7,'7010','AHMAD SOBANDI','Staf setingkat Manager','KS','1','','',NULL,NULL,NULL,NULL),(186,7,'7032','ERWIN','Direktur Keuangan & Umum','KS','1','','',NULL,NULL,NULL,NULL),(187,7,'7040','AGUS FAUZI','Analis Akuntansi & Faktur Rawat Inap','KS','1','','',NULL,NULL,NULL,NULL),(188,7,'7054','MUNTAHA','Pet Persediaan Obat & Alkes Rawat Inap','KS','1','','',NULL,NULL,NULL,NULL),(189,7,'7055','SUKIRNO','Pet Kasir Sentral','KS','1','','',NULL,NULL,NULL,NULL),(190,7,'7057','ATING SUTISNA','Pet Administrasi Rekam Medis','KS','1','','',NULL,NULL,NULL,NULL),(191,7,'7060','ENNY UTAYA','Staf Medis Fungsional Spesialistik','KS','1','','',NULL,NULL,NULL,NULL),(192,7,'7065','DUDUNG DEDI SUTANTO','Kadiv Shiping','KS','1','','',NULL,NULL,NULL,NULL),(193,7,'7204','MOHAMMAD NAZIRWAN','Staf Setingkat Foreman','KS','1','','',NULL,NULL,NULL,NULL),(194,7,'7221','PRELLY YUSTIANA','Staf Bapelkes setingkat Supervisor','KS','1','','',NULL,NULL,NULL,NULL),(195,7,'7222','MUNAWAR','Sr System Analyst','KS','1','','',NULL,NULL,NULL,NULL),(196,7,'7231','TJOKI HIDAYAT','Direktur Utama','KS','1','','',NULL,NULL,NULL,NULL),(197,7,'7233','DARIAHMAN MANALU','Staf setingkat Superintendent','KS','1','','',NULL,NULL,NULL,NULL),(198,7,'7351','RADEN PURDIYANTO','Staf Setingkat Superintendent','KS','1','','',NULL,NULL,NULL,NULL),(199,7,'7379','RAMADHI','Database Administrator','KS','1','','',NULL,NULL,NULL,NULL),(200,7,'7394','JUMARO','Staf setingkat Superintendent','KS','1','','',NULL,NULL,NULL,NULL),(201,7,'7655','DESI SURYANI','Perawat Gigi Pratama','KS','1','','',NULL,NULL,NULL,NULL),(202,7,'7669','EDI SISWANTO','Sr System Analyst','KS','1','','',NULL,NULL,NULL,NULL),(203,7,'7743','PRABOWO HENDRO WASISTO','Staf Setingkat Manager','KS','1','','',NULL,NULL,NULL,NULL),(204,7,'7747','HARTOYO','Staf Setingkat Superintendent','KS','1','','',NULL,NULL,NULL,NULL),(205,7,'7795','WIRATMA','Sr System Engineer','KS','1','','',NULL,NULL,NULL,NULL),(206,7,'7848','TOTO WARTONO','Staf Marketing & Customer Service','KS','1','','',NULL,NULL,NULL,NULL),(207,7,'7849','ABUBAKAR ZAINI','Direktur Keuangan & SDM','KS','1','','',NULL,NULL,NULL,NULL),(208,7,'7896','DODI MOCH. FACHRODJI','Staf Setingkat Foreman','KS','1','','',NULL,NULL,NULL,NULL),(209,7,'7975','ROODY PURWAREJA','Staf setingkat Superintendent','KS','1','','',NULL,NULL,NULL,NULL),(210,7,'8011','KRISNADI WIDIARTO','Sr System Analyst','KS','1','','',NULL,NULL,NULL,NULL),(211,7,'8018','DEWI HANDAYANI','Staf Setingkat Manager','KS','1','','',NULL,NULL,NULL,NULL),(212,7,'8028','NI SAYU KETUT SUARTINI','Perawat Klinik Pratama','KS','1','','',NULL,NULL,NULL,NULL),(213,7,'8029','YETI RUSMIATI','Analis Kesehatan Pratama','KS','1','','',NULL,NULL,NULL,NULL),(214,7,'8059','MULHADI','Staf Setingkat Superintendent','KS','1','','',NULL,NULL,NULL,NULL),(215,7,'8063','ADITYAS NIRMALA','Staf Setingkat General Manager','KS','1','','',NULL,NULL,NULL,NULL),(216,7,'8067','ABDULLAH IDRUS','Staf setingkat Manager','KS','1','','',NULL,NULL,NULL,NULL),(217,7,'8085','TOSSY AMITAS HARISENO','GM Pemasaran & Operasi','KS','1','','',NULL,NULL,NULL,NULL),(218,7,'8086','FAHERY','Staf Setingkat Supervisor','KS','1','','',NULL,NULL,NULL,NULL),(219,7,'8087','DANI CHANIFAN','Staff Setingkat Superintendent','KS','1','','',NULL,NULL,NULL,NULL),(220,7,'8089','DODI DRAJAT','Staf Bapelkes setingkat Superintendent','KS','1','','',NULL,NULL,NULL,NULL),(221,7,'8114','PARULIAN SINAGA','Staf Setingkat Manager','KS','1','','',NULL,NULL,NULL,NULL),(222,7,'8115','ANUGRAH RAHARDJO','Staf Setingkat Superintendent','KS','1','','',NULL,NULL,NULL,NULL),(223,7,'8117','SULISTYADI','Staf Setingkat Manager','KS','1','','',NULL,NULL,NULL,NULL),(224,7,'8126','SUHERMAN','Staf setingkat Superintendent','KS','1','','',NULL,NULL,NULL,NULL),(225,7,'8134','INDRA GUNAWAN','Staf Setingkat Superintendent','KS','1','','',NULL,NULL,NULL,NULL),(226,7,'8135','ALWAN','Staf Setingkat Superintendent','KS','1','','',NULL,NULL,NULL,NULL),(227,7,'8138','ARIEF SUHARTOMO','Staf setingkat Manager','KS','1','','',NULL,NULL,NULL,NULL),(228,7,'8141','NANANG SURYANA','Staf setingkat Manager','KS','1','','',NULL,NULL,NULL,NULL),(229,7,'8143','ACHWAN EFFENDI','Staf Setingkat General Manager','KS','1','','',NULL,NULL,NULL,NULL),(230,7,'8149','ZAENAL MUNTHOHA','Staf Setingkat Superintendent','KS','1','','',NULL,NULL,NULL,NULL),(231,7,'8150','BAMBANG SETYAWAN','Staf Setingkat Manager','KS','1','','',NULL,NULL,NULL,NULL),(232,7,'8164','RUDI ACHMID','Staf Bapelkes setingkat Superintendent','KS','1','','',NULL,NULL,NULL,NULL),(233,7,'8189','SUYANTO','Communication Engineer','KS','1','','',NULL,NULL,NULL,NULL),(234,7,'8190','SULAEMAN','System Engineer','KS','1','','',NULL,NULL,NULL,NULL),(235,7,'8238','HERY SUSANTO','Staf Setingkat Manager','KS','1','','',NULL,NULL,NULL,NULL),(236,7,'8267','HIFNI SYARIFUDDIN','Sr Communication Engineer','KS','1','','',NULL,NULL,NULL,NULL),(237,7,'8274','DUDU ABDULLAH','Kadiv Keuangan & SDM','KS','1','','',NULL,NULL,NULL,NULL),(238,7,'8279','NURJAMAN','Group Leader Corporate Culture Develop','KS','1','','',NULL,NULL,NULL,NULL),(239,7,'8337','BANGUN PRIBADI','Staf Setingkat Supervisor','KS','1','','',NULL,NULL,NULL,NULL),(240,7,'8342','UJANG MULYANA','Staf setingkat Foreman','KS','1','','',NULL,NULL,NULL,NULL),(241,7,'8445','HANDRITO IRIAN BHARATA','Staf Setingkat Manager','KS','1','','',NULL,NULL,NULL,NULL),(242,7,'8446','TUTUT PRASETYA','Staf Setingkat Superintendent','KS','1','','',NULL,NULL,NULL,NULL),(243,7,'8449','EDI PRIYANTO','Staf setingkat Manager','KS','1','','',NULL,NULL,NULL,NULL),(244,7,'8460','RADEN MAS HARTADI','Staf setingkat Superintendent','KS','1','','',NULL,NULL,NULL,NULL),(245,7,'8502','RONNE HENDRAJAYA','Staf setingkat Manager','KS','1','','',NULL,NULL,NULL,NULL),(246,7,'8504','EDI CAWARMAN','Kanit Sterilisasi Sentral & Gas Medis','KS','1','','',NULL,NULL,NULL,NULL),(247,7,'8510','SUGENG WAHYONO','System Analyst','KS','1','','',NULL,NULL,NULL,NULL),(248,7,'8511','THIO TAN FUNG','System Analyst','KS','1','','',NULL,NULL,NULL,NULL),(249,7,'8526','ALUGORO MULYOWAHYUDI','Staf setingkat General Manager','KS','1','','',NULL,NULL,NULL,NULL),(250,7,'8555','SONY WIDODO','Staf Setingkat Manager','KS','1','','',NULL,NULL,NULL,NULL),(251,7,'8559','M BANAMPERA','Staf Setingkat Manager','KS','1','','',NULL,NULL,NULL,NULL),(252,7,'8560','MOHAMMAD VIP HIDAYAT','Staf Setingkat Superintendent','KS','1','','',NULL,NULL,NULL,NULL),(253,7,'8573','CHUSNU FARIDA','Staf Setingkat Manager','KS','1','','',NULL,NULL,NULL,NULL),(254,7,'8580','BAMBANG NUGROHO','System Engineer Specialist','KS','1','','',NULL,NULL,NULL,NULL),(255,7,'8585','M MUCHLISH','Staf setingkat Superintendent','KS','1','','',NULL,NULL,NULL,NULL),(256,7,'8588','ZUSVELDI DALIMO','Staf setingkat Superintendent','KS','1','','',NULL,NULL,NULL,NULL),(257,7,'8589','HEDI SULYANTIADI','Sr System Analyst','KS','1','','',NULL,NULL,NULL,NULL),(258,7,'8591','PRAYOGA','Staf setingkat Manager','KS','1','','',NULL,NULL,NULL,NULL),(259,7,'8599','ZAINAL MUTTAQIEN','Staf setingkat Manager','KS','1','','',NULL,NULL,NULL,NULL),(260,7,'8617','ALI KHUMAIDI','Staf setingkat Pelaksana','KS','1','','',NULL,NULL,NULL,NULL),(261,7,'8642','ASA TANI','Staf setingkat Manager','KS','1','','',NULL,NULL,NULL,NULL),(262,7,'8680','NANA SURYANA','Staf Setingkat Foreman','KS','1','','',NULL,NULL,NULL,NULL),(263,7,'8795','IWAN PRIADARMAWAN','Staf Setingkat Manager','KS','1','','',NULL,NULL,NULL,NULL),(264,7,'9051','A. TONY HARSO PRAMONO','Staf setingkat Manager','KS','1','','',NULL,NULL,NULL,NULL),(265,7,'9083','BAMBANG NUR ALAM','Kadis Pendanaan','KS','1','','',NULL,NULL,NULL,NULL),(266,7,'9122','EDI SISWANTO','Staf Non Aktif (Setingkat Pelaksana)','KS','1','','',NULL,NULL,NULL,NULL),(267,7,'9169','L. REKSO SOENARYO','Kabid Sistem Informasi','KS','1','','',NULL,NULL,NULL,NULL),(268,7,'9181','MAULANA RUSLI','Staf Setingkat Superintendent','KS','1','','',NULL,NULL,NULL,NULL),(269,7,'9361','DIKDIK TRIYADI','Staf setingkat Superintendent','KS','1','','',NULL,NULL,NULL,NULL),(270,7,'9364','ZULSAFRIN INDRA','Staf Setingkat Superintendent','KS','1','','',NULL,NULL,NULL,NULL),(271,7,'9409','PURWONO WIDODO','Direktur Utama','KS','1','','',NULL,NULL,NULL,NULL),(272,7,'9418','MOCHAMMAD ANAS','Staf Setingkat Foreman','KS','1','','',NULL,NULL,NULL,NULL),(273,7,'9435','TB DONY SUGIHMUKTI','Direktur Pengembangan Usaha','KS','1','','',NULL,NULL,NULL,NULL),(274,7,'9494','RAMLIA KABAN','Staf Setingkat Manager','KS','1','','',NULL,NULL,NULL,NULL),(275,7,'9580','ARI HADI MULYADI','Staf setingkat Supervisor','KS','1','','',NULL,NULL,NULL,NULL),(276,7,'9622','DARU PRAMONO','Sr System Analyst','KS','1','','',NULL,NULL,NULL,NULL),(277,7,'9631','AHMAD ZARKASYI','Staf Setingkat Superintendent','KS','1','','',NULL,NULL,NULL,NULL),(278,7,'9635','SOPAR RINOF PURBA','Staf setingkat Superintendent','KS','1','','',NULL,NULL,NULL,NULL),(279,7,'9645','GUSTAF MUDA OLOAN','Staf Setingkat Superintendent','KS','1','','',NULL,NULL,NULL,NULL),(280,7,'9694','AIDUN DUDUNG HERIANTO','Staf setingkat Superintendent','KS','1','','',NULL,NULL,NULL,NULL),(281,7,'9696','AKMALUDIN','Direktur Perencanaan & Niaga','KS','1','','',NULL,NULL,NULL,NULL),(282,7,'9709','IMAM PRASODJO','Kadiv Competence Center KHS','KS','1','','',NULL,NULL,NULL,NULL),(283,7,'9712','ARIF SUGIYONO','Staf Setingkat Superintendent','KS','1','','',NULL,NULL,NULL,NULL),(284,7,'9715','SLAMET GUNAWAN','Direktur Keuangan & Umum','KS','1','','',NULL,NULL,NULL,NULL),(285,7,'9769','SUGIANTO','Perawat Klinik Utama','KS','1','','',NULL,NULL,NULL,NULL),(286,7,'9790','KOMAR BENYAMIN','Staf setingkat Manager','KS','1','','',NULL,NULL,NULL,NULL),(287,7,'9856','SUHARDI SLAMET','Staf Dept SDM & Umum','KS','1','','',NULL,NULL,NULL,NULL),(288,7,'9890','ANNA MAULANA','Staf setingkat Superintendent','KS','1','','',NULL,NULL,NULL,NULL),(289,7,'9909','DIDIT ARYADI SIGIT','Staf setingkat Manager','KS','1','','',NULL,NULL,NULL,NULL),(290,7,'9930','FELLA RAFAEL','Staf setingkat Superintendent','KS','1','','',NULL,NULL,NULL,NULL),(291,7,'9937','HARINI TRIYANTARI','Staf Bapelkes setingkat Manager','KS','1','','',NULL,NULL,NULL,NULL),(292,7,'9957','CHRISTIAN SADHONO PUTRO','Staf setingkat Manager','KS','1','','',NULL,NULL,NULL,NULL),(293,7,'9976','TONNY SIAHAAN','Perawat Klinik Utama','KS','1','','',NULL,NULL,NULL,NULL),(294,7,'9982','PRIANDOKO','Staf setingkat Manager','KS','1','','',NULL,NULL,NULL,NULL),(295,7,'9983','RADEN AJENG DIAH PERTIWI','Staf Medis Fungsional Spesialistik','KS','1','','',NULL,NULL,NULL,NULL),(296,7,'9984','DWI MURDIJANTO SUTOPO','Staf Setingkat Manager','KS','1','','',NULL,NULL,NULL,NULL),(297,7,'9986','SARWONO','Staf setingkat Superintendent','KS','1','','',NULL,NULL,NULL,NULL),(298,7,'9992','MIEKE LYDIA TARCK','Staf setingkat Superintendent','KS','1','','',NULL,NULL,NULL,NULL),(299,7,'9995','FERRY KURNIANTO','Direktur Keuangan & Administrasi','KS','1','','',NULL,NULL,NULL,NULL),(300,7,'10000','WURTJAHJO','Staf setingkat Manager','KS','1','','',NULL,NULL,NULL,NULL),(301,7,'10006','TJANDRA BUDIMAN','Staf Setingkat General Manager','KS','1','','',NULL,NULL,NULL,NULL),(302,7,'10010','KUNDOYO','System Engineer','KS','1','','',NULL,NULL,NULL,NULL),(303,7,'10031','MULYADI','Sr System Analyst','KS','1','','',NULL,NULL,NULL,NULL),(304,7,'10061','JOKO HARDIANTO','Group Head','KS','1','','',NULL,NULL,NULL,NULL),(305,7,'10078','MA\'RUF SJIVA HIDAYAT','Staf Setingkat Foreman','KS','1','','',NULL,NULL,NULL,NULL),(306,7,'10085','HERIANTO','Staf setingkat Superintendent','KS','1','','',NULL,NULL,NULL,NULL),(307,7,'10109','MAKMUN','Staf setingkat Manager','KS','1','','',NULL,NULL,NULL,NULL),(308,7,'10136','NAZRUL RAMADHANSYAH','Sr System Analyst','KS','1','','',NULL,NULL,NULL,NULL),(309,7,'10137','ROSUL HAJI','Sr System Analyst','KS','1','','',NULL,NULL,NULL,NULL),(310,7,'10138','EDIE PRASETYA','Sr System Programmer','KS','1','','',NULL,NULL,NULL,NULL),(311,7,'10139','SUPRIYADI','Pemeriksa Madya','KS','1','','',NULL,NULL,NULL,NULL),(312,7,'10142','YUSUF WIBISANA','Staf Setingkat Supervisor','KS','1','','',NULL,NULL,NULL,NULL),(313,7,'10147','WIJANARKO','Asisten Kepala Instalasi radiologi','KS','1','','',NULL,NULL,NULL,NULL),(314,7,'10165','EKO BUDI SETIYANTO','Staf Bapelkes setingkat General Manager','KS','1','','',NULL,NULL,NULL,NULL),(315,7,'10166','BAMBANG WAHYUAGUNG','Staf setingkat Manager','KS','1','','',NULL,NULL,NULL,NULL),(316,7,'10186','AGUS SUTAN KAHARUDIN','Staf setingkat Superintendent','KS','1','','',NULL,NULL,NULL,NULL),(317,7,'10192','HERU SWASONO','Staf setingkat Superintendent','KS','1','','',NULL,NULL,NULL,NULL),(318,7,'10214','GUNAWAN SETYADI','Staf Setingkat Manager','KS','1','','',NULL,NULL,NULL,NULL),(319,7,'10216','MURTYASTANTO','Staf Setingkat Manager','KS','1','','',NULL,NULL,NULL,NULL),(320,7,'10224','SUARDI','Staf setingkat Manager','KS','1','','',NULL,NULL,NULL,NULL),(321,7,'10227','WAWAN SETIAWAN','Staf Setingkat Superintendent','KS','1','','',NULL,NULL,NULL,NULL),(322,7,'10237','SAMSUL HADI HANAFI','Staf Setingkat Superintendent','KS','1','','',NULL,NULL,NULL,NULL),(323,7,'10238','ANTON FIRDAUS','Staf Setingkat General Manager','KS','1','','',NULL,NULL,NULL,NULL),(324,7,'10249','PUTU WISASTRA','Staf Setingkat Superintendent','KS','1','','',NULL,NULL,NULL,NULL),(325,7,'10253','IRZAN R DJAFAR','Staf Setingkat Superintendent','KS','1','','',NULL,NULL,NULL,NULL),(326,7,'10265','ARIEF NUGRAHA','Staf setingkat Superintendent','KS','1','','',NULL,NULL,NULL,NULL),(327,7,'10268','RR NIVO NARULITA YUNINDA','Assistant to Direktur SDM & Umum','KS','1','','',NULL,NULL,NULL,NULL),(328,7,'10271','DESRIYANTO','Staf setingkat Superintendent','KS','1','','',NULL,NULL,NULL,NULL),(329,7,'10282','ARIEF TIASLAKSONO','Staf Setingkat Superintendent','KS','1','','',NULL,NULL,NULL,NULL),(330,7,'10286','IWG  DARMAYADI','Staf Setingkat Superintendent','KS','1','','',NULL,NULL,NULL,NULL),(331,7,'10292','EKA SYUHADA','Staf setingkat Manager','KS','1','','',NULL,NULL,NULL,NULL),(332,7,'10293','TAUFIK','Staf setingkat Manager','KS','1','','',NULL,NULL,NULL,NULL),(333,7,'10296','MITA HIMAWATI','Staff Setingkat Manager','KS','1','','',NULL,NULL,NULL,NULL),(334,7,'10297','MUHAMMAD RIDJAL','Assistant to Direktur SDM & Umum','KS','1','','',NULL,NULL,NULL,NULL),(335,7,'10301','DWI RAHARDJO','Staf Setingkat Supervisor','KS','1','','',NULL,NULL,NULL,NULL),(336,7,'10303','R NANDANG SUKANDAR','Staf setingkat Manager','KS','1','','',NULL,NULL,NULL,NULL),(337,7,'10311','ANANG SYA\'RONI','Staf Setingkat Manager','KS','1','','',NULL,NULL,NULL,NULL),(338,7,'10316','EDJIE DJAUHARI','Staf setingkat Manager','KS','1','','',NULL,NULL,NULL,NULL),(339,7,'10328','DHENY SUSETYA','Staf setingkat Manager','KS','1','','',NULL,NULL,NULL,NULL),(340,7,'10329','TRIONO','Staf Bapelkes setingkat Superintendent','KS','1','','',NULL,NULL,NULL,NULL),(341,7,'10332','ALFA ENERSI','Staf Setingkat Superintendent','KS','1','','',NULL,NULL,NULL,NULL),(342,7,'10340','HARIS NASUKHA','Staf setingkat Superintendent','KS','1','','',NULL,NULL,NULL,NULL),(343,7,'10346','BUDI HARYOKO','Staf Setingkat Superintendent','KS','1','','',NULL,NULL,NULL,NULL),(344,7,'10348','NOOR FUAD','Staf setingkat Manager','KS','1','','',NULL,NULL,NULL,NULL),(345,7,'10350','YANHANDRI','Staf setingkat Superintendent','KS','1','','',NULL,NULL,NULL,NULL),(346,7,'10352','IRVAN MUHSON JAUHARI','Staf Setingkat Superintendent','KS','1','','',NULL,NULL,NULL,NULL),(347,7,'10354','RIDWAN','Staf Setingkat Superintendent','KS','1','','',NULL,NULL,NULL,NULL),(348,7,'10382','ASEP TAUFIKULLOH','Staf Setingkat Foreman','KS','1','','',NULL,NULL,NULL,NULL),(349,7,'10621','DWI PRAWOTO','Staf Setingkat Foreman','KS','1','','',NULL,NULL,NULL,NULL),(350,7,'10638','YUDI PERMANADI KUSUMAH','Staf setingkat Pelaksana','KS','1','','',NULL,NULL,NULL,NULL),(351,7,'10694','KUNTO RADJOSO','Staf Setingkat Superintendent','KS','1','','',NULL,NULL,NULL,NULL),(352,7,'10702','HAPPY SAEFUL RAHMAN','Staf setingkat Superintendent','KS','1','','',NULL,NULL,NULL,NULL),(353,7,'10710','ASEP AHMAD SOLIHUDIN','Staf Setingkat Superintendent','KS','1','','',NULL,NULL,NULL,NULL),(354,7,'10721','NOVITA YUSNIATY','Staf setingkat Superintendent','KS','1','','',NULL,NULL,NULL,NULL),(355,7,'10740','DEIDIN AGUNG SAPTA NOVIAWAN','Staf setingkat Superintendent','KS','1','','',NULL,NULL,NULL,NULL),(356,7,'10743','RANY ANGGRAINY','Staf setingkat Superintendent','KS','1','','',NULL,NULL,NULL,NULL),(357,7,'10759','FABIAN IMANASA AZOF','Staf setingkat Supervisor','KS','1','','',NULL,NULL,NULL,NULL),(358,7,'10913','VIDI ZULFIKAR','Staf Setingkat Pelaksana','KS','1','','',NULL,NULL,NULL,NULL),(359,7,'10921','ADE DESI SAFRIYANTI','Staf Bapelkes setingkat Foreman','KS','1','','',NULL,NULL,NULL,NULL),(360,7,'10922','SYAMSUL MAARIF','Staf Bapelkes setingkat Foreman','KS','1','','',NULL,NULL,NULL,NULL),(361,7,'10923','AHMAD KURNIAWAN','Staf Bapelkes setingkat Foreman','KS','1','','',NULL,NULL,NULL,NULL),(362,7,'10924','ANDI ARIEF SURAHMAT','Staf Bapelkes setingkat Foreman','KS','1','','',NULL,NULL,NULL,NULL),(363,7,'11087','LUCKY AULIYA','Staf Non Aktif (Setingkat Pelaksana)','KS','1','','',NULL,NULL,NULL,NULL),(364,7,'11320','BARMAWI','Staf Non Aktif (Setingkat Pelaksana)','KS','1','','',NULL,NULL,NULL,NULL),(365,7,'11719','IRVIN FERDIANSYAH BUJANG','Staf Setingkat Supervisor (Ors)','KS','1','','',NULL,NULL,NULL,NULL),(366,8,'4728','WIDIE HARTINAH','Staf HC Adm & GA Setingkat Foreman','KS','1','','',NULL,NULL,NULL,NULL),(367,8,'4769','MAD ISHAK','Administrator Pemeliharaan SMKS','KS','1','','',NULL,NULL,NULL,NULL),(368,8,'4954','DEDY MULYADI','Staf HC Adm & GA Setingkat Supervisor','KS','1','','',NULL,NULL,NULL,NULL),(369,8,'4971','PATAYASIN','Staf HC Adm & GA Setingkat Supervisor','KS','1','','',NULL,NULL,NULL,NULL),(370,8,'5308','DEDI RUSTANDI','Staf HC Adm & GA Setingkat Supervisor','KS','1','','',NULL,NULL,NULL,NULL),(371,8,'5334','BAMBANG SUCAHYO','Staf HC Adm & GA Setingkat Supervisor','KS','1','','',NULL,NULL,NULL,NULL),(372,8,'6259','ASEP SASTRAMIHARJA','Staf HC Adm & GA Setingkat Supervisor','KS','1','','',NULL,NULL,NULL,NULL),(373,8,'6260','ADANG SUHERMAN','Staf HC Adm & GA Setingkat Supervisor','KS','1','','',NULL,NULL,NULL,NULL),(374,8,'6286','ASIAH','Staf HC Adm & GA Setingkat Foreman','KS','1','','',NULL,NULL,NULL,NULL),(375,8,'6880','BAMBANG WIDIYATMOKO','Staf HC Adm& GA Setingkat Superintendent','KS','1','','',NULL,NULL,NULL,NULL),(376,8,'8080','AAN ASNAWATI','Staf HC Adm & GA Setingkat Foreman','KS','1','','',NULL,NULL,NULL,NULL),(377,8,'8110','JUMIATUN','Staf HC Adm & GA Setingkat Supervisor','KS','1','','',NULL,NULL,NULL,NULL),(378,8,'9106','BENNY NASRULLAH B','Staf HC Adm& GA Setingkat Superintendent','KS','1','','',NULL,NULL,NULL,NULL),(379,8,'10295','AGUS NIZAR VIDIANSYAH','General Manager HC Adm & General Affair','KS','1','','',NULL,NULL,NULL,NULL),(380,8,'10566','UJANG SAEFULLAH','Staf HC Adm& GA Setingkat  Petugas','KS','1','','',NULL,NULL,NULL,NULL),(381,9,'3653','HERY MUDJI SARWONO','Sr Specialist Organization Design','KS','1','','',NULL,NULL,NULL,NULL),(382,9,'4928','DADANG MULYANA','Sr Specialist Organization Design','KS','1','','',NULL,NULL,NULL,NULL),(383,9,'5017','PARYANTO','Specialist Organization Design','KS','1','','',NULL,NULL,NULL,NULL),(384,9,'5054','I KETUT RUASTIKA','Manager Organization Design & HCP','KS','1','','',NULL,NULL,NULL,NULL),(385,9,'8229','ERWIN SUTEJA KUSUMA','Sr Specialist Organization Design','KS','1','','',NULL,NULL,NULL,NULL),(386,9,'8655','YONGKI YUSUF BRATADIREJA','Specialist Human Capital Planning','KS','1','','',NULL,NULL,NULL,NULL),(387,9,'9845','ABD RAGIB RASYID','Specialist Management Outsourcing','KS','1','','',NULL,NULL,NULL,NULL),(388,9,'10248','SUDIYETNO','Superintendent Human Capital Planning','KS','1','','',NULL,NULL,NULL,NULL),(389,9,'10542','AMIRUDIN','Officer Human Capital Planning','KS','1','','',NULL,NULL,NULL,NULL),(390,9,'10961','UCU SAADAH','Specialist Human Capital Planning','KS','1','','',NULL,NULL,NULL,NULL),(391,9,'10972','ILHAM BASHIRUDIN','Specialist Organization Design','KS','1','','',NULL,NULL,NULL,NULL),(392,9,'11489','ANDRI','Specialist Organization Design (Ors)','KS','1','','',NULL,NULL,NULL,NULL),(393,9,'11752','ENDAH FAJARWATI ADAWIYAH','Officer Organization Design (Ors)','KS','1','','',NULL,NULL,NULL,NULL),(394,10,'4293','MOH. ARIEF CHANAFI','Sr Specialist HC Integration & Adm','KS','1','','',NULL,NULL,NULL,NULL),(395,10,'4577','ALI ARIFIN','Superintendent Ind Relation& Integration','KS','1','','',NULL,NULL,NULL,NULL),(396,10,'5225','NINA SUMARNI','Officer Health Care Prom & Prov Control','KS','1','','',NULL,NULL,NULL,NULL),(397,10,'5395','UJANG HIBAR','Supervisor Intergoverment & Ind Relation','KS','1','','',NULL,NULL,NULL,NULL),(398,10,'6354','HADI SUBAGIO','Specialist HC Communication & Counseling','KS','1','','',NULL,NULL,NULL,NULL),(399,10,'6937','ENGKOS KOSASIH','Superintendent Personnel Services','KS','1','','',NULL,NULL,NULL,NULL),(400,10,'6981','ANANG SURYANA','Supervisor Time Management & Services II','KS','1','','',NULL,NULL,NULL,NULL),(401,10,'7013','YULIAS NUGROHOWATI','Supervisor Welfare Administration','KS','1','','',NULL,NULL,NULL,NULL),(402,10,'7226','SUGIYAMTO','Supervisor Personnel Data Master Mtc','KS','1','','',NULL,NULL,NULL,NULL),(403,10,'7439','SUHAIDI','Specialist HC Communication & Counseling','KS','1','','',NULL,NULL,NULL,NULL),(404,10,'7452','NURUDIN','Officer Time Management & Services III','KS','1','','',NULL,NULL,NULL,NULL),(405,10,'7555','PARWAN','Officer Time Management & Services III','KS','1','','',NULL,NULL,NULL,NULL),(406,10,'7658','BUDI RAHMAT','Manager Human Capital Integration & Adm','KS','1','','',NULL,NULL,NULL,NULL),(407,10,'8001','SUWITO','Officer Payroll','KS','1','','',NULL,NULL,NULL,NULL),(408,10,'8025','RATU ETY SUHARTINY','Officer Health Care Administration','KS','1','','',NULL,NULL,NULL,NULL),(409,10,'8199','DARYANTO','Supervisor Health Care Prom & Prov Contr','KS','1','','',NULL,NULL,NULL,NULL),(410,10,'8277','R. BAMBANG SISWANTO','Supervisor Time Management& Services III','KS','1','','',NULL,NULL,NULL,NULL),(411,10,'8328','HARYONO','Superintendent HC Adm & Data Master','KS','1','','',NULL,NULL,NULL,NULL),(412,10,'8382','IRIAMAN','Specialist HC Communication & Counseling','KS','1','','',NULL,NULL,NULL,NULL),(413,10,'8633','RUSTONO','Supervisor HC Document Administration','KS','1','','',NULL,NULL,NULL,NULL),(414,10,'8693','MADNOH','Officer Time Management & Services I','KS','1','','',NULL,NULL,NULL,NULL),(415,10,'8742','SUDJADI','Specialist Insurance Analysis','KS','1','','',NULL,NULL,NULL,NULL),(416,10,'8752','NURDIN','Officer Intergoverment & Ind Relation','KS','1','','',NULL,NULL,NULL,NULL),(417,10,'8910','WIDODO','Superintendent Payroll & Insurance','KS','1','','',NULL,NULL,NULL,NULL),(418,10,'9266','MUHAIRIN','Officer Welfare Administration','KS','1','','',NULL,NULL,NULL,NULL),(419,10,'9386','ABAS','Officer Health Care Administration','KS','1','','',NULL,NULL,NULL,NULL),(420,10,'9444','SUYANTO','Supervisor Health Care Administration','KS','1','','',NULL,NULL,NULL,NULL),(421,10,'9517','ZULKARNAIN','Officer Time Evaluation & Travel Mgt','KS','1','','',NULL,NULL,NULL,NULL),(422,10,'9663','WARSONO','Superintendent Health Care & Welfare','KS','1','','',NULL,NULL,NULL,NULL),(423,10,'9803','JULYANA WAKKARY','Specialist Visa & Passport Arragement','KS','1','','',NULL,NULL,NULL,NULL),(424,10,'9824','RUSDI','Officer Time Evaluation & Travel Mgt','KS','1','','',NULL,NULL,NULL,NULL),(425,10,'9843','ANTHONY BASTIAN T.','Supervisor Time & Travel Mgt Jkt Office','KS','1','','',NULL,NULL,NULL,NULL),(426,10,'9899','SUDARSONO','Supervisor Time Management & Services I','KS','1','','',NULL,NULL,NULL,NULL),(427,10,'10366','RIDWAN','Supervisor Human Capital Monitoring','KS','1','','',NULL,NULL,NULL,NULL),(428,10,'10404','SUNARTO','Officer Time Management & Services II','KS','1','','',NULL,NULL,NULL,NULL),(429,10,'10457','NANIK MULYATI','Officer Time Management & Services III','KS','1','','',NULL,NULL,NULL,NULL),(430,10,'10502','JAYADI','Supervisor Time Evaluation & Travel Mgt','KS','1','','',NULL,NULL,NULL,NULL),(431,10,'10544','AGUS MUNAWAR FUADI','Officer Time Management & Services II','KS','1','','',NULL,NULL,NULL,NULL),(432,10,'10560','MOCHAMAD THOHA','Supervisor Allowance & Incentive','KS','1','','',NULL,NULL,NULL,NULL),(433,10,'10611','SULAEMAN','Supervisor Payroll','KS','1','','',NULL,NULL,NULL,NULL),(434,10,'10613','DADANG MAKHPUDDIN','Officer Payroll','KS','1','','',NULL,NULL,NULL,NULL),(435,10,'10618','SULAEMAN','Officer Time Management & Services III','KS','1','','',NULL,NULL,NULL,NULL),(436,10,'10683','TETY SUDIYATI','Officer Time & Travel Mgt Jkt Office','KS','1','','',NULL,NULL,NULL,NULL),(437,10,'11722','GITA DEMALA SARI','Officer Allowance & Inscentive (Ors)','KS','1','','',NULL,NULL,NULL,NULL),(438,10,'11725','RAHMADHANY TRIASTANTO','Officer Time Mngment & Services I (Ors)','KS','1','','',NULL,NULL,NULL,NULL),(439,10,'11731','MUHAMMAD IQBAL','Officer Time Mngment & Servics II (Ors)','KS','1','','',NULL,NULL,NULL,NULL),(440,10,'11765','ATI PANGARIBOWO','Officer HC Document Admin (Ors)','KS','1','','',NULL,NULL,NULL,NULL),(441,10,'11777','NENA RESTIANA','Officer Personnel Data Master Mtc (Ors)','KS','1','','',NULL,NULL,NULL,NULL),(442,10,'11789','SHALINY ADELESTARI','Specialist HC Integration & Adm (Ors)','KS','1','','',NULL,NULL,NULL,NULL),(443,11,'4765','SLAMET SUDARSONO','Sr Specialist Human Capital Development','KS','1','','',NULL,NULL,NULL,NULL),(444,11,'5249','CATUR TOTOK AGUNG','Sr Specialist Human Capital Development','KS','1','','',NULL,NULL,NULL,NULL),(445,11,'5626','LILY ROHILI','Specialist Competency Assessment','KS','1','','',NULL,NULL,NULL,NULL),(446,11,'5751','WASKITO SUWIGNYO','Manager Human Capital Development','KS','1','','',NULL,NULL,NULL,NULL),(447,11,'6019','CECEP SUHERMAN','Officer Career Development','KS','1','','',NULL,NULL,NULL,NULL),(448,11,'7078','SISWATI','Specialist Career Development','KS','1','','',NULL,NULL,NULL,NULL),(449,11,'7457','HARUN SOHAR','Specialist Career Development','KS','1','','',NULL,NULL,NULL,NULL),(450,11,'7646','ARSUDIN','Sr Specialist Human Capital Development','KS','1','','',NULL,NULL,NULL,NULL),(451,11,'8251','DEDE AMIR HAMZAH','Superintendent Competency Assessment','KS','1','','',NULL,NULL,NULL,NULL),(452,11,'8456','HERI YUHARNA','Sr Specialist Human Capital Development','KS','1','','',NULL,NULL,NULL,NULL),(453,11,'8598','FARIZI','Superintendent Career Development','KS','1','','',NULL,NULL,NULL,NULL),(454,11,'9661','AGUS WAHIDIN','Specialist Human Capital Development','KS','1','','',NULL,NULL,NULL,NULL),(455,11,'10022','TATANG HIDAYAT','Specialist Human Capital Development','KS','1','','',NULL,NULL,NULL,NULL),(456,11,'10184','DIKDIK SYAMSUL MA\'ARIF','Sr Specialist Human Capital Development','KS','1','','',NULL,NULL,NULL,NULL),(457,11,'10971','KRESTINA PUSPASARI','Specialist Human Capital Development','KS','1','','',NULL,NULL,NULL,NULL),(458,11,'11421','TITO REAGEN GORBACEV','Officer Competency Assessment','KS','1','','',NULL,NULL,NULL,NULL),(459,12,'3631','DARUSWEL BAICHIN','Sr Specialist Performance & Improv Mgt','KS','1','','',NULL,NULL,NULL,NULL),(460,12,'6196','ABDUL HALIM','Sr Specialist Performance & Improv Mgt','KS','1','','',NULL,NULL,NULL,NULL),(461,12,'6615','TB. SUDJOKO','Specialist Performance & Improv Mgt','KS','1','','',NULL,NULL,NULL,NULL),(462,12,'6945','TOTOK SUBIYAKTO','Sr Specialist Performance & Improv Mgt','KS','1','','',NULL,NULL,NULL,NULL),(463,12,'7053','YAYAH SUHAIRIYAH','Administrator SMKS','KS','1','','',NULL,NULL,NULL,NULL),(464,12,'8200','ZULHERI ZAENUL','Sr Specialist Compensation Management','KS','1','','',NULL,NULL,NULL,NULL),(465,12,'8309','BINSAR MARUHUM TAMBUNAN','Specialist Performance & Improv Mgt','KS','1','','',NULL,NULL,NULL,NULL),(466,12,'8933','PUTUT SUJIANTO','Specialist Performance & Improv Mgt','KS','1','','',NULL,NULL,NULL,NULL),(467,12,'9343','MASDUKI','Specialist Performance & Improv Mgt','KS','1','','',NULL,NULL,NULL,NULL),(468,12,'10242','NYOMAN SEDANA','Sr Specialist Performance & Improv Mgt','KS','1','','',NULL,NULL,NULL,NULL),(469,12,'10254','MOH KOHIR AMAN','Manager Performance Mgt & Compensation','KS','1','','',NULL,NULL,NULL,NULL),(470,12,'10571','DIDIK EKA SURYA','Specialist Compensation Management','KS','1','','',NULL,NULL,NULL,NULL),(471,12,'11821','PAULINA SIHDEWI PURNANDARI','Specialist Compensation Management (Ors)','KS','1','','',NULL,NULL,NULL,NULL),(472,13,'4329','SUPANDI','Officer Pengelolaan Kendaraan Utility','KS','1','','',NULL,NULL,NULL,NULL),(473,13,'4482','UJANG KOMARUDIN','Specialist Perc.Prwt.Perktran,Perum&Link','KS','1','','',NULL,NULL,NULL,NULL),(474,13,'4778','AGRID','Officer Prwt Instalasi Air & Listrik','KS','1','','',NULL,NULL,NULL,NULL),(475,13,'5126','WILMANSYAH','Supervisor Adm Perum & Peralatan Kantor','KS','1','','',NULL,NULL,NULL,NULL),(476,13,'5184','HAERIYAH','Officer Adm Perumahan','KS','1','','',NULL,NULL,NULL,NULL),(477,13,'5641','ADE DWI ADEDI','Superintendent Land Asset Management','KS','1','','',NULL,NULL,NULL,NULL),(478,13,'5973','SUNU BARYONO','Superintendent Vehicle & Document Mgt','KS','1','','',NULL,NULL,NULL,NULL),(479,13,'6129','HERMAN RIYONO','Spesialis Tata Ruang Kawasan & Perkant','KS','1','','',NULL,NULL,NULL,NULL),(480,13,'6652','ENAH SUHAENAH','Specialist Manajemen Asset Pertanahan','KS','1','','',NULL,NULL,NULL,NULL),(481,13,'6751','ABDURAKHMAN','Supervisor Pengelolaan Kend Utility','KS','1','','',NULL,NULL,NULL,NULL),(482,13,'7017','DALIMAN','Officer Prwt Perum, Perkantoran & Link','KS','1','','',NULL,NULL,NULL,NULL),(483,13,'7173','SLAMET PRIYONO','Specialist Perc.Prwt.Perktran,Perum&Link','KS','1','','',NULL,NULL,NULL,NULL),(484,13,'7644','SLAMET SUGIARTO','Officer Adm Peralatan Kantor & AC','KS','1','','',NULL,NULL,NULL,NULL),(485,13,'7652','MASRI','Officer Pengelolaan Kendaraan Utility','KS','1','','',NULL,NULL,NULL,NULL),(486,13,'8327','SOMADI','Officer Pengelolaan Kendaraan Utility','KS','1','','',NULL,NULL,NULL,NULL),(487,13,'8492','WAWAN JUHANSAH','Supervisor Prwt Perumahan & Perkantoran','KS','1','','',NULL,NULL,NULL,NULL),(488,13,'8592','NOOR YUDONO','Manager General Affair','KS','1','','',NULL,NULL,NULL,NULL),(489,13,'8603','MAWARDI','Supervisor Perkantoran & Telkom Jkt','KS','1','','',NULL,NULL,NULL,NULL),(490,13,'9506','SUGIYONO','Officer Prwt Perum, Perkantoran & Link','KS','1','','',NULL,NULL,NULL,NULL),(491,13,'9535','TJUTJUK WIDIANTO','Superintendent Office & Housing Mgt','KS','1','','',NULL,NULL,NULL,NULL),(492,13,'9828','EDISON','Superintendent Planning Maint. OH & Env','KS','1','','',NULL,NULL,NULL,NULL),(493,13,'10154','SUPARTO','Specialist Manajemen Asset Pertanahan','KS','1','','',NULL,NULL,NULL,NULL),(494,13,'10520','SONNY PERADE MARTIN','Officer Perenc Prwt Perkantoran & ATK','KS','1','','',NULL,NULL,NULL,NULL),(495,13,'10670','LUKMAN HAKIM','Officer Prwt Instalasi Air & Listrik','KS','1','','',NULL,NULL,NULL,NULL),(496,13,'10932','ANDRIAN NOVRIATAMA','Specialist Manajemen Asset Pertanahan','KS','1','','',NULL,NULL,NULL,NULL),(497,13,'11037','IIM FIRMANSYAH','Specialist Manajemen Asset Pertanahan','KS','1','','',NULL,NULL,NULL,NULL),(498,13,'11460','ANDIKA BRANIDEL','Officer Perc.Prwt.Perkntran,P&L','KS','1','','',NULL,NULL,NULL,NULL),(499,13,'11468','DWI SUTANTO','Officer Perc.Prwt.Perkntran,P&L','KS','1','','',NULL,NULL,NULL,NULL),(500,13,'11487','YOGA GUSTIMAN NALENDRA','Officer Manajemen Asset Pertanahan','KS','1','','',NULL,NULL,NULL,NULL),(501,13,'11917','M MAWARDI SULENDRA','Officer Manajemen Asset Pertanahan (Ors)','KS','1','','',NULL,NULL,NULL,NULL),(502,14,'4632','TITI TAHERAWATI','Specialist Bina Lingkungan','KS','1','','',NULL,NULL,NULL,NULL),(503,14,'4967','WIDADI','Officer Kemitraan Usaha Kecil','KS','1','','',NULL,NULL,NULL,NULL),(504,14,'5241','ZARKASI','Officer Kemitraan Usaha Kecil','KS','1','','',NULL,NULL,NULL,NULL),(505,14,'5310','ARIS SANTOSA','Specialist Keuangan PKBL','KS','1','','',NULL,NULL,NULL,NULL),(506,14,'5984','BURHANUDIN','Specialist Kemitraan Usaha Kecil','KS','1','','',NULL,NULL,NULL,NULL),(507,14,'6386','HASAN BASRI','Superintendent Social Responsibility','KS','1','','',NULL,NULL,NULL,NULL),(508,14,'6994','ASEP HERMAWAN','Officer Bina Lingkungan','KS','1','','',NULL,NULL,NULL,NULL),(509,14,'7236','DEDI JUANDA','Superintendent Community Development','KS','1','','',NULL,NULL,NULL,NULL),(510,14,'7390','HENDRIA SAKTI','Specialist Kemitraan Usaha Kecil','KS','1','','',NULL,NULL,NULL,NULL),(511,14,'7735','RUDI PURWANTO','Specialist Kemitraan Usaha Kecil','KS','1','','',NULL,NULL,NULL,NULL),(512,14,'8070','HARTANTO','Superintendent Community Dev Finance','KS','1','','',NULL,NULL,NULL,NULL),(513,14,'8075','MUCHARAM','Officer Kemitraan Usaha Kecil','KS','1','','',NULL,NULL,NULL,NULL),(514,14,'8169','ADRIANA PERIS','Manager Community Development','KS','1','','',NULL,NULL,NULL,NULL),(515,14,'10077','IFAT BAYU FATHONAH','Spesialist Community Development','KS','1','','',NULL,NULL,NULL,NULL),(516,14,'10151','ANAZMUDIN','Specialist Kemitraan Usaha Kecil','KS','1','','',NULL,NULL,NULL,NULL),(517,14,'10409','FIRDAUS','Officer Bina Lingkungan','KS','1','','',NULL,NULL,NULL,NULL),(518,14,'10448','ALKAFFALTATIONIS','Specialist Evaluator &Monitoring Lembaga','KS','1','','',NULL,NULL,NULL,NULL),(519,14,'10530','JAMAL ABDUL NASIR','Specialist Bina Lingkungan','KS','1','','',NULL,NULL,NULL,NULL),(520,14,'11466','DEWI RATIH KEMALA','Officer Keuangan PKBL','KS','1','','',NULL,NULL,NULL,NULL),(521,15,'2291','DEDE SOMADI SUKARMAN','Staf Transfer Knowledge','KS','1','','',NULL,NULL,NULL,NULL),(522,15,'2365','NANA TARSANA','Staf Transfer Knowledge','KS','1','','',NULL,NULL,NULL,NULL),(523,15,'2567','SOLICHIN SYA\'RONI','Staf Transfer Knowledge','KS','1','','',NULL,NULL,NULL,NULL),(524,15,'2670','BUDI SANTOSO','Staf HCP & Dev Setingkat Superintendent','KS','1','','',NULL,NULL,NULL,NULL),(525,15,'2748','SUKAMTO SASTROSUMARTO','Staf Transfer Knowledge','KS','1','','',NULL,NULL,NULL,NULL),(526,15,'2796','HOTMAN JAUHARI','Staf Transfer Knowledge','KS','1','','',NULL,NULL,NULL,NULL),(527,15,'2807','ABENG TRISPONO','Staf Transfer Knowledge','KS','1','','',NULL,NULL,NULL,NULL),(528,15,'2809','AGUS SETIAWAN','Staf Transfer Knowledge','KS','1','','',NULL,NULL,NULL,NULL),(529,15,'2926','ATANG NURYADI','Staf Transfer Knowledge','KS','1','','',NULL,NULL,NULL,NULL),(530,15,'2928','MAT AMIN','Staf Transfer Knowledge','KS','1','','',NULL,NULL,NULL,NULL),(531,15,'2980','MUHAMMAD YUSUF','Staf Transfer Knowledge','KS','1','','',NULL,NULL,NULL,NULL),(532,15,'3020','SUHUPI','Staf Transfer Knowledge','KS','1','','',NULL,NULL,NULL,NULL),(533,15,'3114','KASIMIN RIYANTO','Staf Transfer Knowledge','KS','1','','',NULL,NULL,NULL,NULL),(534,15,'3192','AFRIZAL','Staf Transfer Knowledge','KS','1','','',NULL,NULL,NULL,NULL),(535,15,'3221','A RACHMAN','Staf Transfer Knowledge','KS','1','','',NULL,NULL,NULL,NULL),(536,15,'3245','SLAMET SUMEDI','Staf Transfer Knowledge','KS','1','','',NULL,NULL,NULL,NULL),(537,15,'3266','SACHRIL DARMAWANSYAH','Staf Transfer Knowledge','KS','1','','',NULL,NULL,NULL,NULL),(538,15,'3284','JOKO SUTARTO','Staf Transfer Knowledge','KS','1','','',NULL,NULL,NULL,NULL),(539,15,'3293','SALEH KAMSARY','Staf Transfer Knowledge','KS','1','','',NULL,NULL,NULL,NULL),(540,15,'3294','NANA DJUNUDIN','Staf Transfer Knowledge','KS','1','','',NULL,NULL,NULL,NULL),(541,15,'3329','PRASTITO','Staf Transfer Knowledge','KS','1','','',NULL,NULL,NULL,NULL),(542,15,'3330','DJULIAN EFENDI S.','Staf Transfer Knowledge','KS','1','','',NULL,NULL,NULL,NULL),(543,15,'3335','ARWAN MURYANTORO','Staf Transfer Knowledge','KS','1','','',NULL,NULL,NULL,NULL),(544,15,'3338','EDY SUDARMANTO','Staf Transfer Knowledge','KS','1','','',NULL,NULL,NULL,NULL),(545,15,'3354','DEDI WASITA','Staf Transfer Knowledge','KS','1','','',NULL,NULL,NULL,NULL),(546,15,'3363','SURAJI','Staf Transfer Knowledge','KS','1','','',NULL,NULL,NULL,NULL),(547,15,'3367','JAMIN','Staf Transfer Knowledge','KS','1','','',NULL,NULL,NULL,NULL),(548,15,'3488','DADANG WAHYUDIN','Staf Transfer Knowledge','KS','1','','',NULL,NULL,NULL,NULL),(549,15,'3523','ENDANG SUPRIYADI','Staf Transfer Knowledge','KS','1','','',NULL,NULL,NULL,NULL),(550,15,'3540','ROCHMANI','Staf Transfer Knowledge','KS','1','','',NULL,NULL,NULL,NULL),(551,15,'3586','MOHAMAD OMI MASKUR','Staf Transfer Knowledge','KS','1','','',NULL,NULL,NULL,NULL),(552,15,'3621','SAMANI','Staf Transfer Knowledge','KS','1','','',NULL,NULL,NULL,NULL),(553,15,'3654','SUKIRNO','Staf Transfer Knowledge','KS','1','','',NULL,NULL,NULL,NULL),(554,15,'3728','SUWARKO','Staf Transfer Knowledge','KS','1','','',NULL,NULL,NULL,NULL),(555,15,'3752','ERWIN BUSTAMAN','Staf Transfer Knowledge','KS','1','','',NULL,NULL,NULL,NULL),(556,15,'3800','SUYADI','Staf Transfer Knowledge','KS','1','','',NULL,NULL,NULL,NULL),(557,15,'3821','WIDYATMOKO','Staf Transfer Knowledge','KS','1','','',NULL,NULL,NULL,NULL),(558,15,'3881','HANANI','Staf Transfer Knowledge','KS','1','','',NULL,NULL,NULL,NULL),(559,15,'3885','SODERI','Staf Transfer Knowledge','KS','1','','',NULL,NULL,NULL,NULL),(560,15,'3895','EFFENDI PANJAITAN','Staf Transfer Knowledge','KS','1','','',NULL,NULL,NULL,NULL),(561,15,'3989','TAUFIK RACHMAN','Staf Transfer Knowledge','KS','1','','',NULL,NULL,NULL,NULL),(562,15,'4078','EFLIANTO MASHUR','Staf Transfer Knowledge','KS','1','','',NULL,NULL,NULL,NULL),(563,15,'4209','NANA SUARNA','Staf Transfer Knowledge','KS','1','','',NULL,NULL,NULL,NULL),(564,15,'4211','PURWITO','Staf Transfer Knowledge','KS','1','','',NULL,NULL,NULL,NULL),(565,15,'4317','TASIMAN','Staf Transfer Knowledge','KS','1','','',NULL,NULL,NULL,NULL),(566,15,'4327','SUWONDO','Staf Transfer Knowledge','KS','1','','',NULL,NULL,NULL,NULL),(567,15,'4378','TARCICIUS SUMARNO','Staf Transfer Knowledge','KS','1','','',NULL,NULL,NULL,NULL),(568,15,'4509','SLAMET RUSLI','Staf Transfer Knowledge','KS','1','','',NULL,NULL,NULL,NULL),(569,15,'4883','YAYAT PRIYATNA','Staf Transfer Knowledge','KS','1','','',NULL,NULL,NULL,NULL),(570,15,'4912','SURKAM JON SUJOWO','Staf Transfer Knowledge','KS','1','','',NULL,NULL,NULL,NULL),(571,15,'4929','DWI ATMADI','Staf Transfer Knowledge','KS','1','','',NULL,NULL,NULL,NULL),(572,15,'5012','CHUMAIRI','Staf Transfer Knowledge','KS','1','','',NULL,NULL,NULL,NULL),(573,15,'5024','HARSONO','Staf Transfer Knowledge','KS','1','','',NULL,NULL,NULL,NULL),(574,15,'5190','NASRUM','Staf Transfer Knowledge','KS','1','','',NULL,NULL,NULL,NULL),(575,15,'5539','MURSIDA BAHARUDDIN','Staf Transfer Knowledge','KS','1','','',NULL,NULL,NULL,NULL),(576,15,'5555','ROMMY','Staf Transfer Knowledge','KS','1','','',NULL,NULL,NULL,NULL),(577,15,'5752','SUTISNO','Staf Transfer Knowledge','KS','1','','',NULL,NULL,NULL,NULL),(578,15,'6167','SUDIRIN','Staf Transfer Knowledge','KS','1','','',NULL,NULL,NULL,NULL),(579,15,'6169','SURYA JATNIKA','Staf Transfer Knowledge','KS','1','','',NULL,NULL,NULL,NULL),(580,15,'6236','SURADI','Staf Transfer Knowledge','KS','1','','',NULL,NULL,NULL,NULL),(581,15,'6264','RONALD TUMPAL H PANGGABEAN','Staf Transfer Knowledge','KS','1','','',NULL,NULL,NULL,NULL),(582,15,'6353','TARUNO WIJAYANTO','Staf Transfer Knowledge','KS','1','','',NULL,NULL,NULL,NULL),(583,15,'6394','SIHAR MALAU','Staf Transfer Knowledge','KS','1','','',NULL,NULL,NULL,NULL),(584,15,'6415','MUARA SITANGGANG','Staf Transfer Knowledge','KS','1','','',NULL,NULL,NULL,NULL),(585,15,'6424','RIDHWAN GAZALY','Staf Transfer Knowledge','KS','1','','',NULL,NULL,NULL,NULL),(586,15,'6721','MAMAN NUROCHMAN','Staf Transfer Knowledge','KS','1','','',NULL,NULL,NULL,NULL),(587,15,'6868','SUPRAMU','Staf Transfer Knowledge','KS','1','','',NULL,NULL,NULL,NULL),(588,15,'6944','SYARIFUDDIN','Staf Transfer Knowledge','KS','1','','',NULL,NULL,NULL,NULL),(589,15,'7046','DIDI KUSNADI','Staf Transfer Knowledge','KS','1','','',NULL,NULL,NULL,NULL),(590,15,'7401','SYAMSUDIN','Staf Transfer Knowledge','KS','1','','',NULL,NULL,NULL,NULL),(591,15,'7593','SUAPRI B JUHRI','Staf Transfer Knowledge','KS','1','','',NULL,NULL,NULL,NULL),(592,15,'8142','MUJIONO KATAM','General Manager HC Planning & Develop','KS','1','','',NULL,NULL,NULL,NULL),(593,15,'8459','BETHY BUDHYARTI SIDHARTA','Staf Transfer Knowledge','KS','1','','',NULL,NULL,NULL,NULL),(594,15,'8698','SUWADJI','Staf Transfer Knowledge','KS','1','','',NULL,NULL,NULL,NULL),(595,15,'8711','SYOUFINO BOY','Staf Transfer Knowledge','KS','1','','',NULL,NULL,NULL,NULL),(596,15,'8719','PRIAMBODO','Staf Transfer Knowledge','KS','1','','',NULL,NULL,NULL,NULL),(597,15,'8905','TAMTOMO YUDHO','Staf HCP & Dev Setingkat Supervisor','KS','1','','',NULL,NULL,NULL,NULL),(598,15,'8952','ZULHAM LUBIS','Staf Transfer Knowledge','KS','1','','',NULL,NULL,NULL,NULL),(599,15,'9440','SUGITO','Staf Transfer Knowledge','KS','1','','',NULL,NULL,NULL,NULL),(600,15,'9741','JASMIN BUANG','Staf Transfer Knowledge','KS','1','','',NULL,NULL,NULL,NULL),(601,15,'9789','RIDO HUTAGALUNG','Staf Transfer Knowledge','KS','1','','',NULL,NULL,NULL,NULL),(602,15,'9868','SUSANTO','Staf Transfer Knowledge','KS','1','','',NULL,NULL,NULL,NULL),(603,15,'10287','HASRI SURYANI','Chief Specialist HCP & Development','KS','1','','',NULL,NULL,NULL,NULL),(604,15,'99000556','AAN SUBHAN','Apprentice','KS','1','','',NULL,NULL,NULL,NULL),(605,15,'99000558','ABDUL RAHMAN','Apprentice','KS','1','','',NULL,NULL,NULL,NULL),(606,15,'99000559','ABDUL WAHAB FAUZI','Apprentice','KS','1','','',NULL,NULL,NULL,NULL),(607,15,'99000565','ADHI PURNA IRAWAN','Apprentice','KS','1','','',NULL,NULL,NULL,NULL),(608,15,'99000566','ADHITYA SRI MUSTOFA','Apprentice','KS','1','','',NULL,NULL,NULL,NULL),(609,15,'99000567','ADI ARIA NUGROHO','Apprentice','KS','1','','',NULL,NULL,NULL,NULL),(610,15,'99000571','ADITIA BAGUS P.','Apprentice','KS','1','','',NULL,NULL,NULL,NULL),(611,15,'99000573','AFITRAH RIANTO','Apprentice','KS','1','','',NULL,NULL,NULL,NULL),(612,15,'99000575','AGUNG ARIFIYANTO','Apprentice','KS','1','','',NULL,NULL,NULL,NULL),(613,15,'99000576','AGUNG CAHYADI','Apprentice','KS','1','','',NULL,NULL,NULL,NULL),(614,15,'99000582','AHMAD MIZHAR AMALI','Apprentice','KS','1','','',NULL,NULL,NULL,NULL),(615,15,'99000583','AHMAD MUNASHIR','Apprentice','KS','1','','',NULL,NULL,NULL,NULL),(616,15,'99000585','AHMAD SAEFUDIN','Apprentice','KS','1','','',NULL,NULL,NULL,NULL),(617,15,'99000587','AHMAD SUBHAN','Apprentice','KS','1','','',NULL,NULL,NULL,NULL),(618,15,'99000588','AKBAR ABDUL AZIZ','Apprentice','KS','1','','',NULL,NULL,NULL,NULL),(619,15,'99000590','AL BANENDRO SUTO C.','Apprentice','KS','1','','',NULL,NULL,NULL,NULL),(620,15,'99000591','ALDA SANJAYA','Apprentice','KS','1','','',NULL,NULL,NULL,NULL),(621,15,'99000592','ALDI MAULANA','Apprentice','KS','1','','',NULL,NULL,NULL,NULL),(622,15,'99000593','ALDIZAL NUR','Apprentice','KS','1','','',NULL,NULL,NULL,NULL),(623,15,'99000594','ALFADIO MADA M.','Apprentice','KS','1','','',NULL,NULL,NULL,NULL),(624,15,'99000597','ANGGA ALAM SYAH','Apprentice','KS','1','','',NULL,NULL,NULL,NULL),(625,15,'99000598','ANGGILANG','Apprentice','KS','1','','',NULL,NULL,NULL,NULL),(626,15,'99000603','ARIEF MAULANA','Apprentice','KS','1','','',NULL,NULL,NULL,NULL),(627,15,'99000604','ARIEF RACHMAN','Apprentice','KS','1','','',NULL,NULL,NULL,NULL),(628,15,'99000606','ARIS','Apprentice','KS','1','','',NULL,NULL,NULL,NULL),(629,15,'99000609','AVANDIKA IMANTARA','Apprentice','KS','1','','',NULL,NULL,NULL,NULL),(630,15,'99000612','BAYU ISTIYANTO','Apprentice','KS','1','','',NULL,NULL,NULL,NULL),(631,15,'99000613','BAYU PURNOMO','Apprentice','KS','1','','',NULL,NULL,NULL,NULL),(632,15,'99000617','BURHANUDIN','Apprentice','KS','1','','',NULL,NULL,NULL,NULL),(633,15,'99000618','BUYUNG AJI SANTOSO','Apprentice','KS','1','','',NULL,NULL,NULL,NULL),(634,15,'99000620','CECEP KURNIAWAN','Apprentice','KS','1','','',NULL,NULL,NULL,NULL),(635,15,'99000621','CEPI SULESNA','Apprentice','KS','1','','',NULL,NULL,NULL,NULL),(636,15,'99000624','DANANG NUGROHO','Apprentice','KS','1','','',NULL,NULL,NULL,NULL),(637,15,'99000625','DAVID MUCH HARDIANTO','Apprentice','KS','1','','',NULL,NULL,NULL,NULL),(638,15,'99000632','DODI ROSADI','Apprentice','KS','1','','',NULL,NULL,NULL,NULL),(639,15,'99000633','DONI ERIC AULINA','Apprentice','KS','1','','',NULL,NULL,NULL,NULL),(640,15,'99000635','DWI ANGGIT PRANOTO','Apprentice','KS','1','','',NULL,NULL,NULL,NULL),(641,15,'99000636','DWI CAHYO KURNIAWAN','Apprentice','KS','1','','',NULL,NULL,NULL,NULL),(642,15,'99000637','EDI PURWANTO','Apprentice','KS','1','','',NULL,NULL,NULL,NULL),(643,15,'99000638','EDI SUHAEDI','Apprentice','KS','1','','',NULL,NULL,NULL,NULL),(644,15,'99000639','EGIH HANGGARA PRIMA','Apprentice','KS','1','','',NULL,NULL,NULL,NULL),(645,15,'99000643','ERFIN RIZKY KUSTIAWAN','Apprentice','KS','1','','',NULL,NULL,NULL,NULL),(646,15,'99000644','ERLANGGA','Apprentice','KS','1','','',NULL,NULL,NULL,NULL),(647,15,'99000646','FAISAL NURIKHSAN','Apprentice','KS','1','','',NULL,NULL,NULL,NULL),(648,15,'99000652','FAQIH FERDIANSYAH','Apprentice','KS','1','','',NULL,NULL,NULL,NULL),(649,15,'99000656','FATHUR ROFI','Apprentice','KS','1','','',NULL,NULL,NULL,NULL),(650,15,'99000657','FELIX ANDI PRADHITAMA','Apprentice','KS','1','','',NULL,NULL,NULL,NULL),(651,15,'99000658','FERDIAN OCTAVIANA','Apprentice','KS','1','','',NULL,NULL,NULL,NULL),(652,15,'99000660','FERY DWI RAMADHAN','Apprentice','KS','1','','',NULL,NULL,NULL,NULL),(653,15,'99000661','FERY PRASETYA','Apprentice','KS','1','','',NULL,NULL,NULL,NULL),(654,15,'99000662','FILAN DANU PANGESTU','Apprentice','KS','1','','',NULL,NULL,NULL,NULL),(655,15,'99000663','FREDI LESMANA','Apprentice','KS','1','','',NULL,NULL,NULL,NULL),(656,15,'99000664','GALIH AGUNG WICAKSONO','Apprentice','KS','1','','',NULL,NULL,NULL,NULL),(657,15,'99000668','HAFIDZ FAUZAN','Apprentice','KS','1','','',NULL,NULL,NULL,NULL),(658,15,'99000669','HAIKAL FIKRI','Apprentice','KS','1','','',NULL,NULL,NULL,NULL),(659,15,'99000670','HAYKE PRATAMA ANUGROHO','Apprentice','KS','1','','',NULL,NULL,NULL,NULL),(660,15,'99000673','HERIE HERIADIE','Apprentice','KS','1','','',NULL,NULL,NULL,NULL),(661,15,'99000674','HERUDI','Apprentice','KS','1','','',NULL,NULL,NULL,NULL),(662,15,'99000675','HERY AFZAR SUWARGI','Apprentice','KS','1','','',NULL,NULL,NULL,NULL),(663,15,'99000676','HILMI ATTAMAMI','Apprentice','KS','1','','',NULL,NULL,NULL,NULL),(664,15,'99000679','I MADE ENDRA KARTIKA','Apprentice','KS','1','','',NULL,NULL,NULL,NULL),(665,15,'99000681','IKHWAN PANDU SATRIO','Apprentice','KS','1','','',NULL,NULL,NULL,NULL),(666,15,'99000682','ILHAM MULYANA','Apprentice','KS','1','','',NULL,NULL,NULL,NULL),(667,15,'99000683','IMRON ROSYADI','Apprentice','KS','1','','',NULL,NULL,NULL,NULL),(668,15,'99000685','INDRA LESMANA','Apprentice','KS','1','','',NULL,NULL,NULL,NULL),(669,15,'99000686','IPUNG ANDI RATMANTO','Apprentice','KS','1','','',NULL,NULL,NULL,NULL),(670,15,'99000687','IRAWAN RUSTANTYO','Apprentice','KS','1','','',NULL,NULL,NULL,NULL),(671,15,'99000689','ISMAIL SUKANDAR','Apprentice','KS','1','','',NULL,NULL,NULL,NULL),(672,15,'99000690','KEVIN ADI PRAGAWA','Apprentice','KS','1','','',NULL,NULL,NULL,NULL),(673,15,'99000691','KHAIRIL ANAM','Apprentice','KS','1','','',NULL,NULL,NULL,NULL),(674,15,'99000694','KHRISNA INDA MUHAMMAD','Apprentice','KS','1','','',NULL,NULL,NULL,NULL),(675,15,'99000695','KRISNA SETIA','Apprentice','KS','1','','',NULL,NULL,NULL,NULL),(676,15,'99000698','LUKKY ARTO D.','Apprentice','KS','1','','',NULL,NULL,NULL,NULL),(677,15,'99000699','LUSEP FITRIANA BISTON','Apprentice','KS','1','','',NULL,NULL,NULL,NULL),(678,15,'99000701','M. AGUNG ZULFIQAR','Apprentice','KS','1','','',NULL,NULL,NULL,NULL),(679,15,'99000704','M. RIZAL ROCHMATULLAH','Apprentice','KS','1','','',NULL,NULL,NULL,NULL),(680,15,'99000706','M. ZOLDI ADZANI JABBAR','Apprentice','KS','1','','',NULL,NULL,NULL,NULL),(681,15,'99000707','MAHFUD HIDAYAT','Apprentice','KS','1','','',NULL,NULL,NULL,NULL),(682,15,'99000708','MAMAN SULAEMAN','Apprentice','KS','1','','',NULL,NULL,NULL,NULL),(683,15,'99000709','MOHAMAD RENDI R.','Apprentice','KS','1','','',NULL,NULL,NULL,NULL),(684,15,'99000711','MUHAMAD EDO PRATAMA SAPUTRA','Apprentice','KS','1','','',NULL,NULL,NULL,NULL),(685,15,'99000712','MUHAMAD IQBAL','Apprentice','KS','1','','',NULL,NULL,NULL,NULL),(686,15,'99000713','MUHAMAD JUNAIDI','Apprentice','KS','1','','',NULL,NULL,NULL,NULL),(687,15,'99000714','MUHAMAD MAFTUH ABDUL AZIZ','Apprentice','KS','1','','',NULL,NULL,NULL,NULL),(688,15,'99000717','MUHAMMAD ANDRI ARIFIN','Apprentice','KS','1','','',NULL,NULL,NULL,NULL),(689,15,'99000720','MUHAMMAD RIKZA','Apprentice','KS','1','','',NULL,NULL,NULL,NULL),(690,15,'99000721','MUSTAKIM','Apprentice','KS','1','','',NULL,NULL,NULL,NULL),(691,15,'99000722','NANANG KOSASIH','Apprentice','KS','1','','',NULL,NULL,NULL,NULL),(692,15,'99000728','RACHMAT KISWOYO','Apprentice','KS','1','','',NULL,NULL,NULL,NULL),(693,15,'99000732','RENDY PRATAMA','Apprentice','KS','1','','',NULL,NULL,NULL,NULL),(694,15,'99000735','RIDWAN FIRMANSYAH','Apprentice','KS','1','','',NULL,NULL,NULL,NULL),(695,15,'99000738','RISMAN TEJA KUMBARA','Apprentice','KS','1','','',NULL,NULL,NULL,NULL),(696,15,'99000740','RIZAL AFANDI','Apprentice','KS','1','','',NULL,NULL,NULL,NULL),(697,15,'99000741','RIZKI JAKA MAULANA','Apprentice','KS','1','','',NULL,NULL,NULL,NULL),(698,15,'99000742','RIZKI TIRTA DIPOERA','Apprentice','KS','1','','',NULL,NULL,NULL,NULL),(699,15,'99000743','RIZKO AJI SAMPUTRA','Apprentice','KS','1','','',NULL,NULL,NULL,NULL),(700,15,'99000744','ROBERT ANTONI LMB RAJA','Apprentice','KS','1','','',NULL,NULL,NULL,NULL),(701,15,'99000745','ROKHIMANTO','Apprentice','KS','1','','',NULL,NULL,NULL,NULL),(702,15,'99000746','ROMY KURNIAWAN','Apprentice','KS','1','','',NULL,NULL,NULL,NULL),(703,15,'99000749','RUDY HARYANTO','Apprentice','KS','1','','',NULL,NULL,NULL,NULL),(704,15,'99000751','SAMSUL ARIFIN','Apprentice','KS','1','','',NULL,NULL,NULL,NULL),(705,15,'99000752','SANDI NUGRAHA','Apprentice','KS','1','','',NULL,NULL,NULL,NULL),(706,15,'99000755','SANTUS ANGGORO M.','Apprentice','KS','1','','',NULL,NULL,NULL,NULL),(707,15,'99000756','SARDI','Apprentice','KS','1','','',NULL,NULL,NULL,NULL),(708,15,'99000757','SASONGKO PUJAN','Apprentice','KS','1','','',NULL,NULL,NULL,NULL),(709,15,'99000758','SATRIA DWI HARIAWAN','Apprentice','KS','1','','',NULL,NULL,NULL,NULL),(710,15,'99000760','SETYANTO CAHYO B.','Apprentice','KS','1','','',NULL,NULL,NULL,NULL),(711,15,'99000763','SITO SESTYADI','Apprentice','KS','1','','',NULL,NULL,NULL,NULL),(712,15,'99000765','SUGI NOURI YANDI','Apprentice','KS','1','','',NULL,NULL,NULL,NULL),(713,15,'99000768','SUPRAPTO','Apprentice','KS','1','','',NULL,NULL,NULL,NULL),(714,15,'99000770','SYAHRUL ALI GUSTOMI','Apprentice','KS','1','','',NULL,NULL,NULL,NULL),(715,15,'99000772','SYARIF ROMDHONI','Apprentice','KS','1','','',NULL,NULL,NULL,NULL),(716,15,'99000775','TB DEDEN SUPRIYATNA','Apprentice','KS','1','','',NULL,NULL,NULL,NULL),(717,15,'99000776','TEGUH ARIFIANTO','Apprentice','KS','1','','',NULL,NULL,NULL,NULL),(718,15,'99000777','TEGUH SATYA PRIBADI','Apprentice','KS','1','','',NULL,NULL,NULL,NULL),(719,15,'99000778','THORIQ SAJIDARIANTO','Apprentice','KS','1','','',NULL,NULL,NULL,NULL),(720,15,'99000779','TIO AFRIZAL','Apprentice','KS','1','','',NULL,NULL,NULL,NULL),(721,15,'99000780','TRIYANA EKA PUTRA','Apprentice','KS','1','','',NULL,NULL,NULL,NULL),(722,15,'99000783','UMAR ZANDY P.','Apprentice','KS','1','','',NULL,NULL,NULL,NULL),(723,15,'99000784','WAHYU EKA PERDANA','Apprentice','KS','1','','',NULL,NULL,NULL,NULL),(724,15,'99000785','WANUR KHOLBI','Apprentice','KS','1','','',NULL,NULL,NULL,NULL),(725,15,'99000793','YUKO BUDIMAN','Apprentice','KS','1','','',NULL,NULL,NULL,NULL),(726,15,'99000798','ZAPAR SIDIK','Apprentice','KS','1','','',NULL,NULL,NULL,NULL),(727,15,'99000799','ANDREAS YUNI PRASTIANTO','Apprentice','KS','1','','',NULL,NULL,NULL,NULL),(728,15,'99000802','MUHAMAD NUR PRASETYO','Apprentice','KS','1','','',NULL,NULL,NULL,NULL),(729,15,'99000807','ADE SUPRIADI','Apprentice','KS','1','','',NULL,NULL,NULL,NULL),(730,15,'99000808','ERHANS JULIANTO','Apprentice','KS','1','','',NULL,NULL,NULL,NULL),(731,15,'99000809','A MUH KHAEDIR A AZIZ','Apprentice','KS','1','','',NULL,NULL,NULL,NULL),(732,15,'99000810','ALI FATMA','Apprentice','KS','1','','',NULL,NULL,NULL,NULL),(733,15,'99000811','AMIN YULIANTO','Apprentice','KS','1','','',NULL,NULL,NULL,NULL),(734,15,'99000812','ANGGA ADITYA PUTRA','Apprentice','KS','1','','',NULL,NULL,NULL,NULL),(735,15,'99000813','ANGGI ARISTIAWAN','Apprentice','KS','1','','',NULL,NULL,NULL,NULL),(736,15,'99000814','ARAFIK','Apprentice','KS','1','','',NULL,NULL,NULL,NULL),(737,15,'99000815','BAYU NOPRIYANTO','Apprentice','KS','1','','',NULL,NULL,NULL,NULL),(738,15,'99000816','DEDY MELKY WATTIMENA','Apprentice','KS','1','','',NULL,NULL,NULL,NULL),(739,15,'99000817','DENI HINDRIYATNA','Apprentice','KS','1','','',NULL,NULL,NULL,NULL),(740,15,'99000818','DENI ROYANI','Apprentice','KS','1','','',NULL,NULL,NULL,NULL),(741,15,'99000819','EDI SUDERAJAT','Apprentice','KS','1','','',NULL,NULL,NULL,NULL),(742,15,'99000820','ERDIAN','Apprentice','KS','1','','',NULL,NULL,NULL,NULL),(743,15,'99000821','ERIK JAJULI','Apprentice','KS','1','','',NULL,NULL,NULL,NULL),(744,15,'99000822','FEBRIANSYAH','Apprentice','KS','1','','',NULL,NULL,NULL,NULL),(745,15,'99000823','FERRY IRWANSYAH','Apprentice','KS','1','','',NULL,NULL,NULL,NULL),(746,15,'99000824','FRENGKY GAINU KOSNAN','Apprentice','KS','1','','',NULL,NULL,NULL,NULL),(747,15,'99000825','GHENI MEDHA ARDHANI','Apprentice','KS','1','','',NULL,NULL,NULL,NULL),(748,15,'99000826','GORBI RUSTIAWAN','Apprentice','KS','1','','',NULL,NULL,NULL,NULL),(749,15,'99000827','ILHAM','Apprentice','KS','1','','',NULL,NULL,NULL,NULL),(750,15,'99000828','IMA SEPU HIDAYATULLAH','Apprentice','KS','1','','',NULL,NULL,NULL,NULL),(751,15,'99000829','JAFARON','Apprentice','KS','1','','',NULL,NULL,NULL,NULL),(752,15,'99000830','JEVRI HARDIAN','Apprentice','KS','1','','',NULL,NULL,NULL,NULL),(753,15,'99000831','JHACHA TRIE INDRATNA','Apprentice','KS','1','','',NULL,NULL,NULL,NULL),(754,15,'99000832','MUHAMAD ABILLAH','Apprentice','KS','1','','',NULL,NULL,NULL,NULL),(755,15,'99000833','MUHAMAD ADAM BAEHAQI','Apprentice','KS','1','','',NULL,NULL,NULL,NULL),(756,15,'99000834','MUHAMAD MARZUKI','Apprentice','KS','1','','',NULL,NULL,NULL,NULL),(757,15,'99000835','MUHAMAD NURUL AZMI','Apprentice','KS','1','','',NULL,NULL,NULL,NULL),(758,15,'99000836','MUHAMAD REZA AL HABSYI','Apprentice','KS','1','','',NULL,NULL,NULL,NULL),(759,15,'99000837','MUHAMMAD RASYID RIDHO','Apprentice','KS','1','','',NULL,NULL,NULL,NULL),(760,15,'99000838','MUHAMMAD REZA REONALDI','Apprentice','KS','1','','',NULL,NULL,NULL,NULL),(761,15,'99000839','MUHAMMAD SOFYAN','Apprentice','KS','1','','',NULL,NULL,NULL,NULL),(762,15,'99000840','MURSIB','Apprentice','KS','1','','',NULL,NULL,NULL,NULL),(763,15,'99000841','NANA SUPRIYATNA','Apprentice','KS','1','','',NULL,NULL,NULL,NULL),(764,15,'99000842','NURUL MUSTOFA','Apprentice','KS','1','','',NULL,NULL,NULL,NULL),(765,15,'99000843','OBAY BAEHAKI','Apprentice','KS','1','','',NULL,NULL,NULL,NULL),(766,15,'99000844','RIAN ZUANDI','Apprentice','KS','1','','',NULL,NULL,NULL,NULL),(767,15,'99000845','RIDO AMANZAN','Apprentice','KS','1','','',NULL,NULL,NULL,NULL),(768,15,'99000846','RIO JAKA APRYIAN','Apprentice','KS','1','','',NULL,NULL,NULL,NULL),(769,15,'99000847','RIZKI RAHMAT NUGRAHA','Apprentice','KS','1','','',NULL,NULL,NULL,NULL),(770,15,'99000848','ROMLI HIDAYAT','Apprentice','KS','1','','',NULL,NULL,NULL,NULL),(771,15,'99000849','RUDINI KOTO','Apprentice','KS','1','','',NULL,NULL,NULL,NULL),(772,15,'99000850','RULLY MAULANA','Apprentice','KS','1','','',NULL,NULL,NULL,NULL),(773,15,'99000851','SAIFUL ARIF','Apprentice','KS','1','','',NULL,NULL,NULL,NULL),(774,15,'99000852','SEPTIAN SETIA GUNANSYAH','Apprentice','KS','1','','',NULL,NULL,NULL,NULL),(775,15,'99000853','SOFIULLAH','Apprentice','KS','1','','',NULL,NULL,NULL,NULL),(776,15,'99000854','SUPRIADI','Apprentice','KS','1','','',NULL,NULL,NULL,NULL),(777,15,'99000855','TB FIRDAUS','Apprentice','KS','1','','',NULL,NULL,NULL,NULL),(778,15,'99000856','TB RESTA ARSENA','Apprentice','KS','1','','',NULL,NULL,NULL,NULL),(779,15,'99000857','TIAN FADILAH','Apprentice','KS','1','','',NULL,NULL,NULL,NULL),(780,15,'99000858','TOMI AFRIZAL','Apprentice','KS','1','','',NULL,NULL,NULL,NULL),(781,15,'99000859','TRIADI WIDYARAMA','Apprentice','KS','1','','',NULL,NULL,NULL,NULL),(782,15,'99000860','TRIO PAMUNGKAS','Apprentice','KS','1','','',NULL,NULL,NULL,NULL),(783,15,'99000861','YANUAR HAFID NURAIDIN','Apprentice','KS','1','','',NULL,NULL,NULL,NULL),(784,15,'99000862','YUNATAN DANANG WICAKSONO','Apprentice','KS','1','','',NULL,NULL,NULL,NULL),(785,15,'10287A','HASRI SURYANI','','KS','1','','',NULL,NULL,NULL,NULL),(786,15,'8655A','YONGKI YUSUF BRATADIREJA','','KS','1','','',NULL,NULL,NULL,NULL),(787,16,'2461','RACHMAT','Danton Security Area B','KS','1','','',NULL,NULL,NULL,NULL),(788,16,'3141','PARYONO','Sr Instructor','KS','1','','',NULL,NULL,NULL,NULL),(789,16,'3157','ABU KOSIM SYAFEI','Sr Instructor','KS','1','','',NULL,NULL,NULL,NULL),(790,16,'3581','MULYANTO','Sr Instructor','KS','1','','',NULL,NULL,NULL,NULL),(791,16,'3633','BAKAT TYA MAYA YOGHA','Sr Specialist Planning & Eva.Training','KS','1','','',NULL,NULL,NULL,NULL),(792,16,'4098','AHMAD INSAN ABDILLAH','Specialist Knowledge Management','KS','1','','',NULL,NULL,NULL,NULL),(793,16,'4397','DJOKO SUBALI','Sr Instructor','KS','1','','',NULL,NULL,NULL,NULL),(794,16,'4484','HAMIM','Petugas Unit Tangkal Cepat & Patroli','KS','1','','',NULL,NULL,NULL,NULL),(795,16,'4521','UDIN SYAMSUDIN','Superintendent Edu. Adm & Resources Mgt.','KS','1','','',NULL,NULL,NULL,NULL),(796,16,'4624','SRI MULIA GUSTINA','Specialist Planning & Eva.Training','KS','1','','',NULL,NULL,NULL,NULL),(797,16,'4672','SARJAN','Supervisor Perijinan & Vis Mgt','KS','1','','',NULL,NULL,NULL,NULL),(798,16,'4759','ADE YAYAT','Danton Security Area F','KS','1','','',NULL,NULL,NULL,NULL),(799,16,'4879','SUNAEDI','Officer Perijinan & Vis Mgt','KS','1','','',NULL,NULL,NULL,NULL),(800,16,'4948','MUSLIH','Danton Security Area B','KS','1','','',NULL,NULL,NULL,NULL),(801,16,'4949','MARIMIN','Danton Security Area A','KS','1','','',NULL,NULL,NULL,NULL),(802,16,'4955','TB. FATWAN','Supervisor Security','KS','1','','',NULL,NULL,NULL,NULL),(803,16,'4958','HASAN BASRI','Danton Security Area F','KS','1','','',NULL,NULL,NULL,NULL),(804,16,'4959','ENDANG SOFIAN','Supervisor Security','KS','1','','',NULL,NULL,NULL,NULL),(805,16,'4960','SALURI','Petugas Unit Tangkal Cepat & Patroli','KS','1','','',NULL,NULL,NULL,NULL),(806,16,'4961','TARYANA','Superintendent PUSDALPAM','KS','1','','',NULL,NULL,NULL,NULL),(807,16,'4962','ISMAIL','Danton Security Area C','KS','1','','',NULL,NULL,NULL,NULL),(808,16,'4965','SUGENG CHANDRA','Specialist Liaison Officer','KS','1','','',NULL,NULL,NULL,NULL),(809,16,'4969','SUBARI','Specialist Liaison Officer','KS','1','','',NULL,NULL,NULL,NULL),(810,16,'4972','ALHAQ','Danton Security Area F','KS','1','','',NULL,NULL,NULL,NULL),(811,16,'4973','MASHUDI','Danton Security Area F','KS','1','','',NULL,NULL,NULL,NULL),(812,16,'4974','ROYANI','Officer Perijinan & Vis Mgt','KS','1','','',NULL,NULL,NULL,NULL),(813,16,'4975','HUDRANI','Petugas Unit Tangkal Cepat & Patroli','KS','1','','',NULL,NULL,NULL,NULL),(814,16,'4976','TAHLIS','Danton Security Area E','KS','1','','',NULL,NULL,NULL,NULL),(815,16,'4977','YUYUN MAKMUN','Danton Security Area C','KS','1','','',NULL,NULL,NULL,NULL),(816,16,'4979','ODANG PRAWIRA','Superintendent Security','KS','1','','',NULL,NULL,NULL,NULL),(817,16,'4980','TONIJOYO','Danton Security Area B','KS','1','','',NULL,NULL,NULL,NULL),(818,16,'4983','MAHDUM','Officer Penyelidikan & Penggalangan','KS','1','','',NULL,NULL,NULL,NULL),(819,16,'4987','SELAMET','Danton Security Area C','KS','1','','',NULL,NULL,NULL,NULL),(820,16,'4989','BUNYAMIN','Danton Security Area D','KS','1','','',NULL,NULL,NULL,NULL),(821,16,'4990','MISBAH','Danton Security Area C','KS','1','','',NULL,NULL,NULL,NULL),(822,16,'5100','SUHARDI','Petugas Unit Tangkal Cepat & Patroli','KS','1','','',NULL,NULL,NULL,NULL),(823,16,'5115','NUNUNG RIDWAN','Petugas Unit Tangkal Cepat & Patroli','KS','1','','',NULL,NULL,NULL,NULL),(824,16,'5246','SUBHI','Danton Security Area F','KS','1','','',NULL,NULL,NULL,NULL),(825,16,'5281','SARNAJA','Danton Security Area D','KS','1','','',NULL,NULL,NULL,NULL),(826,16,'5294','KUSPRIYONO','Sr Specialist Design & Org Training','KS','1','','',NULL,NULL,NULL,NULL),(827,16,'5307','SADIKUN','Danton Security Area A','KS','1','','',NULL,NULL,NULL,NULL),(828,16,'5311','AJI WISNU WARDOYO','Danton Security Area A','KS','1','','',NULL,NULL,NULL,NULL),(829,16,'5312','ABDUL FATAH','Danton Security Area F','KS','1','','',NULL,NULL,NULL,NULL),(830,16,'5314','SUNTORO','Danton Security Area C','KS','1','','',NULL,NULL,NULL,NULL),(831,16,'5316','HASAN BASRI','Danton Unit Tangkal Cepat & Patroli','KS','1','','',NULL,NULL,NULL,NULL),(832,16,'5317','HUSIN','Specialist Liaison Officer','KS','1','','',NULL,NULL,NULL,NULL),(833,16,'5318','SAIFUDIN','Danton Security Area B','KS','1','','',NULL,NULL,NULL,NULL),(834,16,'5319','HAMDANI','Danton Security Area A','KS','1','','',NULL,NULL,NULL,NULL),(835,16,'5322','SUWIRYO','Danton Security Area C','KS','1','','',NULL,NULL,NULL,NULL),(836,16,'5327','SUHERLI','Petugas Unit Tangkal Cepat & Patroli','KS','1','','',NULL,NULL,NULL,NULL),(837,16,'5332','EDY SURYADI','Danton Security Area A','KS','1','','',NULL,NULL,NULL,NULL),(838,16,'5333','MOH SACHJULI','Danton Security Area B','KS','1','','',NULL,NULL,NULL,NULL),(839,16,'5336','BUDI YOGASARA FY.','Danton Security Area D','KS','1','','',NULL,NULL,NULL,NULL),(840,16,'5433','YUSNIATI','Officer KM Website','KS','1','','',NULL,NULL,NULL,NULL),(841,16,'5734','DADANG SUDIRMAN','Specialist Liaison Officer','KS','1','','',NULL,NULL,NULL,NULL),(842,16,'5865','DEDY SURYADI','Petugas Unit Tangkal Cepat & Patroli','KS','1','','',NULL,NULL,NULL,NULL),(843,16,'5960','OMA ROMANSYAH','Specialist Planning & Eva.Training','KS','1','','',NULL,NULL,NULL,NULL),(844,16,'5991','SUHERI','Danton Security Area B','KS','1','','',NULL,NULL,NULL,NULL),(845,16,'6047','IGNATIUS WIYONO','Specialist Liaison Officer','KS','1','','',NULL,NULL,NULL,NULL),(846,16,'6131','ASMARIAH','Sr Specialist Design & Org Training','KS','1','','',NULL,NULL,NULL,NULL),(847,16,'6207','MARSUDI SLAMET','Danton Security Area E','KS','1','','',NULL,NULL,NULL,NULL),(848,16,'6212','SUPRIYADI','Danton Unit Tangkal Cepat & Patroli','KS','1','','',NULL,NULL,NULL,NULL),(849,16,'6213','JUHARI','Danton Security Area A','KS','1','','',NULL,NULL,NULL,NULL),(850,16,'6215','ANTONI MANURUNG','Supervisor Security','KS','1','','',NULL,NULL,NULL,NULL),(851,16,'6217','MAMAT RACHMAT','Danton Security Area A','KS','1','','',NULL,NULL,NULL,NULL),(852,16,'6221','A. FURKON','Danton Security Area C','KS','1','','',NULL,NULL,NULL,NULL),(853,16,'6224','MAMAN SUHADI','Petugas Unit Tangkal Cepat & Patroli','KS','1','','',NULL,NULL,NULL,NULL),(854,16,'6505','DRAJAT','Danton Security Area B','KS','1','','',NULL,NULL,NULL,NULL),(855,16,'6671','MARIANA MARPAUNG','Specialist Planning & Eva.Training','KS','1','','',NULL,NULL,NULL,NULL),(856,16,'6714','SUWIRO','Sr Specialist Planning & Eva.Training','KS','1','','',NULL,NULL,NULL,NULL),(857,16,'6734','ACHMAD SARBINI','Danton Unit Tangkal Cepat & Patroli','KS','1','','',NULL,NULL,NULL,NULL),(858,16,'6741','ALI TAFRIJI','Specialist Training & Edu. Budget Ctrl.','KS','1','','',NULL,NULL,NULL,NULL),(859,16,'6902','ZAENAL ARIFIN','Sr Specialist Design & Org Training','KS','1','','',NULL,NULL,NULL,NULL),(860,16,'6930','DANAN DJOJO','Sr Instructor','KS','1','','',NULL,NULL,NULL,NULL),(861,16,'6995','UJANG SURYANA','Danton Security Area E','KS','1','','',NULL,NULL,NULL,NULL),(862,16,'7023','KATEMIN','Officer Training & Edu. Room & Misc.','KS','1','','',NULL,NULL,NULL,NULL),(863,16,'7034','AGUS BUDIYONO','Danton Security Area E','KS','1','','',NULL,NULL,NULL,NULL),(864,16,'7189','MAHZUMI','Supervisor Apprenticeship & Voc.Training','KS','1','','',NULL,NULL,NULL,NULL),(865,16,'7320','UBUN MUH SUBUR','Petugas Unit Tangkal Cepat & Patroli','KS','1','','',NULL,NULL,NULL,NULL),(866,16,'7357','SUWIYARDI','Specialist Knowledge Management','KS','1','','',NULL,NULL,NULL,NULL),(867,16,'7492','USMAN GUMANTI','Supervisor Penyelidikan & Penggalangan','KS','1','','',NULL,NULL,NULL,NULL),(868,16,'7667','ALFRED HUTAJULU','Specialist Knowledge Management','KS','1','','',NULL,NULL,NULL,NULL),(869,16,'7677','HAMDI','Petugas Unit Tangkal Cepat & Patroli','KS','1','','',NULL,NULL,NULL,NULL),(870,16,'7801','ERNA MARLIA','Officer Pelayanan PKL, Riset & Database','KS','1','','',NULL,NULL,NULL,NULL),(871,16,'7835','SUPENO','Supervisor Knowledge Mgt & M Media','KS','1','','',NULL,NULL,NULL,NULL),(872,16,'8016','MARLETA DIAN ARELA','Supervisor Training & Edu.Resources Mgt.','KS','1','','',NULL,NULL,NULL,NULL),(873,16,'8082','HENDRI FAIZAL','Danton Unit Tangkal Cepat & Patroli','KS','1','','',NULL,NULL,NULL,NULL),(874,16,'8198','ASEP YANNA SURJANA','Specialist Knowledge Management','KS','1','','',NULL,NULL,NULL,NULL),(875,16,'8250','USEP SUHAENDI','Sr Instructor **','KS','1','','',NULL,NULL,NULL,NULL),(876,16,'8431','ADI SAHRIJA','Petugas Unit Tangkal Cepat & Patroli','KS','1','','',NULL,NULL,NULL,NULL),(877,16,'8432','SUGIARTO','Petugas Unit Tangkal Cepat & Patroli','KS','1','','',NULL,NULL,NULL,NULL),(878,16,'8439','AZIS','Sr Specialist Planning & Eva.Training','KS','1','','',NULL,NULL,NULL,NULL),(879,16,'8451','DIDIK SUGENG KUNARIADI','Manager HC Training & Education Centre','KS','1','','',NULL,NULL,NULL,NULL),(880,16,'8518','ENCENG SUTRISNA','Specialist Planning & Eva.Training','KS','1','','',NULL,NULL,NULL,NULL),(881,16,'8519','SUDARMA HAMIM','Sr Instructor','KS','1','','',NULL,NULL,NULL,NULL),(882,16,'8553','ANGGORO','Sr Instructor','KS','1','','',NULL,NULL,NULL,NULL),(883,16,'8616','SUNARTO','Specialist Knowledge Management','KS','1','','',NULL,NULL,NULL,NULL),(884,16,'8745','HILMAN SIMATUPANG','Supervisor Security','KS','1','','',NULL,NULL,NULL,NULL),(885,16,'8761','SUPRIATNA','Sr Instructor','KS','1','','',NULL,NULL,NULL,NULL),(886,16,'8835','ODIN HIDAYAT','Officer Penyelidikan & Penggalangan','KS','1','','',NULL,NULL,NULL,NULL),(887,16,'9907','AGUS MULYADI','Sr Instructor','KS','1','','',NULL,NULL,NULL,NULL),(888,16,'10160','ENI INDRIYATI','Specialist Training & Education Adm.','KS','1','','',NULL,NULL,NULL,NULL),(889,16,'10185','SLAMET RIYANTO','Sr Instructor','KS','1','','',NULL,NULL,NULL,NULL),(890,16,'10449','AGUSTIAR','Specialist Liaison Officer','KS','1','','',NULL,NULL,NULL,NULL),(891,16,'10521','ROUFIMALY','Specialist Planning & Eva.Training **','KS','1','','',NULL,NULL,NULL,NULL),(892,16,'10600','MUHTADI','Officer Penyelidikan & Penggalangan','KS','1','','',NULL,NULL,NULL,NULL),(893,16,'10628','SABIHIS','Superintendent Knowledge Management','KS','1','','',NULL,NULL,NULL,NULL),(894,16,'11265','AJAT SUDRAJAT','Pet Apprenticeship & Voc. Training','KS','1','','',NULL,NULL,NULL,NULL),(895,16,'11266','ROHANI ARIF SUDRAJAT','Officer Training & Education Workshop','KS','1','','',NULL,NULL,NULL,NULL),(896,16,'11392','HULAIDA','Librarian','KS','1','','',NULL,NULL,NULL,NULL),(897,16,'11488','CERRI AMANDA NOOR','Specialist Planning& Eva.Training(Ors)','KS','1','','',NULL,NULL,NULL,NULL),(898,16,'93001398','ASEP MUHSIN JAELANI','Manager Security (PKWT)','KS','1','','',NULL,NULL,NULL,NULL),(899,17,'10325','ARMAN BENNY','Assistant to Direktur Keuangan','KS','1','','',NULL,NULL,NULL,NULL),(900,17,'KS005','SUKANDAR','DIREKTORAT KEUANGAN','KS','1','','',NULL,NULL,NULL,NULL),(901,18,'5185','ITJE DJUNARIAH','Staf Setingkat Officer','KS','1','','',NULL,NULL,NULL,NULL),(902,18,'6278','SUTIKNO','Chief Akuntan','KS','1','','',NULL,NULL,NULL,NULL),(903,18,'8088','AANG BURHANUDIN','Staf Akuntan Setingkat Superintendent','KS','1','','',NULL,NULL,NULL,NULL),(904,18,'9872','BAMBANG HARJOKO','Staf Akuntan setingkat Supervisor','KS','1','','',NULL,NULL,NULL,NULL),(905,18,'10052','FIRMAN ISTHIADY','General Manager Accounting','KS','1','','',NULL,NULL,NULL,NULL),(906,18,'10073','RUDI HERMANTRI','Staf Akuntan Setingkat Superintendent','KS','1','','',NULL,NULL,NULL,NULL),(907,18,'10326','ARIEF SANTOSA','Sr Akuntan','KS','1','','',NULL,NULL,NULL,NULL),(908,19,'4076','MUHAMMAD SYAEFUDIN','Administrator Pemeliharaan SMKS','KS','1','','',NULL,NULL,NULL,NULL),(909,19,'9641','ANIE SRIWIYANTI HANDAYANI','General Manager Corporate Finance','KS','1','','',NULL,NULL,NULL,NULL),(910,19,'6242A','TRI HARJANA','','KS','1','','',NULL,NULL,NULL,NULL),(911,20,'6634','HARIS SETIJOSASONO','General Manager Subsidiaries Company','KS','1','','',NULL,NULL,NULL,NULL),(912,20,'10355A','LIENA MARIAH','','KS','1','','',NULL,NULL,NULL,NULL),(913,21,'5474','SUGIAT','Administration & Data Support','KS','1','','',NULL,NULL,NULL,NULL),(914,21,'6927','ROBBY TD JANIS','Head Of Investor Relation','KS','1','','',NULL,NULL,NULL,NULL),(915,21,'8569','WIDITA ANDAKA','Chief Specialist Investor Relation','KS','1','','',NULL,NULL,NULL,NULL),(916,21,'9397','QOMAR KUNTADI','Officer Administration & Data Support','KS','1','','',NULL,NULL,NULL,NULL),(917,21,'11172','DHANNY ADITYA','Administration & Data Support','KS','1','','',NULL,NULL,NULL,NULL),(918,22,'3975','SHOLEH BIN MACHMUD','Akuntan Verif Fisik Persed Pab Penger','KS','1','','',NULL,NULL,NULL,NULL),(919,22,'4000','ABDUL KADIR','Superintendent Verif Fisik Persed & AT','KS','1','','',NULL,NULL,NULL,NULL),(920,22,'5387','ERIS MUNADI','Akuntan Verif Fisik Persed Pab Penger','KS','1','','',NULL,NULL,NULL,NULL),(921,22,'5389','SURYADI','Akuntan Persediaan Produk NC & Diklat','KS','1','','',NULL,NULL,NULL,NULL),(922,22,'5392','SUPRAPTO','Akuntan Persediaan Billet Baja','KS','1','','',NULL,NULL,NULL,NULL),(923,22,'5394','ROY ACHMAD SUJAI','Akuntan Verif Fisik Persed Mat Beng & Ut','KS','1','','',NULL,NULL,NULL,NULL),(924,22,'5400','TRIYANTO','Akuntan BP Pabrik Gas Industri','KS','1','','',NULL,NULL,NULL,NULL),(925,22,'5477','SUGIYANTO','Akuntan Verifikasi Fisik Aktiva Tetap','KS','1','','',NULL,NULL,NULL,NULL),(926,22,'5489','BUNANTO','Akuntan Biaya Produksi PBB','KS','1','','',NULL,NULL,NULL,NULL),(927,22,'5506','DWI TJAHYO WIDODO','Akuntan Biaya Produksi Pabrik BK','KS','1','','',NULL,NULL,NULL,NULL),(928,22,'5518','UJANG RUSLAN SUPIANDI','Akuntan Persediaan SC','KS','1','','',NULL,NULL,NULL,NULL),(929,22,'5633','NUROKHMAN','Akuntan Verif Fisik Persed Pab Penger','KS','1','','',NULL,NULL,NULL,NULL),(930,22,'5741','HERBERT','Akuntan Verif Fisik Persed Pab Pengol','KS','1','','',NULL,NULL,NULL,NULL),(931,22,'6462','YETTY SRI HESTI','Officer Akt Verif Fisik Aktiva Tetap','KS','1','','',NULL,NULL,NULL,NULL),(932,22,'7243','SRI HARYATI','Sr Akuntan Pengemb Sistem PCS & SAP','KS','1','','',NULL,NULL,NULL,NULL),(933,22,'7687','ASEP SARIPUDIN','Akuntan Verif Fisik Persed Mat Beng & Ut','KS','1','','',NULL,NULL,NULL,NULL),(934,22,'8021','TARMUZI','Akuntan Persediaan NSC','KS','1','','',NULL,NULL,NULL,NULL),(935,22,'8090','TOMY SUHARNO','Superintendent Akt BP Prasarana & BK','KS','1','','',NULL,NULL,NULL,NULL),(936,22,'8228','R. AJAT SUDRAJAT','Superintendent Akt BP Pab Pengolahan','KS','1','','',NULL,NULL,NULL,NULL),(937,22,'9662','SUKAMSI','Akuntan Persediaan BLD','KS','1','','',NULL,NULL,NULL,NULL),(938,22,'9795','MASYADI','Akuntan Persediaan Batang Kawat','KS','1','','',NULL,NULL,NULL,NULL),(939,22,'9924','RUSLAN SISWANTONO','Akuntan BP Work Shop','KS','1','','',NULL,NULL,NULL,NULL),(940,22,'10019','BUDI SLAMET','Akuntan Persediaan NSC','KS','1','','',NULL,NULL,NULL,NULL),(941,22,'10049','DAHLAN MIHARDJA','Superintendent Akt Mat & Non Core','KS','1','','',NULL,NULL,NULL,NULL),(942,22,'10074','TEGUH HERMAWAN','Akuntan Verif Fisik Persed Mat Beng & Ut','KS','1','','',NULL,NULL,NULL,NULL),(943,22,'10144','YAYAN MULYANA','Superintendent Akt BP Pab Pengerolan','KS','1','','',NULL,NULL,NULL,NULL),(944,22,'10206','BASUKI WITJAHYO','Sr Akuntan Pengemb Sistem PCS & SAP','KS','1','','',NULL,NULL,NULL,NULL),(945,22,'10324','DAZUL HERMAN','Manager Akuntansi Pabrik','KS','1','','',NULL,NULL,NULL,NULL),(946,22,'10402','DIAN MARDI MIANTORO','Akuntan Persediaan Besi Spons','KS','1','','',NULL,NULL,NULL,NULL),(947,22,'10689','DADANG SUHERMAN','Akuntan Verif Fisik Persed Pab Pengol','KS','1','','',NULL,NULL,NULL,NULL),(948,22,'10724','DIAN EKA PUTRI','Akuntan Persediaan Slab Baja','KS','1','','',NULL,NULL,NULL,NULL),(949,22,'10926','IMAM AZHAR','Akuntan Persediaan BLP','KS','1','','',NULL,NULL,NULL,NULL),(950,22,'10930','NINIK WERDININGSIH','Akuntan BP Pabrik Kapur','KS','1','','',NULL,NULL,NULL,NULL),(951,22,'10955','LISTIEN WALUDIANTI','Akuntan Biaya Produksi PBS','KS','1','','',NULL,NULL,NULL,NULL),(952,22,'11455','TALLY GUSTIANTO','Akuntan Laporan Biaya Prod & Pers','KS','1','','',NULL,NULL,NULL,NULL),(953,22,'11476','LISTIANA KURNIA ARUM','Officer Persediaan BLP','KS','1','','',NULL,NULL,NULL,NULL),(954,22,'11478','RECHI IRAWAN','Officer Akuntansi Persediaan SC','KS','1','','',NULL,NULL,NULL,NULL),(955,22,'11757','TOPAN NURUL HUDA','Officer Akt Ver Fis Pers Pab Pengo(Ors)','KS','1','','',NULL,NULL,NULL,NULL),(956,22,'11794','AHMAD IRSYADI NUR','Akuntan Sistem Inf & Harga Transfer(Ors)','KS','1','','',NULL,NULL,NULL,NULL),(957,22,'11800','HENDRIYANA','Akuntan Biaya Produksi PSB (Ors)','KS','1','','',NULL,NULL,NULL,NULL),(958,22,'11823','RODEANO AGASTA','Akuntan Biaya Produksi Pabrik BLD (Ors)','KS','1','','',NULL,NULL,NULL,NULL),(959,23,'5273','SRI UMIYATI','Superintendent Verifikasi Pembayaran II','KS','1','','',NULL,NULL,NULL,NULL),(960,23,'5406','ADANG RACHMAT','Akuntan Hutang,Pajak & Overhead Cost','KS','1','','',NULL,NULL,NULL,NULL),(961,23,'5408','ATIK SRI SUSILOWATI','Akuntan Piutang,Bank & Investasi','KS','1','','',NULL,NULL,NULL,NULL),(962,23,'5472','M. HUSEN SIRAD','Supervisor Verifikasi Pembayaran I/I','KS','1','','',NULL,NULL,NULL,NULL),(963,23,'5499','DADIK RADIYA BRATA','Supervisor Verifikasi Pembayaran I/II','KS','1','','',NULL,NULL,NULL,NULL),(964,23,'6018','AMARUDIN','Akuntan Keuangan & Sistem Informasi','KS','1','','',NULL,NULL,NULL,NULL),(965,23,'6061','DADANG SOLEH MARJUK','Officer Verifikasi Pembayaran I/I','KS','1','','',NULL,NULL,NULL,NULL),(966,23,'6084','PUJIATI','Akuntan Piutang,Bank & Investasi','KS','1','','',NULL,NULL,NULL,NULL),(967,23,'6307','USUP','Akuntan Konstruksi','KS','1','','',NULL,NULL,NULL,NULL),(968,23,'6375','IPIN ARIFIN','Akuntan Hutang,Pajak & Overhead Cost','KS','1','','',NULL,NULL,NULL,NULL),(969,23,'6640','ROMUALDUS SITUMEANG','Akuntan Fixed Assets','KS','1','','',NULL,NULL,NULL,NULL),(970,23,'6642','ERLINA NEFOSIA','Officer Verifikasi Pembayaran II/I','KS','1','','',NULL,NULL,NULL,NULL),(971,23,'6643','SULAMI','Akuntan Piutang,Bank & Investasi','KS','1','','',NULL,NULL,NULL,NULL),(972,23,'6892','NUR FAIDAH','Supervisor Verifikasi Pembayaran II/II','KS','1','','',NULL,NULL,NULL,NULL),(973,23,'8058','AEP TAVIP SAPUTRA','Akuntan Fixed Assets','KS','1','','',NULL,NULL,NULL,NULL),(974,23,'8463','BUDI WAHYU','Supervisor Verifikasi Pembayaran II/I','KS','1','','',NULL,NULL,NULL,NULL),(975,23,'8911','TEGUH WIYONO','Sr Akuntan Proses Laporan Keuangan','KS','1','','',NULL,NULL,NULL,NULL),(976,23,'9447','SAEPUDIN','Akuntan Piutang,Bank & Investasi','KS','1','','',NULL,NULL,NULL,NULL),(977,23,'9450','SUGENG PRATONDO','Akuntan Keuangan & Sistem Informasi','KS','1','','',NULL,NULL,NULL,NULL),(978,23,'9464','IWAN SYACHRI','Officer Verifikasi Pembayaran II/I','KS','1','','',NULL,NULL,NULL,NULL),(979,23,'9831','AGUSMAN RAJAGUKGUK','Akuntan Proses Laporan Keuangan','KS','1','','',NULL,NULL,NULL,NULL),(980,23,'9869','DADANG MUSLIH','Superintendent Akuntansi Umum','KS','1','','',NULL,NULL,NULL,NULL),(981,23,'10012','RETNO GIARTO','Superintendent Verifikasi Pembayaran I','KS','1','','',NULL,NULL,NULL,NULL),(982,23,'10335','NANDANG HARIANA','Manager Akuntansi Keuangan','KS','1','','',NULL,NULL,NULL,NULL),(983,23,'10356','MUHAMMAD AMINUDIN AZIS','Superintendent Akuntansi Konstruksi & AT','KS','1','','',NULL,NULL,NULL,NULL),(984,23,'10691','WALUYO','Akuntan Piutang,Bank & Investasi','KS','1','','',NULL,NULL,NULL,NULL),(985,23,'10692','SRI NARWATI TRINURAINI','Officer Verifikasi Pembayaran I/II','KS','1','','',NULL,NULL,NULL,NULL),(986,23,'10693','BAMBANG CATUR SUPRIYADI','Supervisor Pembiayaan Konst & FA','KS','1','','',NULL,NULL,NULL,NULL),(987,23,'10744','ERI HENDRAWAN AGUSTIONO WAHYU UTOMO','Superintendent Laporan Keuangan','KS','1','','',NULL,NULL,NULL,NULL),(988,23,'10935','YUNITA PUSPITASARI','Akuntan Proses Laporan Keuangan','KS','1','','',NULL,NULL,NULL,NULL),(989,23,'10969','ADITYA CHANDRA WIRAWAN','Sr Akuntan Proses Laporan Keuangan','KS','1','','',NULL,NULL,NULL,NULL),(990,23,'11439','JANUAR ISHAQ','Akuntan Hutang, Pajak & Overhead Cost','KS','1','','',NULL,NULL,NULL,NULL),(991,23,'11442','LUKI MALIKUL MALIK','Akuntan Piutang,Bank & Investasi','KS','1','','',NULL,NULL,NULL,NULL),(992,23,'11462','ARIEF DWIYANTO','Officer Verifikasi Pembayaran II/II','KS','1','','',NULL,NULL,NULL,NULL),(993,23,'11475','LARISSA ANDITHA GESTARIANA','Officer Verifikasi Pembayaran I/I','KS','1','','',NULL,NULL,NULL,NULL),(994,23,'11485','WAHYU SASONGKO','Officer Verifikasi Pembayaran II/II','KS','1','','',NULL,NULL,NULL,NULL),(995,23,'11733','DINAR PRATIWI','Officer Verifikasi Pembayaran II/II(Ors)','KS','1','','',NULL,NULL,NULL,NULL),(996,23,'11738','DYAH MAULIDYAH','Officer Verifikasi Pembayaran I/II (Ors)','KS','1','','',NULL,NULL,NULL,NULL),(997,23,'11740','ISLAMY JULIGA DAFINCI','Officer Verifikasi Pembayaran I/II (Ors)','KS','1','','',NULL,NULL,NULL,NULL),(998,23,'11754','MUHAMMAD RIZKY FIRMANSYAH','Officer Pembiayaan Konstruksi & FA (Ors)','KS','1','','',NULL,NULL,NULL,NULL),(999,23,'11788','MIRA PUTRI PRATIWI','Akuntan Piutang,Bank & Investasi (Ors)','KS','1','','',NULL,NULL,NULL,NULL),(1000,23,'11802','RAHARDIAN MALIK MUGHNI GANI','Akuntan Konstruksi (Ors)','KS','1','','',NULL,NULL,NULL,NULL),(1001,24,'4259','OSBAYER S','Supervisor Anggaran & Biaya','KS','1','','',NULL,NULL,NULL,NULL),(1002,24,'6128','CANDRA SEKAR','Sr Akuntan Perenc & Pengend Anggaran','KS','1','','',NULL,NULL,NULL,NULL),(1003,24,'7974','RIDWAN','Sr Akuntan Perenc & Pengend Anggaran','KS','1','','',NULL,NULL,NULL,NULL),(1004,24,'8595','KOESMA SOEMANTRI','Manager Akuntansi Manajemen','KS','1','','',NULL,NULL,NULL,NULL),(1005,24,'9871','SETYA WARDHANA','Superintendent Anggaran','KS','1','','',NULL,NULL,NULL,NULL),(1006,24,'10140','ARIS SUBRANTA','Sr Akuntan Perenc & Pengend Anggaran','KS','1','','',NULL,NULL,NULL,NULL),(1007,24,'10194','HILMAN SETIAWAN','Sr Akuntan Perenc & Pengend Anggaran','KS','1','','',NULL,NULL,NULL,NULL),(1008,24,'10739','DANEKA ANDARI UTTAMAHITA','Sr Akuntan Perenc & Pengend Anggaran','KS','1','','',NULL,NULL,NULL,NULL),(1009,24,'10925','TRIA MUHARIFA RACHMAN','Supervisor Anggaran BM & Pembangunan','KS','1','','',NULL,NULL,NULL,NULL),(1010,24,'11456','TOMMY ISNAENI DWI KURNIAWAN','Akuntan Perenc & Pengend Anggaran','KS','1','','',NULL,NULL,NULL,NULL),(1011,24,'11766','SINGGIH WIDIGDYA','Officer Anggaran BM & Pembangunan (Ors)','KS','1','','',NULL,NULL,NULL,NULL),(1012,24,'11808','RONI SUHENDI','Akuntan Perenc & Pengend Anggaran (Ors)','KS','1','','',NULL,NULL,NULL,NULL),(1013,25,'5439','MUCHLIS','Officer Pembayaran II','KS','1','','',NULL,NULL,NULL,NULL),(1014,25,'5473','ANI YUSTIANI','Supervisor Pembayaran II','KS','1','','',NULL,NULL,NULL,NULL),(1015,25,'5492','LUKMAN GUNAWAN','Officer Pendanaan Import','KS','1','','',NULL,NULL,NULL,NULL),(1016,25,'5643','NGABAS BIN HARDJO','Kasir Kepala','KS','1','','',NULL,NULL,NULL,NULL),(1017,25,'6263','ALING BUDIMANINGSIH','Officer Bank Garansi','KS','1','','',NULL,NULL,NULL,NULL),(1018,25,'6623','MUSTAKIM','Supervisor Pembayaran I','KS','1','','',NULL,NULL,NULL,NULL),(1019,25,'7215','MOH.HARYONO','Superintendent Pengendalian Kas','KS','1','','',NULL,NULL,NULL,NULL),(1020,25,'7245','FATURACHMAN','Officer L/C','KS','1','','',NULL,NULL,NULL,NULL),(1021,25,'7656','MARUDUT','Officer Penerimaan','KS','1','','',NULL,NULL,NULL,NULL),(1022,25,'7845','SITI ROYATI NAPISAH','Manager Operasi Pendanaan','KS','1','','',NULL,NULL,NULL,NULL),(1023,25,'7865','HARLISMAN','Officer Pembayaran II','KS','1','','',NULL,NULL,NULL,NULL),(1024,25,'8007','IMANUDIN','Superintendent Pembayaran Import','KS','1','','',NULL,NULL,NULL,NULL),(1025,25,'8634','OOS KOSWARA','Supervisor Pengendalian Import','KS','1','','',NULL,NULL,NULL,NULL),(1026,25,'9451','TINGGAL','Officer Penerimaan','KS','1','','',NULL,NULL,NULL,NULL),(1027,25,'9999','IKHWAN TAUFIQ','Officer Pembayaran II','KS','1','','',NULL,NULL,NULL,NULL),(1028,25,'10934','NITA AINIA','Supervisor Adm Import','KS','1','','',NULL,NULL,NULL,NULL),(1029,25,'10940','KASNING PURWANI','Supervisor Laporan & Kliring','KS','1','','',NULL,NULL,NULL,NULL),(1030,25,'11481','RIFALDHY ANDARU','Officer Kliring','KS','1','','',NULL,NULL,NULL,NULL),(1031,26,'5398','CECEP JAMIL','Officer Faktur BLD','KS','1','','',NULL,NULL,NULL,NULL),(1032,26,'5414','BAMBANG SUGIARTO','Supervisor PPN','KS','1','','',NULL,NULL,NULL,NULL),(1033,26,'5440','HEDAR','Superintendent Faktur Produk Utama','KS','1','','',NULL,NULL,NULL,NULL),(1034,26,'5475','AMAT MUNAWIR','Officer Faktur BLD','KS','1','','',NULL,NULL,NULL,NULL),(1035,26,'5494','MASDUKI MAFHUM','Supervisor Faktur Baja Batangan','KS','1','','',NULL,NULL,NULL,NULL),(1036,26,'5502','ARTIAH','Officer Pengendalian Faktur','KS','1','','',NULL,NULL,NULL,NULL),(1037,26,'5503','EDIT ROSENDI','Officer Pengendalian Faktur','KS','1','','',NULL,NULL,NULL,NULL),(1038,26,'5519','GALUNG WIDI ANTORO','Officer PPH & Pajak Daerah','KS','1','','',NULL,NULL,NULL,NULL),(1039,26,'5642','SUHARMAN','Supervisor Faktur Non Produk','KS','1','','',NULL,NULL,NULL,NULL),(1040,26,'5750','ABDULLAH','Supervisor Asuransi','KS','1','','',NULL,NULL,NULL,NULL),(1041,26,'6250','SURYATI','Officer Faktur BLP','KS','1','','',NULL,NULL,NULL,NULL),(1042,26,'6305','MUHYIDIN','Officer Faktur Non Produk','KS','1','','',NULL,NULL,NULL,NULL),(1043,26,'6309','RIMSON MARNABAS','Officer Laporan Faktur','KS','1','','',NULL,NULL,NULL,NULL),(1044,26,'6461','DONO RUS INDARTO','Supervisor Bea Impor','KS','1','','',NULL,NULL,NULL,NULL),(1045,26,'6533','AGUS RIDWAN','Superintendent Asuransi & Bea Import','KS','1','','',NULL,NULL,NULL,NULL),(1046,26,'6552','TEDDY SUTRISNO','Superintendent Faktur Non Prod & Penunj','KS','1','','',NULL,NULL,NULL,NULL),(1047,26,'6590','WAWAN SETIAWAN','Officer Asuransi Kerugian','KS','1','','',NULL,NULL,NULL,NULL),(1048,26,'6639','AMINING SRI REDJEKI','Supervisor PPH & Pajak Daerah','KS','1','','',NULL,NULL,NULL,NULL),(1049,26,'6670','ACHMAD FAUZI','Officer Faktur BLP','KS','1','','',NULL,NULL,NULL,NULL),(1050,26,'6874','RAMLI AZIZ','Officer PPN','KS','1','','',NULL,NULL,NULL,NULL),(1051,26,'7397','AMRAN','Supervisor Faktur BLP','KS','1','','',NULL,NULL,NULL,NULL),(1052,26,'7978','SUHARYONO','Administrator Uang Muka & Klaim Faktur','KS','1','','',NULL,NULL,NULL,NULL),(1053,26,'8276','YAYAT ALIF RUHIYAT','Supervisor Laporan & Pengend Faktur','KS','1','','',NULL,NULL,NULL,NULL),(1054,26,'9651','ROSIHAN ANWAR','Supervisor Faktur BLD','KS','1','','',NULL,NULL,NULL,NULL),(1055,26,'10070','DEKRIT PRATIKTO','Manager Pajak, Asuransi & Faktur','KS','1','','',NULL,NULL,NULL,NULL),(1056,26,'10159','IIS HAERANI','Officer Faktur Baja Batangan','KS','1','','',NULL,NULL,NULL,NULL),(1057,26,'10687','ASEP NURUDIN AYUB','Officer Bea Impor','KS','1','','',NULL,NULL,NULL,NULL),(1058,26,'10688','AHMAD FURQON','Superintendent Perpajakan','KS','1','','',NULL,NULL,NULL,NULL),(1059,26,'10937','RACHMADI BIN SLAMET','Officer Faktur Baja Batangan','KS','1','','',NULL,NULL,NULL,NULL),(1060,26,'11464','ASTRY RUSFITASARY','Officer PPH & Pajak Daerah','KS','1','','',NULL,NULL,NULL,NULL),(1061,26,'11469','DYAH AYU FEBRIANITA','Officer Laporan & Rekons Pajak','KS','1','','',NULL,NULL,NULL,NULL),(1062,26,'11474','INDRA PRAMANA DWI PUTRA','Officer PPN','KS','1','','',NULL,NULL,NULL,NULL),(1063,26,'11732','ALIANA ADALIAN','Officer Penutupan & Klaim Asuransi (Ors)','KS','1','','',NULL,NULL,NULL,NULL),(1064,26,'11810','YADI SUPRIADI','Supervisor Lap &Rekonsiliasi Pajak (Ors)','KS','1','','',NULL,NULL,NULL,NULL),(1065,27,'5454','NANANG KUSMANA','Specialist Collector Traiding','KS','1','','',NULL,NULL,NULL,NULL),(1066,27,'5500','ADIMAN','Supervisor Collector Non Product','KS','1','','',NULL,NULL,NULL,NULL),(1067,27,'5921','TRI SUSILOWATI','Officer Collector Non Product','KS','1','','',NULL,NULL,NULL,NULL),(1068,27,'6242','TRIHARJANA','Manager Credit & Collection','KS','1','','',NULL,NULL,NULL,NULL),(1069,27,'6891','ROSYID AMIN','Supervisor Collector CRC','KS','1','','',NULL,NULL,NULL,NULL),(1070,27,'6932','SUWANDOYO','Specialist Collector Traiding','KS','1','','',NULL,NULL,NULL,NULL),(1071,27,'7021','ISNAINI','Supervisor Collector HRC','KS','1','','',NULL,NULL,NULL,NULL);
INSERT INTO `tblkaryawan` VALUES (1072,27,'7039','EKA SASTRA','Specialist Report & System','KS','1','','',NULL,NULL,NULL,NULL),(1073,27,'8984','UDIN','Officer Sales Payment&Guarantee Contr NF','KS','1','','',NULL,NULL,NULL,NULL),(1074,27,'9867','MARITA KUSUMASTUTI','Officer Collector CRC','KS','1','','',NULL,NULL,NULL,NULL),(1075,27,'10018','MIFTAHOL MI\'RADJ','Specialist Credit Analyst','KS','1','','',NULL,NULL,NULL,NULL),(1076,27,'10072','ROSNIAR','Supervisor Collector WR & Export','KS','1','','',NULL,NULL,NULL,NULL),(1077,27,'10163','SRI WAHYUNI','Specialist Sales Payment&Guar Contr Flat','KS','1','','',NULL,NULL,NULL,NULL),(1078,27,'10191','YULIS CAHYARANI','Specialist Report & System','KS','1','','',NULL,NULL,NULL,NULL),(1079,27,'10202','DIAN WILIS KRISTANTRI','Superintendent Collection HRC & CRC','KS','1','','',NULL,NULL,NULL,NULL),(1080,27,'10338','NEILA VIDA','Superintendent Sales Payment& Guar contr','KS','1','','',NULL,NULL,NULL,NULL),(1081,27,'10339','MUZAKIR','Sr Specialist Credit Analyst','KS','1','','',NULL,NULL,NULL,NULL),(1082,27,'10979','AYU NOVIASARI','Specialist Sales Payment&Guar Contr NF','KS','1','','',NULL,NULL,NULL,NULL),(1083,27,'11734','JELITA KAESARA','Officer Collector Wire Rod (Ors)','KS','1','','',NULL,NULL,NULL,NULL),(1084,27,'11739','GITA MELODIANA','Officer Sales Payment&Guarant CF (Ors)','KS','1','','',NULL,NULL,NULL,NULL),(1085,27,'11768','FITRIA RAMADHANIA SUSANTO','Officer Collector HRC (Ors)','KS','1','','',NULL,NULL,NULL,NULL),(1086,28,'6893','NANA SUMARNA','Sr Specialist Money Market','KS','1','','',NULL,NULL,NULL,NULL),(1087,28,'7662','ALOYSIUS HIMAWAN','Officer Administration Support','KS','1','','',NULL,NULL,NULL,NULL),(1088,28,'10195','SUSY WULAN SARI','Sr Specialist Money Market','KS','1','','',NULL,NULL,NULL,NULL),(1089,28,'10201','SULISTYAWATI','Sr Specialist Money Market','KS','1','','',NULL,NULL,NULL,NULL),(1090,28,'10342','ROSITAWATI','Manager Funding Strategy','KS','1','','',NULL,NULL,NULL,NULL),(1091,28,'10353','ROSALIYA DEWI SETIYORINI','Sr Specialist Foreign Exchange','KS','1','','',NULL,NULL,NULL,NULL),(1092,28,'11805','SORAYA RIZFATHANTY','Specialist Funding Strategy (Ors)','KS','1','','',NULL,NULL,NULL,NULL),(1093,29,'5271','BAMBANG SISWOYO','Manager Perwakilan Keuangan Jakarta','KS','1','','',NULL,NULL,NULL,NULL),(1094,29,'7064','ARIEF RACHMAN TUKAN','Supervisor Perbendaharaan','KS','1','','',NULL,NULL,NULL,NULL),(1095,29,'8030','UJANG SUKMA RAHAYU','Supervisor Akuntansi','KS','1','','',NULL,NULL,NULL,NULL),(1096,29,'9998','RACHMAT PRIADI','Sr Akuntan Keuangan Jakarta','KS','1','','',NULL,NULL,NULL,NULL),(1097,29,'10156','AGUS BUDI SANTOSO','Kasir','KS','1','','',NULL,NULL,NULL,NULL),(1098,29,'11753','IDHAM HAMIDI','Officer Verifikasi (Ors)','KS','1','','',NULL,NULL,NULL,NULL),(1099,30,'5423','AGUS ROHANI','Specialist Project Finance','KS','1','','',NULL,NULL,NULL,NULL),(1100,30,'6427','THONY OCTAVIANANTO','Sr Specialist Project Finance','KS','1','','',NULL,NULL,NULL,NULL),(1101,30,'10351','WILDAN ARIEF','Group Leader Project Finance','KS','1','','',NULL,NULL,NULL,NULL),(1102,30,'11425','ABDU ROBBI','Specialist Project Finance','KS','1','','',NULL,NULL,NULL,NULL),(1103,30,'11831','YOGI FIRMANSYAH','Specilaist Project Finance (Ors)','KS','1','','',NULL,NULL,NULL,NULL),(1104,30,'11833','DORI AL QADRI','Specilaist Project Finance (Ors)','KS','1','','',NULL,NULL,NULL,NULL),(1105,31,'5483','SUPRIYADI','Sr Spesialis Analisis Bisnis & Fin APBJ','KS','1','','',NULL,NULL,NULL,NULL),(1106,31,'6279','EKASWARA RAMADHI','Manager Mjn Bisnis AP&PP Bidang Jasa','KS','1','','',NULL,NULL,NULL,NULL),(1107,31,'10336','EVINDA DEMIYETRI','Sr Spesialis Analisis Bisnis & Fin APBJ','KS','1','','',NULL,NULL,NULL,NULL),(1108,31,'10742','EMIRDA EKA DEANITA','Sr Spesialis Analisis Bisnis & Fin APBJ','KS','1','','',NULL,NULL,NULL,NULL),(1109,31,'10980','SITTI MARYAM','Administrator Bisnis & Finansial APBJ','KS','1','','',NULL,NULL,NULL,NULL),(1110,32,'8162','DWI HARTONO','Sr Spesialis Analisis Bisnis & Fin APBM','KS','1','','',NULL,NULL,NULL,NULL),(1111,32,'10333','SRI ANDAYANI','Sr Spesialis Analisis Bisnis & Fin APBM','KS','1','','',NULL,NULL,NULL,NULL),(1112,32,'10334','WIDDI ARIEF HERMAWAN','Manager Mjn Bisnis AP&PP Bidang Manufakt','KS','1','','',NULL,NULL,NULL,NULL),(1113,32,'10355','LIENA MARIAH','Sr Spesialis Analisis Bisnis & Fin APBM','KS','1','','',NULL,NULL,NULL,NULL),(1114,33,'8091','ASEP MULYANA','Sr Specialist Bus Sinergy &Inv Portfolio','KS','1','','',NULL,NULL,NULL,NULL),(1115,33,'9249','NOVRIL AZHARI','Sr Specialist Bus Sinergy &Inv Portfolio','KS','1','','',NULL,NULL,NULL,NULL),(1116,33,'10104','ADRI MULUK','Manager Business Sinergy&Inves Portfolio','KS','1','','',NULL,NULL,NULL,NULL),(1117,33,'10737','YOSSI SASTRIANI','Sr Specialist Bus Sinergy &Inv Portfolio','KS','1','','',NULL,NULL,NULL,NULL),(1118,33,'10939','BAGAS SUDRAJAT WICAKSONO','Specialist Bus Sinergy & Inv Portfolio','KS','1','','',NULL,NULL,NULL,NULL),(1119,33,'10143B','RADEN OVI YUSUF','','KS','1','','',NULL,NULL,NULL,NULL),(1120,34,'5970','FARJUMZAL','Assistant to Direktur Logistik','KS','1','','',NULL,NULL,NULL,NULL),(1121,34,'6089','AGUS PRAMONO','Assistant to Direktur Logistik','KS','1','','',NULL,NULL,NULL,NULL),(1122,34,'KS002','IMAM PURWANTO','IMAM PURWANTO','KS','1','','',NULL,NULL,NULL,NULL),(1123,35,'3962','DASEP HOERUMAN','Staf Perenc & Pengend Logistik','KS','1','','',NULL,NULL,NULL,NULL),(1124,35,'6231','ALFIN MARNUDIN','Staf Logistik Planning Setingkat Petugas','KS','1','','',NULL,NULL,NULL,NULL),(1125,35,'6679','PAIDI','Staf Perencanaan Logistik','KS','1','','',NULL,NULL,NULL,NULL),(1126,35,'7797','TATANG KUSMARA','General Manager Logistic Planning','KS','1','','',NULL,NULL,NULL,NULL),(1127,35,'9079','ROYKE BIXBY WOODY MONINGKA','Administrator SMKS','KS','1','','',NULL,NULL,NULL,NULL),(1128,35,'9860','SLAMET RIADI','Officer Adm Perencanaan Logistik','KS','1','','',NULL,NULL,NULL,NULL),(1129,35,'10084','HARY CAHYONO','Sr Specialist Logistic Planning','KS','1','','',NULL,NULL,NULL,NULL),(1130,35,'93001397','SUGIANTO','Staf Logistic Planning Stngkt For (PKWT)','KS','1','','',NULL,NULL,NULL,NULL),(1131,36,'7036','SHOLAHUDIN','Sr Specialist Market & Proc Strategy','KS','1','','',NULL,NULL,NULL,NULL),(1132,36,'9863','ANDI RUSTANDI LEMAN','General Manager Procurement','KS','1','','',NULL,NULL,NULL,NULL),(1133,37,'3648','SUHERMAN','Specialist Mtce Servic Cat,PE&Planning','KS','1','','',NULL,NULL,NULL,NULL),(1134,37,'4515','DAYAT HIDAYAT','Specialist Mtce Servic Cat,PE&Planning','KS','1','','',NULL,NULL,NULL,NULL),(1135,37,'4545','BARNAS','Specialist Spare Part Cataloging','KS','1','','',NULL,NULL,NULL,NULL),(1136,37,'5214','GANEFO CAHYONO','Specialist Common Spare Planning','KS','1','','',NULL,NULL,NULL,NULL),(1137,37,'5279','DANA JUANDA','Specialist Mtce Servic Cat,PE&Planning','KS','1','','',NULL,NULL,NULL,NULL),(1138,37,'5600','SUNOTO','Superintendent Common Spare Planning','KS','1','','',NULL,NULL,NULL,NULL),(1139,37,'6251','TATI MURNIATI','Specialist Common Spare Planning','KS','1','','',NULL,NULL,NULL,NULL),(1140,37,'6468','AAN SUWIATNA','Specialist Spare Part Cataloging','KS','1','','',NULL,NULL,NULL,NULL),(1141,37,'7195','DEDI SUARDI','Specialist Spare Part Performance Report','KS','1','','',NULL,NULL,NULL,NULL),(1142,37,'7346','PUGI PULISTIYO','Officer Common Spare Planning','KS','1','','',NULL,NULL,NULL,NULL),(1143,37,'7356','HERU SASMITA','Specialist Spare Part Price Estimation','KS','1','','',NULL,NULL,NULL,NULL),(1144,37,'7839','KUSNANTO','Specialist Mtce Servic Cat,PE&Planning','KS','1','','',NULL,NULL,NULL,NULL),(1145,37,'7898','EDI SARWONO','Specialist Mtce Servic Cat,PE&Planning','KS','1','','',NULL,NULL,NULL,NULL),(1146,37,'7904','SURYA ATMAJA','Specialist Mtce Servic Cat,PE&Planning','KS','1','','',NULL,NULL,NULL,NULL),(1147,37,'8038','HAMAMI','Officer Mtce Services Cat,PE &Planning','KS','1','','',NULL,NULL,NULL,NULL),(1148,37,'8136','FIRMANSYAH BUJANG','Manager Maintenance Planning','KS','1','','',NULL,NULL,NULL,NULL),(1149,37,'8340','GUNADI NUGRAHA','Officer Mtce Services Cat,PE &Planning','KS','1','','',NULL,NULL,NULL,NULL),(1150,37,'8346','EDY SULISTYO','Specialist Mtce Servic Cat,PE&Planning','KS','1','','',NULL,NULL,NULL,NULL),(1151,37,'8435','EMIL SALIM','Superintendent Mtc Services Planning','KS','1','','',NULL,NULL,NULL,NULL),(1152,37,'8615','NURMANSYAH','Specialist Common Spare Planning','KS','1','','',NULL,NULL,NULL,NULL),(1153,37,'8839','SUGENG PRAWOTO','Specialist Spare Part Price Estimation','KS','1','','',NULL,NULL,NULL,NULL),(1154,37,'9561','ADNAN','Specialist Mtce Servic Cat,PE&Planning','KS','1','','',NULL,NULL,NULL,NULL),(1155,37,'9837','ACHMAD NUROFIK','Specialist Spare Part Price Estimation','KS','1','','',NULL,NULL,NULL,NULL),(1156,37,'10057','ADJI NUGROHO','Superintendent Spare Part Cat & PE','KS','1','','',NULL,NULL,NULL,NULL),(1157,37,'10378','SETYANTO UTOMO','Specialist Common Spare Planning','KS','1','','',NULL,NULL,NULL,NULL),(1158,37,'10625','SULISTIO','Officer Mtce Services Cat,PE &Planning','KS','1','','',NULL,NULL,NULL,NULL),(1159,37,'10729','MULYA MAUDUDY','Officer Mtce Services Cat,PE &Planning','KS','1','','',NULL,NULL,NULL,NULL),(1160,37,'11418','REDY AULIYA ROIS','Officer Common Spare Planning','KS','1','','',NULL,NULL,NULL,NULL),(1161,37,'11446','MERLY PASTALOZI','Specialist Spare Part Cataloging','KS','1','','',NULL,NULL,NULL,NULL),(1162,37,'11483','RULI TRIAS PRASETIA','Officer Mtce Servic Cat,PE &Plan','KS','1','','',NULL,NULL,NULL,NULL),(1163,38,'4095','SARDJONO','Evaluator Material Price Standard','KS','1','','',NULL,NULL,NULL,NULL),(1164,38,'4571','MOCHAMAD SUPARDAN','Evaluator Services Cataloging &Price Std','KS','1','','',NULL,NULL,NULL,NULL),(1165,38,'5759','ADE SAPRUDIN','Evaluator Material Cataloging','KS','1','','',NULL,NULL,NULL,NULL),(1166,38,'6624','RIZA FAHLEVI','Evaluator Material Price Standard','KS','1','','',NULL,NULL,NULL,NULL),(1167,38,'6862','REFDIAMON','Evaluator Material Price Standard','KS','1','','',NULL,NULL,NULL,NULL),(1168,38,'7636','MUHAMMAD MUFTI KAMIL','Evaluator Material Cataloging','KS','1','','',NULL,NULL,NULL,NULL),(1169,38,'8035','MAMAT HIDAYAT','Evaluator Services Cataloging &Price Std','KS','1','','',NULL,NULL,NULL,NULL),(1170,38,'8157','HERU BUDIANTO','Evaluator Material Cataloging','KS','1','','',NULL,NULL,NULL,NULL),(1171,38,'8281','MASRIK','Evaluator Material Cataloging','KS','1','','',NULL,NULL,NULL,NULL),(1172,38,'9014','DJUMARI','Superintendent Material Price Standard','KS','1','','',NULL,NULL,NULL,NULL),(1173,38,'9621','NURHIDAYAT','Sr Specialist Sourcing Mgt','KS','1','','',NULL,NULL,NULL,NULL),(1174,38,'9639','SUNARYANTO','Superintendent Material Cataloging','KS','1','','',NULL,NULL,NULL,NULL),(1175,38,'9838','DHENI MULYANTO','Evaluator Material Cataloging','KS','1','','',NULL,NULL,NULL,NULL),(1176,38,'9897','SLAMET SUGIANTO','Sr Specialist Sourcing Mgt','KS','1','','',NULL,NULL,NULL,NULL),(1177,38,'10015','KURDI','Evaluator Material Price Standard','KS','1','','',NULL,NULL,NULL,NULL),(1178,38,'10260','FATHURRAHMI DASRIL','Manager Cataloging & Sourcing Management','KS','1','','',NULL,NULL,NULL,NULL),(1179,38,'11447','MUHAMMAD NASRUDIN','Evaluator Services Cataloging & PS','KS','1','','',NULL,NULL,NULL,NULL),(1180,38,'11814','I NYOMAN BAHWANA SANTIKA','Evaluator Material Cataloging (Ors)','KS','1','','',NULL,NULL,NULL,NULL),(1181,39,'2832','AGUS SUDRADJAT','Officer Receiving Material','KS','1','','',NULL,NULL,NULL,NULL),(1182,39,'2907','EDDY JUNAEDI','Inspector','KS','1','','',NULL,NULL,NULL,NULL),(1183,39,'3646','ENGKOS KOSASIH','Officer Receiving Material','KS','1','','',NULL,NULL,NULL,NULL),(1184,39,'3822','SURADI','Superintendent Receiving &Inspection Mat','KS','1','','',NULL,NULL,NULL,NULL),(1185,39,'3843','M. ALI USMAN','Officer Spare Part Warehouse II','KS','1','','',NULL,NULL,NULL,NULL),(1186,39,'3844','SUNARDI B MASELAN','Officer Operating Supplies Warehouse III','KS','1','','',NULL,NULL,NULL,NULL),(1187,39,'4411','MAUN ACHMAD QUNUT','Officer Operating Supplies Warehouse I','KS','1','','',NULL,NULL,NULL,NULL),(1188,39,'4553','MIZARUDIN','Officer Receiving Material','KS','1','','',NULL,NULL,NULL,NULL),(1189,39,'4646','DEDE RUKMANA','Supervisor Spare Part Warehouse I','KS','1','','',NULL,NULL,NULL,NULL),(1190,39,'4710','FATUROCHMAN','Officer Pengelolaan Barang Limbah','KS','1','','',NULL,NULL,NULL,NULL),(1191,39,'5116','SARMAN','Supervisor Receiving Material','KS','1','','',NULL,NULL,NULL,NULL),(1192,39,'5476','BAMBANG SUGENG','Officer Entreport Warehouse','KS','1','','',NULL,NULL,NULL,NULL),(1193,39,'5606','ENDANG SUPRIATNA','Supervisor Oprt Supplies Warehouse III','KS','1','','',NULL,NULL,NULL,NULL),(1194,39,'5789','ANDA ASMARA','Officer Receiving Material','KS','1','','',NULL,NULL,NULL,NULL),(1195,39,'6090','MEI SUDARTO','Manager Warehousing Management','KS','1','','',NULL,NULL,NULL,NULL),(1196,39,'6355','RAHMATULLAH','Officer Operating Supplies Warehouse III','KS','1','','',NULL,NULL,NULL,NULL),(1197,39,'6637','BUDI RUDIANSYAH','Officer Receiving Material','KS','1','','',NULL,NULL,NULL,NULL),(1198,39,'6649','FRIDA NURWANTI','Sekretaris','KS','1','','',NULL,NULL,NULL,NULL),(1199,39,'6703','AGUS SAPUTRA','Supervisor Oprt Supplies Warehouse I','KS','1','','',NULL,NULL,NULL,NULL),(1200,39,'6750','DUMYATIE','Officer Pengelolaan Barang Limbah','KS','1','','',NULL,NULL,NULL,NULL),(1201,39,'6985','MOHAMAD ASNAWI','Officer Receiving Material','KS','1','','',NULL,NULL,NULL,NULL),(1202,39,'6992','RADEN SUPARMAN','Officer Spare Part Warehouse II','KS','1','','',NULL,NULL,NULL,NULL),(1203,39,'7035','ARIEF USMAN','Officer Operating Supplies Warehouse I','KS','1','','',NULL,NULL,NULL,NULL),(1204,39,'7425','SUYITNO','Officer Spare Part Warehouse I','KS','1','','',NULL,NULL,NULL,NULL),(1205,39,'7705','SUDIRMAN','Officer Timbangan','KS','1','','',NULL,NULL,NULL,NULL),(1206,39,'8270','OMAN HERLIMAN','Supervisor Spare Part Warehouse II','KS','1','','',NULL,NULL,NULL,NULL),(1207,39,'8273','PANJI OKTAPRIATNO','Officer Entreport Warehouse','KS','1','','',NULL,NULL,NULL,NULL),(1208,39,'8384','SUPARMAN','Officer Operating Supplies Warehouse I','KS','1','','',NULL,NULL,NULL,NULL),(1209,39,'8428','RIBUT SUHARTONO','Supervisor Oprt Supplies Warehouse II','KS','1','','',NULL,NULL,NULL,NULL),(1210,39,'8625','ATENG GARNADI','Officer Operating Supplies Warehouse I','KS','1','','',NULL,NULL,NULL,NULL),(1211,39,'8641','MUKSIN','Officer Spare Part Warehouse I','KS','1','','',NULL,NULL,NULL,NULL),(1212,39,'8915','YACOBUS RIYANTO','Officer Operating Supplies Warehouse II','KS','1','','',NULL,NULL,NULL,NULL),(1213,39,'9053','NYARSIMAN','Inspector','KS','1','','',NULL,NULL,NULL,NULL),(1214,39,'9058','BUDI SUTRISNO','Inspector','KS','1','','',NULL,NULL,NULL,NULL),(1215,39,'9566','SIDI CAHYONO','Superintendent Spare Part Warehouse','KS','1','','',NULL,NULL,NULL,NULL),(1216,39,'9654','HARDEKMAN','Superintendent Oprt Supplies Warehouse','KS','1','','',NULL,NULL,NULL,NULL),(1217,39,'9836','BUDI SIRAJUDIN','Inspector','KS','1','','',NULL,NULL,NULL,NULL),(1218,39,'9920','MUMU MUIZ','Inspector','KS','1','','',NULL,NULL,NULL,NULL),(1219,39,'10102','RUSJANA','Officer Timbangan','KS','1','','',NULL,NULL,NULL,NULL),(1220,39,'11778','ROCHMAT SAWALUDIN','Officer Receiving Material (Ors)','KS','1','','',NULL,NULL,NULL,NULL),(1221,39,'11813','DANI UKASAH','Specialist Warehousing Management (Ors)','KS','1','','',NULL,NULL,NULL,NULL),(1222,40,'2288','MUCHADI YUNUS','Buyer Spare Part I','KS','1','','',NULL,NULL,NULL,NULL),(1223,40,'3846','SURADI','Buyer Spare Part II','KS','1','','',NULL,NULL,NULL,NULL),(1224,40,'5375','JAENUL WAHYUDIN','Buyer Spare Part II','KS','1','','',NULL,NULL,NULL,NULL),(1225,40,'6258','CHARLES SIANTURI','Buyer Spare Part II','KS','1','','',NULL,NULL,NULL,NULL),(1226,40,'6757','KHAERUSSALAM','Buyer Spare Part I','KS','1','','',NULL,NULL,NULL,NULL),(1227,40,'6800','SUGIONO','Buyer Spare Part II','KS','1','','',NULL,NULL,NULL,NULL),(1228,40,'6858','FATHONI','Buyer Spare Part I','KS','1','','',NULL,NULL,NULL,NULL),(1229,40,'7494','AGUS USMAN','Buyer Spare Part I','KS','1','','',NULL,NULL,NULL,NULL),(1230,40,'8280','YANI WANTI','Buyer Spare Part I','KS','1','','',NULL,NULL,NULL,NULL),(1231,40,'8700','SUDIYO','Buyer Spare Part II','KS','1','','',NULL,NULL,NULL,NULL),(1232,40,'8940','DENNY PRASETYA T','Superintendent Spare Part Procurement II','KS','1','','',NULL,NULL,NULL,NULL),(1233,40,'8942','YAHUZA','Manager Spare Part Procurement','KS','1','','',NULL,NULL,NULL,NULL),(1234,40,'9628','BUDIANTO WINATA','Superintendent Spare Part Procurement I','KS','1','','',NULL,NULL,NULL,NULL),(1235,40,'9857','MARDIONO','Buyer Spare Part I','KS','1','','',NULL,NULL,NULL,NULL),(1236,40,'9994','ENAN SETYADI','Buyer Spare Part II','KS','1','','',NULL,NULL,NULL,NULL),(1237,40,'11824','RR. AJENG KUSHARYENI PRATIWI','Buyer Spare Part II (Ors)','KS','1','','',NULL,NULL,NULL,NULL),(1238,41,'3052','SUPRAPTO','Buyer Raw Material','KS','1','','',NULL,NULL,NULL,NULL),(1239,41,'4643','SARNEN YAKUB','Buyer Raw Material','KS','1','','',NULL,NULL,NULL,NULL),(1240,41,'4645','HAMID','Buyer Raw Material','KS','1','','',NULL,NULL,NULL,NULL),(1241,41,'4776','ENI ROCHAENI','Buyer Operating Supplies','KS','1','','',NULL,NULL,NULL,NULL),(1242,41,'6210','TATA RUSTANDI','Buyer Raw Material','KS','1','','',NULL,NULL,NULL,NULL),(1243,41,'7037','LILIS ROCHANI','Buyer Operating Supplies','KS','1','','',NULL,NULL,NULL,NULL),(1244,41,'8019','HERI SUBIYAKTO','Manager Raw Material Procurement','KS','1','','',NULL,NULL,NULL,NULL),(1245,41,'8921','MUHAMAD ALI','Buyer Operating Supplies','KS','1','','',NULL,NULL,NULL,NULL),(1246,41,'9010','ENDANG SAMANI','Specialist Raw Material Procurement','KS','1','','',NULL,NULL,NULL,NULL),(1247,41,'9062','SUPRIYONO','Buyer Operating Supplies','KS','1','','',NULL,NULL,NULL,NULL),(1248,41,'9373','ROSBANI','Buyer Raw Material','KS','1','','',NULL,NULL,NULL,NULL),(1249,41,'9649','RADEN SUNARTO','Buyer Operating Supplies','KS','1','','',NULL,NULL,NULL,NULL),(1250,41,'10063','RUHIMAT','Superintendent Oprt Supplies Procurement','KS','1','','',NULL,NULL,NULL,NULL),(1251,41,'10179','SYARIF RAHMAN','Superintendent Raw Material Procurement','KS','1','','',NULL,NULL,NULL,NULL),(1252,42,'2777','UDIN SAUDIN','Officer Document Distribution','KS','1','','',NULL,NULL,NULL,NULL),(1253,42,'3918','ADI SULISTIO','Superintendent Import Management','KS','1','','',NULL,NULL,NULL,NULL),(1254,42,'3995','MORSID','Officer Payment Certificate','KS','1','','',NULL,NULL,NULL,NULL),(1255,42,'4361','ENDRO MARGONO','Specialist Vendor Assesment','KS','1','','',NULL,NULL,NULL,NULL),(1256,42,'4362','USMAN','Officer Schedulling & Handling','KS','1','','',NULL,NULL,NULL,NULL),(1257,42,'4964','POPON ISMAN','Officer Service Entry/Service Acceptance','KS','1','','',NULL,NULL,NULL,NULL),(1258,42,'4988','MOHAMMAD SATIBI','Officer Service Entry/Service Acceptance','KS','1','','',NULL,NULL,NULL,NULL),(1259,42,'5783','RADEN ACHMAD KOSIM','Spesialis Vendor Assessment','KS','1','','',NULL,NULL,NULL,NULL),(1260,42,'6958','DJOKO WARSONO','Officer Schedulling & Handling','KS','1','','',NULL,NULL,NULL,NULL),(1261,42,'7061','DEWA KETUT JIWA','Officer Verification','KS','1','','',NULL,NULL,NULL,NULL),(1262,42,'7075','HUZAEMAT','Supervisor Import 2','KS','1','','',NULL,NULL,NULL,NULL),(1263,42,'7255','DJOKO SASMITONO','Spesialis Vendor Assessment','KS','1','','',NULL,NULL,NULL,NULL),(1264,42,'7388','WAHID SUYOSO','Supervisor Service Acceptance & Document','KS','1','','',NULL,NULL,NULL,NULL),(1265,42,'7522','UUS KUSNADI','Officer Schedulling & Handling','KS','1','','',NULL,NULL,NULL,NULL),(1266,42,'8129','EFFENDI RIDWAN','Superintendent Vendor Manajemen','KS','1','','',NULL,NULL,NULL,NULL),(1267,42,'8271','ERWIN DARWIN','Supervisor Import 1','KS','1','','',NULL,NULL,NULL,NULL),(1268,42,'8515','AGUS EFENDI','Evaluator Claims','KS','1','','',NULL,NULL,NULL,NULL),(1269,42,'9449','MULYADI','Evaluator Claims','KS','1','','',NULL,NULL,NULL,NULL),(1270,42,'9840','HAMDAN','Officer Claims Administration','KS','1','','',NULL,NULL,NULL,NULL),(1271,42,'9910','YOSE ANDRINAL','Manager Vendor & Import Management','KS','1','','',NULL,NULL,NULL,NULL),(1272,42,'10177','FERDI SUFTIADI MAULANA','Sr Specialist Vendor & Import Mgt','KS','1','','',NULL,NULL,NULL,NULL),(1273,42,'10203','MAHMUD ROSIDI','Superintendent Claims','KS','1','','',NULL,NULL,NULL,NULL),(1274,42,'10936','ANTON PUJIYANTO NUGROHO','Evaluator Claims','KS','1','','',NULL,NULL,NULL,NULL),(1275,42,'11498','YUDYSTIRA PURNAMA RUSLIA','Officer Vendor Registration (Ors)','KS','1','','',NULL,NULL,NULL,NULL),(1276,43,'4647','EFFENDI','Evaluator Non Maintenance Services Proc','KS','1','','',NULL,NULL,NULL,NULL),(1277,43,'5033','ABDURACHMAN','Superintendent Maintanance Services Proc','KS','1','','',NULL,NULL,NULL,NULL),(1278,43,'5713','DODO SUPARMAN','Evaluator Non Maintenance Services Proc','KS','1','','',NULL,NULL,NULL,NULL),(1279,43,'5754','ROMLI HALANI','Evaluator Non Maintenance Services Proc','KS','1','','',NULL,NULL,NULL,NULL),(1280,43,'6255','ENTAT HARTATI','Specialist Services Procurement','KS','1','','',NULL,NULL,NULL,NULL),(1281,43,'6257','MIA RACHMIATI','Evaluator Maintenance Services','KS','1','','',NULL,NULL,NULL,NULL),(1282,43,'7945','GUSTIANSYAH','Evaluator Maintenance Services','KS','1','','',NULL,NULL,NULL,NULL),(1283,43,'8159','RAJUDIN','Evaluator Maintenance Services','KS','1','','',NULL,NULL,NULL,NULL),(1284,43,'8548','MEMED','Evaluator Maintenance Services','KS','1','','',NULL,NULL,NULL,NULL),(1285,43,'8651','SONNY DESANDER','Superintendent Non Mtc Services Procur','KS','1','','',NULL,NULL,NULL,NULL),(1286,43,'9532','DULATIP','Evaluator Non Maintenance Services Proc','KS','1','','',NULL,NULL,NULL,NULL),(1287,43,'9844','CUCUN SUMBAGDJA','Evaluator Non Maintenance Services Proc','KS','1','','',NULL,NULL,NULL,NULL),(1288,43,'9922','BUDIMAN SUBANDI','Evaluator Maintenance Services','KS','1','','',NULL,NULL,NULL,NULL),(1289,43,'10117','SAPEI','Manager Services Procurement','KS','1','','',NULL,NULL,NULL,NULL),(1290,44,'6268','BAMBANG IRIANTO','Sr Specialist Institutional Relation','KS','1','','',NULL,NULL,NULL,NULL),(1291,44,'6933','RUKMONO BUDI RAHARDJO','Assistant to Direktur Pemasaran','KS','1','','',NULL,NULL,NULL,NULL),(1292,44,'8084','EDIARTO BAMBANG NUGROHO','Assistant to Direktur Pemasaran','KS','1','','',NULL,NULL,NULL,NULL),(1293,44,'8254','AGUS PRIBADI','Assistant to Direktur Pemasaran','KS','1','','',NULL,NULL,NULL,NULL),(1294,44,'8654','EKA SURYA','Assistant to Direktur Pemasaran','KS','1','','',NULL,NULL,NULL,NULL),(1295,44,'9700','ALVIN WARDHANA SAANIN','Assistant to Direktur Pemasaran','KS','1','','',NULL,NULL,NULL,NULL),(1296,44,'10714','ROSA MEDINA RAFALDINI','Chief Specialist Institutional Relation','KS','1','','',NULL,NULL,NULL,NULL),(1297,44,'93001400','RACHMATULLAH PUTRA','Staf Spesialis Hubungn Kelembagaan(PKWT)','KS','1','','',NULL,NULL,NULL,NULL),(1298,44,'KS004','YERRY','DIREKTORAT PEMASARAN','KS','1','','',NULL,NULL,NULL,NULL),(1299,45,'6919','MARSIDON SIMANUNGKALIT','General Manager Sales I','KS','1','','',NULL,NULL,NULL,NULL),(1300,45,'8256','ASEP SUHARA','Staf Setingkat Superintendent','KS','1','','',NULL,NULL,NULL,NULL),(1301,45,'8266','DEDEN RISNANDAR','Staf Setingkat Superintendent','KS','1','','',NULL,NULL,NULL,NULL),(1302,45,'8426','ABBAS','SMKS Admistrator','KS','1','','',NULL,NULL,NULL,NULL),(1303,45,'8814','HARI POERWANTO','Staf Setingkat Superintendent','KS','1','','',NULL,NULL,NULL,NULL),(1304,46,'6627','MASLINDA LIMBONG','SMKS Administrator','KS','1','','',NULL,NULL,NULL,NULL),(1305,46,'6955','SRI ROSANI DHARMAWATI','Staf Setingkat Superintendent','KS','1','','',NULL,NULL,NULL,NULL),(1306,46,'8163','ISKANDAR','Staf Setingkat Superintendent','KS','1','','',NULL,NULL,NULL,NULL),(1307,46,'8255','TEGUH SARWONO','General Manager Sales II','KS','1','','',NULL,NULL,NULL,NULL),(1308,46,'8258','MUWARDI','Staf Setingkat Superintendent','KS','1','','',NULL,NULL,NULL,NULL),(1309,46,'9363','ACHMAD DHANY','Staf Setingkat Superintendent','KS','1','','',NULL,NULL,NULL,NULL),(1310,47,'4927','SUPANDO','Staf Setingkat Superintendent','KS','1','','',NULL,NULL,NULL,NULL),(1311,47,'10345','DADAN SETIAWAN','Staf Setingkat Supervisor','KS','1','','',NULL,NULL,NULL,NULL),(1312,47,'6737A','COERNIA SARTONO','Perbantuan Marketing','KS','1','','',NULL,NULL,NULL,NULL),(1313,47,'9951','PARIS AGUSTONO','','KS','1','','',NULL,NULL,NULL,NULL),(1314,47,'8062a','DJOKO MULJONO','','KS','1','','',NULL,NULL,NULL,NULL),(1315,48,'4991','FRANSISKA LAURA PAATH','Sr Strategic Account Rerolling','KS','1','','',NULL,NULL,NULL,NULL),(1316,48,'8259','UNGGUL HARTONO','Sr Strategic Account Pipe & Tube','KS','1','','',NULL,NULL,NULL,NULL),(1317,48,'9642','BAMBANG SARONI SOMENG','Chief Strategic Account Oil & Gas Pipe','KS','1','','',NULL,NULL,NULL,NULL),(1318,48,'10745','TUTI RACHMAWATI','Key Account Pipe & Tube','KS','1','','',NULL,NULL,NULL,NULL),(1319,48,'10962','HANDRIO ERNAWAN','Key Account Boiler & Pressure, Vessel','KS','1','','',NULL,NULL,NULL,NULL),(1320,48,'8260A','SLAMET','','KS','1','','',NULL,NULL,NULL,NULL),(1321,49,'7660','WEMPY RICKY LOPULALAN','Sr Strategic Account Galvanized Industri','KS','1','','',NULL,NULL,NULL,NULL),(1322,49,'8263','DJENET HARDOKO HADI','Sr Strategic Account HOA,HOE,HOF, Enamel','KS','1','','',NULL,NULL,NULL,NULL),(1323,49,'8265','MULYADI','Sr Strategic Account  Auto & Heavy Equip','KS','1','','',NULL,NULL,NULL,NULL),(1324,49,'9931','SETIYONO MARYUDO','Chief Strategic Acct Galvanized Industri','KS','1','','',NULL,NULL,NULL,NULL),(1325,49,'10708','ARIS TEGUH WIBOWO','MANAGER STRATEGIC ACCOUNT 3 CRC&AUTOMOTIV','KS','1','','',NULL,NULL,NULL,NULL),(1326,49,'10731','YUNUS MARDIANTO','Key Account Stockist & Others','KS','1','','',NULL,NULL,NULL,NULL),(1327,49,'11443','MUHAMMAD ALDIANSYAH S.','Key Acc Galvanized Industries (GIS)','KS','1','','',NULL,NULL,NULL,NULL),(1328,49,'11450','R HANDA BAGUS PUTRA','Key Account HOA, HOE, HOF, Enamel','KS','1','','',NULL,NULL,NULL,NULL),(1329,49,'11918','SUGENG PANGRAKSA','Key Account Automotive &Heavy Equip(Ors)','KS','1','','',NULL,NULL,NULL,NULL),(1330,50,'4586','AGUS CHASIAT','Specialist Sales by Product','KS','1','','',NULL,NULL,NULL,NULL),(1331,50,'4764','SETIAJID JAKUNIAWAN','Specialist Sales Industrial Services','KS','1','','',NULL,NULL,NULL,NULL),(1332,50,'5629','BUDI PRAKOSO','Group Leader  By Product &  Industrial','KS','1','','',NULL,NULL,NULL,NULL),(1333,50,'6413','SUKOCO','Specialist Sales by Product','KS','1','','',NULL,NULL,NULL,NULL),(1334,50,'7009','HENDI ROHENDI','Superintendent Sales Industrial Services','KS','1','','',NULL,NULL,NULL,NULL),(1335,50,'7947','JOKO WURIANTO','Key Account Hight Carbon & Nail','KS','1','','',NULL,NULL,NULL,NULL),(1336,50,'8457','HERLAMBANG EKA SETYA','MANAGER SA 4 LP,BP & IS, REG & PROJECT','KS','1','','',NULL,NULL,NULL,NULL),(1337,50,'8547','CONTENG PULUNGAN','Key Account By Prod. & Industrial Serv.','KS','1','','',NULL,NULL,NULL,NULL),(1338,50,'8864','ASEP ERNAWAN','Superintendent Sales by Product','KS','1','','',NULL,NULL,NULL,NULL),(1339,50,'9545','EDI SANTO','Officer Sales Industrial Services','KS','1','','',NULL,NULL,NULL,NULL),(1340,50,'9830','YUS YUSLIZAR','Sr Strategic Account Bolt, Nut & Nail','KS','1','','',NULL,NULL,NULL,NULL),(1341,50,'9902','NANDANG AMIRUDIN','Key Account Construction & Wire Mesh','KS','1','','',NULL,NULL,NULL,NULL),(1342,50,'10124','PRIHANTO WIJATMAKA','Specialist Sales by Product','KS','1','','',NULL,NULL,NULL,NULL),(1343,50,'10455','JAI SUJAI','Officer Sales Industrial Services','KS','1','','',NULL,NULL,NULL,NULL),(1344,50,'10736','BAYU CIPTA SEPTIADI','Sr Strategic Account Contruction & WM','KS','1','','',NULL,NULL,NULL,NULL),(1345,50,'11507','RIDHO INDRA PERMANA','Key Account Welded, Spring & BWR (Ors)','KS','1','','',NULL,NULL,NULL,NULL),(1346,50,'11443A','MUHAMMAD ALDIANSYAH S.','-','KS','1','','',NULL,NULL,NULL,NULL),(1347,51,'7015','SOUVENIR','Sr Strategic Acct  Ship Building & Train','KS','1','','',NULL,NULL,NULL,NULL),(1348,51,'8260','SLAMET','Chief Strategic Account GST','KS','1','','',NULL,NULL,NULL,NULL),(1349,51,'9618','HARAPATI','Sr Strategic Account GST','KS','1','','',NULL,NULL,NULL,NULL),(1350,51,'9697','EDY SUTIONO','Sr Strategic Account GST','KS','1','','',NULL,NULL,NULL,NULL),(1351,51,'10229','MUHAMMAD AZHAR','Manager Strategic Acct 2 GST&Ship Build','KS','1','','',NULL,NULL,NULL,NULL),(1352,51,'10728','MUHAMMAD RASYID RIDA','Key Account General Structure (GST)','KS','1','','',NULL,NULL,NULL,NULL),(1353,51,'11171','BARON UTAMA ARIF','Key Account Ship Building','KS','1','','',NULL,NULL,NULL,NULL),(1354,51,'11505','KRISHNA DWI SOEDARMO','Key Account Ship Building (Ors)','KS','1','','',NULL,NULL,NULL,NULL),(1355,51,'11795','AJI PRIAMBODO BUDI PRAKOSO','Key Account General Structure (GST)(Ors)','KS','1','','',NULL,NULL,NULL,NULL),(1356,51,'10222A','JATI SANTIONO','','KS','1','','',NULL,NULL,NULL,NULL),(1357,52,'6657','RAMON','Specialist CR Product & Prof Analysis','KS','1','','',NULL,NULL,NULL,NULL),(1358,52,'6737','COERNIA SARTONO','Chief Spesialist Prod & Profit Analysis','KS','1','','',NULL,NULL,NULL,NULL),(1359,52,'6742','SAMTO','Sr Specialist WR&By Prod & Prof Analysis','KS','1','','',NULL,NULL,NULL,NULL),(1360,52,'8324','SURIPNO','Specialist CR Sales Performance Analysis','KS','1','','',NULL,NULL,NULL,NULL),(1361,52,'9609','DADANG SUHENDAR','Specialist WR & By Prod & Prof Analysis','KS','1','','',NULL,NULL,NULL,NULL),(1362,52,'10349','BAMBANG TRI BASUKI','Manager Product & Profitability Analysis','KS','1','','',NULL,NULL,NULL,NULL),(1363,52,'10741','DWI PRASTUTI','Sr Specialist HR Product & Prof Analysis','KS','1','','',NULL,NULL,NULL,NULL),(1364,52,'10963','ADI KAMER PUTRA','Specialist HR Sales Performance Analysis','KS','1','','',NULL,NULL,NULL,NULL),(1365,52,'11506','GETRIA KASRA','Specialist Price Market Analysis (Ors)','KS','1','','',NULL,NULL,NULL,NULL),(1366,52,'9951A','PARIS AGUSTONO','','KS','1','','',NULL,NULL,NULL,NULL),(1367,53,'5998','MARWAN GUNAWAN','Sr Engineer HRC Customer Tech Services','KS','1','','',NULL,NULL,NULL,NULL),(1368,53,'7059','SUNAR SANGKA','Engineer WR Customer Technical Services','KS','1','','',NULL,NULL,NULL,NULL),(1369,53,'7194','YUDI BRATA WALUYA','Engineer HRC Customer Technical Services','KS','1','','',NULL,NULL,NULL,NULL),(1370,53,'9747','LEGOWO SUDARYANTO','Sr Engineer HRC Customer Tech Services','KS','1','','',NULL,NULL,NULL,NULL),(1371,53,'9886','DWI WARSO SOEYANTO','Sr Engineer CRC Customer Tech Services','KS','1','','',NULL,NULL,NULL,NULL),(1372,53,'10064','HERWANTO ONGKO','Sr Engineer WR Customer Tech Services','KS','1','','',NULL,NULL,NULL,NULL),(1373,53,'10556','ACHMAD IMANUDIN','Engineer HRC Customer Technical Services','KS','1','','',NULL,NULL,NULL,NULL),(1374,53,'10711','ALHADIS SYAMSUDDIN','Manager Customer Technical Services','KS','1','','',NULL,NULL,NULL,NULL),(1375,54,'6736','MUTHMAINNAH AMROES','Superintendent SA 1 Sales Order Exce.','KS','1','','',NULL,NULL,NULL,NULL),(1376,54,'7022','SUMINO','Specialist SA 2&3 Sales Order Exce.','KS','1','','',NULL,NULL,NULL,NULL),(1377,54,'7352','NINI MAHRANI','Specialist SA 5 Sales Order Exec.','KS','1','','',NULL,NULL,NULL,NULL),(1378,54,'7913','SUREDI','Superintendent Sales Information Support','KS','1','','',NULL,NULL,NULL,NULL),(1379,54,'7914','SUDIRMAN','Specialist SA 4 Sales Order Exec.','KS','1','','',NULL,NULL,NULL,NULL),(1380,54,'8262','ACHMAD KOESJOEDIONO','Superintendent SA 2&3 Sales Order Exce.','KS','1','','',NULL,NULL,NULL,NULL),(1381,54,'8264','RUSTINAH WARASTUTI','Specialist SA 2&3 Sales Order Exce.','KS','1','','',NULL,NULL,NULL,NULL),(1382,54,'8308','TRISWANTO','Specialist Sales Information Support','KS','1','','',NULL,NULL,NULL,NULL),(1383,54,'8461','DIAN LARASATI SUDARMADI','Superintendent SA 4 Sales Order Exce.','KS','1','','',NULL,NULL,NULL,NULL),(1384,54,'8604','HARYONO','Specialist SA 4 Sales Order Exec.','KS','1','','',NULL,NULL,NULL,NULL),(1385,54,'8629','LAWU BUDI HARSOYO','Specialist SA 5 Sales Order Exec.','KS','1','','',NULL,NULL,NULL,NULL),(1386,54,'9035','ABDULLAH SURYANINGRAT','Specialist SA 1 Sales Order Excecution','KS','1','','',NULL,NULL,NULL,NULL),(1387,54,'9414','SULAMI MACHMUD','Specialist Sales Information Support','KS','1','','',NULL,NULL,NULL,NULL),(1388,54,'9493','ADITIA YUNANDA','Specialist SA 1 Sales Order Excecution','KS','1','','',NULL,NULL,NULL,NULL),(1389,54,'9605','AGUS SANTOSA','Specialist SA 5 Sales Order Exec.','KS','1','','',NULL,NULL,NULL,NULL),(1390,54,'9652','DEDI SOFYAN','Specialist SA 1 Sales Order Excecution','KS','1','','',NULL,NULL,NULL,NULL),(1391,54,'9738','ANTO RAHMAT BUSONO','Specialist Sales Information Support','KS','1','','',NULL,NULL,NULL,NULL),(1392,54,'9834','BUDI SETIAWAN','Superintendent SA 5 Sales Order Exec.','KS','1','','',NULL,NULL,NULL,NULL),(1393,54,'9866','ERMAYA AGUNG SIGIT','Specialist SA 1 Sales Order Excecution','KS','1','','',NULL,NULL,NULL,NULL),(1394,54,'10171','LIZA MAINUR','Officer SA 2&3 Sales Order Exce.','KS','1','','',NULL,NULL,NULL,NULL),(1395,54,'10183','RADEN MAS EDY KARJANA','Sr Specialist Marketing Inf. System','KS','1','','',NULL,NULL,NULL,NULL),(1396,54,'10320','M NOOR SUDRADJAT','Manager MIS & Sales Administration','KS','1','','',NULL,NULL,NULL,NULL),(1397,54,'10406','HELMI YULIYANTORO','Specialist SA 2&3 Sales Order Exce.','KS','1','','',NULL,NULL,NULL,NULL),(1398,54,'11509','RINA ELINA','Officer Sales Information Support (Ors)','KS','1','','',NULL,NULL,NULL,NULL),(1399,54,'11764','MU\'TIAUL FATHONI','Officer SA 1 Sales Order Excecution(Ors)','KS','1','','',NULL,NULL,NULL,NULL),(1400,55,'8004','MASNENI','Administrator Market Information','KS','1','','',NULL,NULL,NULL,NULL),(1401,55,'10169','BIMAKARSA WIJAYA','Chief Specialist Market Research & Dev','KS','1','','',NULL,NULL,NULL,NULL),(1402,55,'10281','ARIF WISAKSONO','Sr Specialist Market Research','KS','1','','',NULL,NULL,NULL,NULL),(1403,55,'10435','BAMBANG HADI PRANOTO','Sr Specialist Market Research','KS','1','','',NULL,NULL,NULL,NULL),(1404,55,'10758','RACHMA KUSUMASTUTI','Sr Specialist Market Development','KS','1','','',NULL,NULL,NULL,NULL),(1405,55,'11798','ENGLA SULISTIA','Specialist Market Research (Ors)','KS','1','','',NULL,NULL,NULL,NULL),(1406,55,'5935A','SIGIT SAROSO','','KS','1','','',NULL,NULL,NULL,NULL),(1407,56,'2747','ADI KRISNANTO','Staf Project BF Setingkat Superintendent','KS','1','','',NULL,NULL,NULL,NULL),(1408,56,'2803','MAKMUR SYAFRUDIN','Staf Project BF Setingkat Superintendent','KS','1','','',NULL,NULL,NULL,NULL),(1409,56,'2813','SULAEMAN BIN SUTARDI','Staf Project BF Setingkat Supervisor','KS','1','','',NULL,NULL,NULL,NULL),(1410,56,'3060','SUKARDI MUNTAHAL','Staf Project BF Setingkat Supervisor','KS','1','','',NULL,NULL,NULL,NULL),(1411,56,'3144','CECE KARDIMAN','Staf Project BF Setingkat Supervisor','KS','1','','',NULL,NULL,NULL,NULL),(1412,56,'3209','SUGIYONO','Staf Project BF Setingkat Foreman','KS','1','','',NULL,NULL,NULL,NULL),(1413,56,'3464','KUSWANDA','Staf Project BF Setingkat Foreman','KS','1','','',NULL,NULL,NULL,NULL),(1414,56,'3532','SATMOKO DJATI WINANTYO','Staf Project BF Setingkat Supervisor','KS','1','','',NULL,NULL,NULL,NULL),(1415,56,'3925','ADRISWAN RISWAN','Staf Project BF Setingkat Supervisor','KS','1','','',NULL,NULL,NULL,NULL),(1416,56,'4063','DIDI AFIFI','Staf Project BF Setingkat Supervisor','KS','1','','',NULL,NULL,NULL,NULL),(1417,56,'4162','BAMBANG KRISNA','Staf Project BF Setingkat Superintendent','KS','1','','',NULL,NULL,NULL,NULL),(1418,56,'4277','WAWAN SETIAWAN','Staf Project BF Setingkat Supervisor','KS','1','','',NULL,NULL,NULL,NULL),(1419,56,'5005','DUDUNG ABD FATAH','Staf Project BF Setingkat Supervisor','KS','1','','',NULL,NULL,NULL,NULL),(1420,56,'5255','TATANG ROHENDRA','Staf Project BF Setingkat Supervisor','KS','1','','',NULL,NULL,NULL,NULL),(1421,56,'5352','YAYA SANJAYA','Staf Project BF Setingkat Foreman','KS','1','','',NULL,NULL,NULL,NULL),(1422,56,'5617','ATA SUPRIATA','Staf Project BF Setingkat Foreman','KS','1','','',NULL,NULL,NULL,NULL),(1423,56,'5624','MADE PASTIARSA','Assistant to Direktur Teknologi & PU','KS','1','','',NULL,NULL,NULL,NULL),(1424,56,'6202','FAURI','Staf Project BF Setingkat Supervisor','KS','1','','',NULL,NULL,NULL,NULL),(1425,56,'6561','ISMAIL','Staf Project BF Setingkat Foreman','KS','1','','',NULL,NULL,NULL,NULL),(1426,56,'6647','NAILA','Staf Project BF Setingkat Superintendent','KS','1','','',NULL,NULL,NULL,NULL),(1427,56,'6762','RADEN HERNANTO','GM. BLAST FURNACE PROJECT','KS','1','','',NULL,NULL,NULL,NULL),(1428,56,'6999','ARFIN MURDISIA','Staf Project Setingkat Manager','KS','1','','',NULL,NULL,NULL,NULL),(1429,56,'7030','RAFEI BIN SOHARI','Staf Project BF Setingkat Supervisor','KS','1','','',NULL,NULL,NULL,NULL),(1430,56,'7047','FACHROJI ALI','Staf Project BF Setingkat Superintendent','KS','1','','',NULL,NULL,NULL,NULL),(1431,56,'7161','DUDUM DIMYATI','Staf Project BF Setingkat Foreman','KS','1','','',NULL,NULL,NULL,NULL),(1432,56,'7168','SABAR GUNTARTO','Staf Project BF Setingkat Foreman','KS','1','','',NULL,NULL,NULL,NULL),(1433,56,'7381','RACHMAT HIDAYAT','Staf Project BF Setingkat Supervisor','KS','1','','',NULL,NULL,NULL,NULL),(1434,56,'7850','ABDUL KADIR JAILANI','Staf Project BF Setingkat Superintendent','KS','1','','',NULL,NULL,NULL,NULL),(1435,56,'8022','ACHMAD MUNIF','Staf Project BF Setingkat Supervisor','KS','1','','',NULL,NULL,NULL,NULL),(1436,56,'8119','HARSOYO BASUKI','Staf Project BF Setingkat Superintendent','KS','1','','',NULL,NULL,NULL,NULL),(1437,56,'8120','MUFTI SYARIFUDDIN','Staf Project BF Setingkat Superintendent','KS','1','','',NULL,NULL,NULL,NULL),(1438,56,'8122','HARTONO','General Manager Blast Furnace Project','KS','1','','',NULL,NULL,NULL,NULL),(1439,56,'8153','FACHRUROZI','Staf Project BF Setingkat Superintendent','KS','1','','',NULL,NULL,NULL,NULL),(1440,56,'8452','HENDY TRIATMANTO','Staf Project BF Setingkat Manager','KS','1','','',NULL,NULL,NULL,NULL),(1441,56,'8523','DJOKO SUSANTO','Staf Project BF Setingkat Superintendent','KS','1','','',NULL,NULL,NULL,NULL),(1442,56,'8528','EDDY RUKMAN','Staf Project Setingkat Manager','KS','1','','',NULL,NULL,NULL,NULL),(1443,56,'8561','ISTAMAR','Staf Project BF Setingkat Manager','KS','1','','',NULL,NULL,NULL,NULL),(1444,56,'8582','HARYANTA','Staf Project BF Setingkat Manager','KS','1','','',NULL,NULL,NULL,NULL),(1445,56,'8586','HERRI SUPRAPTO','Staf Project BF Setingkat Manager','KS','1','','',NULL,NULL,NULL,NULL),(1446,56,'10100','MOHAMAD TAMZIL','Staf Project BF Setingkat Foreman','KS','1','','',NULL,NULL,NULL,NULL),(1447,56,'10259','WIDI HASTAWA','Staf Project Setingkat Manager','KS','1','','',NULL,NULL,NULL,NULL),(1448,56,'10261','HARYANTO','Assistant to Direktur Teknologi & PU','KS','1','','',NULL,NULL,NULL,NULL),(1449,56,'10302','THOMAS TUMANGGER','Staf Project BF Setingkat Superintendent','KS','1','','',NULL,NULL,NULL,NULL),(1450,56,'10344','CHATIM PRAMONO','Staf Project BF Setingkat Superintendent','KS','1','','',NULL,NULL,NULL,NULL),(1451,56,'10734','ARIEF BUDI ARTHA','Staf Project BF Setingkat Supervisor','KS','1','','',NULL,NULL,NULL,NULL),(1452,56,'10753','NITA ANGGREANI','Staf Project BF Setingkat Supervisor','KS','1','','',NULL,NULL,NULL,NULL),(1453,56,'10938','KURNIAWAN NOPRIADHI','Staf Project BF Setingkat Foreman','KS','1','','',NULL,NULL,NULL,NULL),(1454,56,'10968','DIYAN SURYA PUTRA','Engineer Energy, Utility, MH WG','KS','1','','',NULL,NULL,NULL,NULL),(1455,56,'10977','HENRY YOTAMA ARIFANDY','Staf Project BF Setingkat Supervisor','KS','1','','',NULL,NULL,NULL,NULL),(1456,56,'11379','ANDREY KUSUMA','Engineer Process Blast Furnace','KS','1','','',NULL,NULL,NULL,NULL),(1457,56,'11380','ZIKRI RIZKI PERDANA','Engineer Process Blast Furnace','KS','1','','',NULL,NULL,NULL,NULL),(1458,56,'11381','ABDULLAH','Engineer Process Blast Furnace','KS','1','','',NULL,NULL,NULL,NULL),(1459,56,'11384','MUHAMMAD REZA RINALDY','Engineer Electric','KS','1','','',NULL,NULL,NULL,NULL),(1460,56,'11386','ADAM SINA PUTRA','Engineer Machine','KS','1','','',NULL,NULL,NULL,NULL),(1461,56,'11432','EKA MANTI SAPUTRA','Staf Project BF Setingkat Supervisor','KS','1','','',NULL,NULL,NULL,NULL),(1462,56,'11440','JHON PIETER S.L.S. SINAGA','Staf Project BF Setingkat Supervisor','KS','1','','',NULL,NULL,NULL,NULL),(1463,56,'11728','MUHAMAD SERGAP JASWAN YUDAPRADJA','Officer Coke Oven Plant WG (Ors)','KS','1','','',NULL,NULL,NULL,NULL),(1464,56,'11735','ACHMAD LUKMAN HARUN MAHMUD','Officer Electrical WG (Ors)','KS','1','','',NULL,NULL,NULL,NULL),(1465,56,'11741','IVANT FERDANA','Officer Mechanical & Civil WG (Ors)','KS','1','','',NULL,NULL,NULL,NULL),(1466,56,'11743','MUHAMAD HAKIM','Officer Mechanical & Civil WG (Ors)','KS','1','','',NULL,NULL,NULL,NULL),(1467,56,'11744','MUHAMMAD YAMANI SUYAS','Officer Sintering Plant WG (Ors)','KS','1','','',NULL,NULL,NULL,NULL),(1468,56,'11745','PRASETYA EKA WARDHANA','Officer Instrument & Control WG (Ors)','KS','1','','',NULL,NULL,NULL,NULL),(1469,56,'11747','RIAN TRIANTO','Officer Instrument & Control WG (Ors)','KS','1','','',NULL,NULL,NULL,NULL),(1470,56,'11756','SAEFUDIN','Officer Blast Furnace WG (Ors)','KS','1','','',NULL,NULL,NULL,NULL),(1471,56,'11762','JOKO DEWANTO','Officer Blast Furnace WG (Ors)','KS','1','','',NULL,NULL,NULL,NULL),(1472,56,'11770','ANDRI SETYAWAN','Officer Electrical WG (Ors)','KS','1','','',NULL,NULL,NULL,NULL),(1473,56,'11771','ARRAHMAN SEPUTRA ASY\'ARI','Officer Electrical WG (Ors)','KS','1','','',NULL,NULL,NULL,NULL),(1474,56,'11774','FARIS NUR FAUZI','Officer Blast Furnace WG (Ors)','KS','1','','',NULL,NULL,NULL,NULL),(1475,56,'11782','TAHTA AMRULLOH','Engineer Electronica (Ors)','KS','1','','',NULL,NULL,NULL,NULL),(1476,56,'11783','YUS DWI NOFIANTO','Specialist Mechanical & Civil WG (Ors)','KS','1','','',NULL,NULL,NULL,NULL),(1477,56,'11785','RIZKI SATRIA HIRASMAWAN','Staf Project BF Setingkat Supv (Ors)','KS','1','','',NULL,NULL,NULL,NULL),(1478,56,'11790','HENDRIAS BUDI SOESANTO','Engineer Electric (Ors)','KS','1','','',NULL,NULL,NULL,NULL),(1479,56,'11791','RIKKY RUSENO','Specialist Blast Furnace WG (Ors)','KS','1','','',NULL,NULL,NULL,NULL),(1480,56,'11796','ANDY RIVAI','Specialist Blast Furnace WG (Ors)','KS','1','','',NULL,NULL,NULL,NULL),(1481,56,'11806','ADE FAHMI NUGRAHA','Specialist Electric Working Group (Ors)','KS','1','','',NULL,NULL,NULL,NULL),(1482,56,'11807','RANGGA PRANACITRA','Engineer Electronica  (Ors)','KS','1','','',NULL,NULL,NULL,NULL),(1483,56,'11811','ARMADHANI JATI PRASETYA','Specialist Mechanical & Civil WG (Ors)','KS','1','','',NULL,NULL,NULL,NULL),(1484,56,'11815','SERA YUNARIZAL PRATAMA','Specialist Blast Furnace WG (Ors)','KS','1','','',NULL,NULL,NULL,NULL),(1485,56,'11827','DALI HARISWIJAYA','Specialist Blast Furnace WG  (Ors)','KS','1','','',NULL,NULL,NULL,NULL),(1486,56,'93001394','NADYA ANDYANA','Secretary Tim Proj Blast Furnace (PKWT)','KS','1','','',NULL,NULL,NULL,NULL),(1487,56,'98000013','ERICK CHANDRA','Tenaga Ahli Bahasa Mandarin (PKWT)','KS','1','','',NULL,NULL,NULL,NULL),(1488,56,'98000027','GANESHA AGNIPUTRA','Tenaga Ahli Bahasa Mandarin (PKWT)','KS','1','','',NULL,NULL,NULL,NULL),(1489,56,'6762A','RADEN HERNANTO','GM. BLAST FURNACE PROJECT','KS','1','','',NULL,NULL,NULL,NULL),(1490,57,'6593','M. IRFAN','Staf Setingkat Petugas','KS','1','','',NULL,NULL,NULL,NULL),(1491,57,'8112','AMUNG SOMANTRI','General Manager Quality Assurance','KS','1','','',NULL,NULL,NULL,NULL),(1492,57,'8009A','ANDRYANTO','','KS','1','','',NULL,NULL,NULL,NULL),(1493,58,'4101','MUJAYIN','Staf Setingkat Foreman','KS','1','','',NULL,NULL,NULL,NULL),(1494,58,'7635','SETYO YULIANTO','Staf Tender Commitee Setingkat Supv','KS','1','','',NULL,NULL,NULL,NULL),(1495,58,'8565','DWI BAGOES ENDRIJANSJA','General Manager Corp Planning & Buss Dev','KS','1','','',NULL,NULL,NULL,NULL),(1496,58,'9596','EDWIN SUMIROZA','Staf CPBD Setingkat Superintendent','KS','1','','',NULL,NULL,NULL,NULL),(1497,58,'10685','ROHMATUL HAMIDAH','SMKS Administrator','KS','1','','',NULL,NULL,NULL,NULL),(1498,58,'8091A','ASEP MULYANA','Perbantuan P dan B','KS','1','','',NULL,NULL,NULL,NULL),(1499,58,'10143A','RADEN OVI YUSUF','','KS','1','','',NULL,NULL,NULL,NULL),(1500,59,'6124','CIPTARASA','Administrator R&D, SMKS & Trainig Coord','KS','1','','',NULL,NULL,NULL,NULL),(1501,59,'8113','I KETUT SUNARWA','General Manager Research & Technology','KS','1','','',NULL,NULL,NULL,NULL),(1502,60,'5060','BAKTI PRASETYO','Sr Engineer Audit Energi','KS','1','','',NULL,NULL,NULL,NULL),(1503,60,'6058','KANTO ADI HARSONO','Teknisi PDC','KS','1','','',NULL,NULL,NULL,NULL),(1504,60,'6577','UUS KUSMANA','Engineer Manajemen Energi','KS','1','','',NULL,NULL,NULL,NULL),(1505,60,'7423','NASLI','Teknisi','KS','1','','',NULL,NULL,NULL,NULL),(1506,60,'7824','SUKISMO KESDU','Teknisi PDC','KS','1','','',NULL,NULL,NULL,NULL),(1507,60,'8121','SISWAHYUDIARSO','Sr Engineer Riset By Product','KS','1','','',NULL,NULL,NULL,NULL),(1508,60,'9948','ANANG SANTOSO','Sr Engineer Pengend & Optimalisasi Energ','KS','1','','',NULL,NULL,NULL,NULL),(1509,60,'9958','ISKANDAR MUDA','Chief Engineer Mjn Energi & Sumberdaya','KS','1','','',NULL,NULL,NULL,NULL),(1510,60,'10060','ARIES SETIADI','Engineer Audit Energi','KS','1','','',NULL,NULL,NULL,NULL),(1511,60,'10218','MUSTAQIEM','Sr Engineer Bahan Baku Utama','KS','1','','',NULL,NULL,NULL,NULL),(1512,60,'10231','ZAENAL ARIFIN MUSLIM','Manager Energy & Resources Development','KS','1','','',NULL,NULL,NULL,NULL),(1513,60,'10305','ANDI SASONGKO','Sr Engineer Konservasi Energi','KS','1','','',NULL,NULL,NULL,NULL),(1514,60,'10363','SLAMET RIYADI','Engineer Bahan Baku Utama','KS','1','','',NULL,NULL,NULL,NULL),(1515,60,'10407','AGUNG BIANTARA','Teknisi PDC','KS','1','','',NULL,NULL,NULL,NULL),(1516,60,'10572','MUNAWAR','Teknisi PDC','KS','1','','',NULL,NULL,NULL,NULL),(1517,60,'11817','AGY YOGHA PRADANA','Engineer Konservasi Energi (Ors)','KS','1','','',NULL,NULL,NULL,NULL),(1518,61,'2550','DHANY SUTOYO','Sr Engineer Material Development','KS','1','','',NULL,NULL,NULL,NULL),(1519,61,'2585','DJOKO LUARSONO','Sr Engineer Product Development','KS','1','','',NULL,NULL,NULL,NULL),(1520,61,'5411','HERI SUKARNO','Sr Engineer Product Development','KS','1','','',NULL,NULL,NULL,NULL),(1521,61,'6434','SUMADI','Sr Engineer Product Development','KS','1','','',NULL,NULL,NULL,NULL),(1522,61,'6587','DEDENG ENDAWAN','Sr Engineer Product Development','KS','1','','',NULL,NULL,NULL,NULL),(1523,61,'7422','TUKIYANA','Sr Engineer Product Development','KS','1','','',NULL,NULL,NULL,NULL),(1524,61,'7606','KENTUT SUPRAPTIYO','Teknisi Material Development','KS','1','','',NULL,NULL,NULL,NULL),(1525,61,'7627','AMIR','Sr Engineer Product Development','KS','1','','',NULL,NULL,NULL,NULL),(1526,61,'8009','ANDRYANTO','Engineer Product Development','KS','1','','',NULL,NULL,NULL,NULL),(1527,61,'8118','SUGIANTO','Sr Engineer Product Development','KS','1','','',NULL,NULL,NULL,NULL),(1528,61,'8171','KUN PRABOWO','Sr Engineer Material Development','KS','1','','',NULL,NULL,NULL,NULL),(1529,61,'8442','BENO SUPRIYADI','Manager Material & Product Development','KS','1','','',NULL,NULL,NULL,NULL),(1530,61,'9620','ROJI BASUKI','Sr Engineer Product Development','KS','1','','',NULL,NULL,NULL,NULL),(1531,61,'9961','EDISON SITORUS','Sr Engineer Material Development','KS','1','','',NULL,NULL,NULL,NULL),(1532,61,'10234','AGUNG HIDAYAT','Sr Engineer Product Development','KS','1','','',NULL,NULL,NULL,NULL),(1533,61,'10300','SAFRIZAL','Sr Engineer Product Development','KS','1','','',NULL,NULL,NULL,NULL),(1534,61,'10393','VIVI SOPIAN','Teknisi Product Development','KS','1','','',NULL,NULL,NULL,NULL),(1535,61,'10398','WIDI PRABOWO','Engineer Product Development','KS','1','','',NULL,NULL,NULL,NULL),(1536,61,'10410','AGUS HARTONO','Teknisi Product Development','KS','1','','',NULL,NULL,NULL,NULL),(1537,61,'10614','DADAN SUDANI','Teknisi Material Development','KS','1','','',NULL,NULL,NULL,NULL),(1538,61,'10800','TEDI SUPRIYADI','Teknisi Product Development','KS','1','','',NULL,NULL,NULL,NULL),(1539,61,'10953','ENGKUS KUSWARI','Sr Engineer Material Development','KS','1','','',NULL,NULL,NULL,NULL),(1540,61,'11426','AGUNG BASKORO','Engineer Product Development','KS','1','','',NULL,NULL,NULL,NULL),(1541,61,'11792','YANUAR NUGRAHA','Engineer Product Development (Ors)','KS','1','','',NULL,NULL,NULL,NULL),(1542,61,'11819','LUTFI AMRULLAH','Engineer Product Development (Ors)','KS','1','','',NULL,NULL,NULL,NULL),(1543,62,'3813','DJAMALUDIN YASIN','Specialist Publication & Inf Technology','KS','1','','',NULL,NULL,NULL,NULL),(1544,62,'4572','AHMAD WAHYU IRAWAN','Engineer Applied Research','KS','1','','',NULL,NULL,NULL,NULL),(1545,62,'4966','HASANUDIN','Officer Publikasi Inf Teknologi','KS','1','','',NULL,NULL,NULL,NULL),(1546,62,'5245','SAMANHUDI','Teknisi Prwt Lab','KS','1','','',NULL,NULL,NULL,NULL),(1547,62,'5259','KUSNAEDI ROOSYANTO','Teknisi Metalografi','KS','1','','',NULL,NULL,NULL,NULL),(1548,62,'5891','AGUS BUDIONO','Teknisi Pengujian & Simulasi','KS','1','','',NULL,NULL,NULL,NULL),(1549,62,'6004','MUAENUDIN','Teknisi NDT','KS','1','','',NULL,NULL,NULL,NULL),(1550,62,'6098','WAHYU TEGUH PRASETYO','Superintendent NDT','KS','1','','',NULL,NULL,NULL,NULL),(1551,62,'6572','SURYA ERWIN','Teknisi Metalografi','KS','1','','',NULL,NULL,NULL,NULL),(1552,62,'6574','MARLAN','Teknisi Metalografi','KS','1','','',NULL,NULL,NULL,NULL),(1553,62,'7000','HERWYN JUWONO','Sr Engineer Applied Research','KS','1','','',NULL,NULL,NULL,NULL),(1554,62,'7199','AHMAD SUBADRI','Supervisor Laboratorium Riset','KS','1','','',NULL,NULL,NULL,NULL),(1555,62,'7262','DAHANA SURYA','Engineer Applied Research','KS','1','','',NULL,NULL,NULL,NULL),(1556,62,'7409','RUSTAM','Supervisor NDT','KS','1','','',NULL,NULL,NULL,NULL),(1557,62,'7427','AGUSTINE SETIAWAN','Sr Engineer Applied Research','KS','1','','',NULL,NULL,NULL,NULL),(1558,62,'7651','TAUFIK HIDAYAT','Teknisi NDT','KS','1','','',NULL,NULL,NULL,NULL),(1559,62,'8224','SUPRAPTO','Teknisi Metalografi','KS','1','','',NULL,NULL,NULL,NULL),(1560,62,'8441','MAULUD HIDAYAT','Manager Applied Research','KS','1','','',NULL,NULL,NULL,NULL),(1561,62,'9074','ACE SUPRIATNA','Teknisi Pengujian & Simulasi','KS','1','','',NULL,NULL,NULL,NULL),(1562,62,'9929','ERY MIRZAL AZIZ','Sr Engineer Applied Research','KS','1','','',NULL,NULL,NULL,NULL),(1563,62,'10033','RIZA AFRIZAL','Supervisor Metalografi','KS','1','','',NULL,NULL,NULL,NULL),(1564,62,'10059','PUJIANTO','Spesialis NDT','KS','1','','',NULL,NULL,NULL,NULL),(1565,62,'10114','IRAWAN PALGUNADI','Sr Engineer Applied Research','KS','1','','',NULL,NULL,NULL,NULL),(1566,62,'10219','ANOM PRIYANTO','Superintendent Testing Mat Laboratory','KS','1','','',NULL,NULL,NULL,NULL),(1567,62,'10408','NANA JUMHANA MUIZ','Teknisi NDT','KS','1','','',NULL,NULL,NULL,NULL),(1568,62,'10576','DAYAT SUDRAJAT','Teknisi Metalografi','KS','1','','',NULL,NULL,NULL,NULL),(1569,62,'10645','MUSAMAS HISYAM','Teknisi Prwt Lab','KS','1','','',NULL,NULL,NULL,NULL),(1570,62,'11550','FAUZUL IMAN','Juru Teknik NDT (Ors)','KS','1','','',NULL,NULL,NULL,NULL),(1571,62,'11551','GILANG SAPUTRA','Juru Teknik NDT (Ors)','KS','1','','',NULL,NULL,NULL,NULL),(1572,62,'11742','LINGGA DEWA MURTI','Teknisi NDT (Ors)','KS','1','','',NULL,NULL,NULL,NULL),(1573,62,'11761','HENDRA BAGUS PAMUNGKAS','Teknisi NDT (Ors)','KS','1','','',NULL,NULL,NULL,NULL),(1574,62,'11822','REZA JAYA WARDHANA','Engineer Applied Research (Ors)','KS','1','','',NULL,NULL,NULL,NULL),(1575,63,'3703','WINDU BASUKI','Sr Specialist Technology & Process Dev','KS','1','','',NULL,NULL,NULL,NULL),(1576,63,'5457','JOY NUGROHO','Manager Technology & Process Development','KS','1','','',NULL,NULL,NULL,NULL),(1577,63,'6510','ISTRIANTO','Chief Spec Technology & Process Dev.','KS','1','','',NULL,NULL,NULL,NULL),(1578,63,'8068','DECK RIYADI','Sr Specialist Technology & Process Dev','KS','1','','',NULL,NULL,NULL,NULL),(1579,63,'9223','SUWARTO','Specialist Technology & Process Dev','KS','1','','',NULL,NULL,NULL,NULL),(1580,63,'10051','GATOT GAYANTORO','Sr Specialist Technology & Process Dev','KS','1','','',NULL,NULL,NULL,NULL),(1581,63,'10062','ROCHADI WIDYA HARTONO','Specialist Technology & Process Dev','KS','1','','',NULL,NULL,NULL,NULL),(1582,63,'10215','PETRUS PAULUS SRIYANTA','Sr Specialist Technology & Process Dev','KS','1','','',NULL,NULL,NULL,NULL),(1583,63,'10964','RIO AROSYID PUTRA','Sr Specialist Technology & Process Dev','KS','1','','',NULL,NULL,NULL,NULL),(1584,64,'5517','DEDI SUPRIADI ABDUL JALIL','Sr Specialist Business Enabler','KS','1','','',NULL,NULL,NULL,NULL),(1585,64,'6418','SUYANTO','Sr Specialist Business Enabler','KS','1','','',NULL,NULL,NULL,NULL),(1586,64,'6443','TANJUNG PASARIBU','Sr Specialist Procedure Development','KS','1','','',NULL,NULL,NULL,NULL),(1587,64,'6823','SUGIYANTO','Specialist Business Enabler','KS','1','','',NULL,NULL,NULL,NULL),(1588,64,'7079','SRI SILVIA RAHAYU','Sr Specialist Procedure Development','KS','1','','',NULL,NULL,NULL,NULL),(1589,64,'8069','NANA SUPRIATNA','Sr Specialist Business Enabler','KS','1','','',NULL,NULL,NULL,NULL),(1590,64,'8094','JUMARNO','Sr Specialist Business Enabler','KS','1','','',NULL,NULL,NULL,NULL),(1591,64,'8246','ACHMAD HUDAYA','Sr Specialist Procedure Development','KS','1','','',NULL,NULL,NULL,NULL),(1592,64,'8978','RAMELAN','Sr Specialist Business Enabler','KS','1','','',NULL,NULL,NULL,NULL),(1593,64,'8993','F.X. TEGUH SANTOSA','Sr Specialist Business Enabler','KS','1','','',NULL,NULL,NULL,NULL),(1594,64,'9168','PAMUDJI ROCHMAT ACHMADI','Specialist Procedure Development','KS','1','','',NULL,NULL,NULL,NULL),(1595,64,'9490','HOTLAND SIRINGORINGO','Manager Bus Enabler & Procedure Develop','KS','1','','',NULL,NULL,NULL,NULL),(1596,64,'9636','BAMBANG PERMADI','Sr Specialist Business Enabler','KS','1','','',NULL,NULL,NULL,NULL),(1597,64,'9991','ASEP SAEPUDIN USMAN','Specialist Application & RICEF','KS','1','','',NULL,NULL,NULL,NULL),(1598,64,'10040','ARIEF HARYONO','Sr Specialist Business Enabler','KS','1','','',NULL,NULL,NULL,NULL),(1599,64,'10083','ABDUL HADI MUSLIM','Sr Specialist Application & RICEF','KS','1','','',NULL,NULL,NULL,NULL),(1600,64,'10112','MUHAMMAD HELMI NUR WIDIYARTO','Chief Specialist Bus Enabler & Proc Dev','KS','1','','',NULL,NULL,NULL,NULL),(1601,64,'10270','ODE PERO','Sr Specialist IT/IS Compliance','KS','1','','',NULL,NULL,NULL,NULL),(1602,64,'10306','RENDRAYANTO','Sr Specialist IT/IS QA','KS','1','','',NULL,NULL,NULL,NULL),(1603,64,'10696','WENI PURWANINGRUM','Sr Specialist Application & RICEF','KS','1','','',NULL,NULL,NULL,NULL),(1604,64,'10946','ENGGAR NOVRIZA','Specialist Application & RICEF','KS','1','','',NULL,NULL,NULL,NULL),(1605,65,'4130','YUSUP BIN KATMA','Sr Engineer Process Automation','KS','1','','',NULL,NULL,NULL,NULL),(1606,65,'5638','HARI SUBAGYA','Sr Specialist MES','KS','1','','',NULL,NULL,NULL,NULL),(1607,65,'6321','TOHIRON','Specialist Process Automation','KS','1','','',NULL,NULL,NULL,NULL),(1608,65,'6605','MUHAMAD KHAIRUL MUHAJIRIN','Sr Specialist MES','KS','1','','',NULL,NULL,NULL,NULL),(1609,65,'6833','UJANG FURKON','Sr Specialist MES','KS','1','','',NULL,NULL,NULL,NULL),(1610,65,'8154','KRISNA PUTRA','Manager Automation','KS','1','','',NULL,NULL,NULL,NULL),(1611,65,'8155','SYAMSUL ANAM','Chief Specialist MES & Automation','KS','1','','',NULL,NULL,NULL,NULL),(1612,65,'8194','EDI ISMANTO','Specialist MES','KS','1','','',NULL,NULL,NULL,NULL),(1613,65,'8195','WAHID SUMARJO','Engineer Basic Automation','KS','1','','',NULL,NULL,NULL,NULL),(1614,65,'8242','MOCH MISBAKHULANAM','Sr Engineer Basic Automation','KS','1','','',NULL,NULL,NULL,NULL),(1615,65,'8493','ARIEF NURMAN HAKIM','Sr Engineer Process Automation','KS','1','','',NULL,NULL,NULL,NULL),(1616,65,'8516','TOTON FATULLOH','Specialist Process Automation','KS','1','','',NULL,NULL,NULL,NULL),(1617,65,'10011','NURJAHDI','Sr Engineer Process Automation','KS','1','','',NULL,NULL,NULL,NULL),(1618,65,'10131','SUHAIPIK','Sr Engineer Basic Automation','KS','1','','',NULL,NULL,NULL,NULL),(1619,65,'10519','EMAN SULAEMAN','Engineer Basic Automation','KS','1','','',NULL,NULL,NULL,NULL),(1620,65,'11420','JOKO RUSANDI AZHARI','Officer Automation','KS','1','','',NULL,NULL,NULL,NULL),(1621,65,'11776','MUHAMMAD AGUS SUSANTO','Teknisi Otomasi (Ors) (Del)','KS','1','','',NULL,NULL,NULL,NULL),(1622,65,'11784','PANDHU WICAKSONO','Specialist MES (Ors)','KS','1','','',NULL,NULL,NULL,NULL),(1623,66,'5171','GINTARWAN GINTING','Sr Specialist Project Proposal Analysis','KS','1','','',NULL,NULL,NULL,NULL),(1624,66,'6273','ROOS ADHY SATRIO','Manager Project Development','KS','1','','',NULL,NULL,NULL,NULL),(1625,66,'7674','ISMAIL','Specialist Project Proposal Analysis','KS','1','','',NULL,NULL,NULL,NULL),(1626,66,'8064','BAMBANG EKO SANTOSO','Chief Specialist Project Development','KS','1','','',NULL,NULL,NULL,NULL),(1627,66,'10042','HERMAN JOESTRIJONO','Sr Specialist Project Integration','KS','1','','',NULL,NULL,NULL,NULL),(1628,66,'10559','MUHAMMAD SUHADAK','Specialist Project Integration','KS','1','','',NULL,NULL,NULL,NULL),(1629,66,'10750','MAYA NOVI PUSPITASARI','Sr Specialist Project Proposal Analysis','KS','1','','',NULL,NULL,NULL,NULL),(1630,66,'10956','ARIEF DARMAWAN','Superintendent Project Contract Prep','KS','1','','',NULL,NULL,NULL,NULL),(1631,67,'5622','EDY PUTRANTO','Assistant to Direktur Produksi','KS','1','','',NULL,NULL,NULL,NULL),(1632,67,'5967','TRI DJAKA','Assistant to Direktur Produksi','KS','1','','',NULL,NULL,NULL,NULL),(1633,67,'8929','DARSYAF','Assistant to Direktur Produksi','KS','1','','',NULL,NULL,NULL,NULL),(1634,67,'KS003','HILMAN HASYIM','DIREKTORAT PRODUKSI','KS','1','','',NULL,NULL,NULL,NULL),(1635,68,'2734','ADRIL ARFA','Sr Engineer Produksi Pengolahan Bs & Bj','KS','1','','',NULL,NULL,NULL,NULL),(1636,68,'3777','ZULFIKAR','Staf Setingkat Supervisor','KS','1','','',NULL,NULL,NULL,NULL),(1637,68,'5488','NASRUN','General Manager Iron & Steel Making','KS','1','','',NULL,NULL,NULL,NULL),(1638,68,'5598','SUYONO','Staf Setingkat Foreman','KS','1','','',NULL,NULL,NULL,NULL),(1639,68,'5813','DEDI KUSNAWAN','Staf Setingkat Foreman','KS','1','','',NULL,NULL,NULL,NULL),(1640,68,'7474','BAMBANG WIRYONO','Staf Setingkat Petugas','KS','1','','',NULL,NULL,NULL,NULL),(1641,68,'7536','BARISMAN SARAGIH','Staf Setingkat Foreman','KS','1','','',NULL,NULL,NULL,NULL),(1642,68,'10949','RUDYANTO SIHOTANG','Sr Engineer Produksi Pengolahan Bs & Bj','KS','1','','',NULL,NULL,NULL,NULL),(1643,68,'10951','JEFRY ALFIANSYAH ALLAN','Sr Engineer Produksi Pengolahan Bs & Bj','KS','1','','',NULL,NULL,NULL,NULL),(1644,68,'10966','WAHYUDI','Sr Engineer Produksi Pengolahan Bs & Bj','KS','1','','',NULL,NULL,NULL,NULL),(1645,69,'3610','UTAR SUTARYA','Staf Setingkat Foreman','KS','1','','',NULL,NULL,NULL,NULL),(1646,69,'5563','SUHENDRO TULUS WINARDI','Sr Engineer Prod Pengerolan Baja','KS','1','','',NULL,NULL,NULL,NULL),(1647,69,'5931','BAMBANG SUGIARTO','Staf Setingkat Superintendent','KS','1','','',NULL,NULL,NULL,NULL),(1648,69,'8137','BEBEN ACHMAD SUBARKARKAH','Sr Staf','KS','1','','',NULL,NULL,NULL,NULL),(1649,69,'8962','TATANG SURATMAN','Sr Engineer Prod Pengerolan Baja','KS','1','','',NULL,NULL,NULL,NULL),(1650,69,'9113','ASEP SUHARA','Staf Setingkat Pelaksana','KS','1','','',NULL,NULL,NULL,NULL),(1651,69,'9121','FATAH HIDAYAT','Staf Setingkat Pelaksana','KS','1','','',NULL,NULL,NULL,NULL),(1652,69,'98000016','RUSIMAN','Staf Setingkat Pelaksana (PKWT)','KS','1','','',NULL,NULL,NULL,NULL),(1653,69,'10291A','UTOMO NUGROHO','','KS','1','','',NULL,NULL,NULL,NULL),(1654,70,'7659','NANANG PRIATNA','General Manager Prod Planning & SCM','KS','1','','',NULL,NULL,NULL,NULL),(1655,70,'10123','SUDIRATNA SUDIRMAN','Sr Specialist Prod & Planning & SCM','KS','1','','',NULL,NULL,NULL,NULL),(1656,71,'3620','EMAN SULAEMAN','Engineer Fire Inspector & Alarm System','KS','1','','',NULL,NULL,NULL,NULL),(1657,71,'3909','GANDHI SUSANTO','Danton Safety & Disaster Prevention','KS','1','','',NULL,NULL,NULL,NULL),(1658,71,'3934','AMRUL YASUD','Engineer Safety','KS','1','','',NULL,NULL,NULL,NULL),(1659,71,'4417','AGUS SUPARMAN','Danton Safety & Disaster Prevention','KS','1','','',NULL,NULL,NULL,NULL),(1660,71,'4534','MOCHAMMAD HIDAYAT','Engineer Safety Regulation & Standard','KS','1','','',NULL,NULL,NULL,NULL),(1661,71,'5137','M. JABAR','Engineer Fire Inspector & Alarm System','KS','1','','',NULL,NULL,NULL,NULL),(1662,71,'5323','SUNENDI','Engineer Health Promotion &Occ Nutrition','KS','1','','',NULL,NULL,NULL,NULL),(1663,71,'5331','DARWIN YANTONI','Engineer Fire Inspector & Alarm System','KS','1','','',NULL,NULL,NULL,NULL),(1664,71,'5338','HUFAESI','Supervisor Fire, Safety Equipment Mtc.','KS','1','','',NULL,NULL,NULL,NULL),(1665,71,'5543','AZIS','Engineer Fire Inspector & Alarm System','KS','1','','',NULL,NULL,NULL,NULL),(1666,71,'5544','ISNAINI','Danton Safety & Disaster Prevention','KS','1','','',NULL,NULL,NULL,NULL),(1667,71,'5550','SANTONI','Danton Safety & Disaster Prevention','KS','1','','',NULL,NULL,NULL,NULL),(1668,71,'5724','AGUS TRIBUDIONO','Technician Fire, Safety Equipment mtc','KS','1','','',NULL,NULL,NULL,NULL),(1669,71,'5848','SUPARNO','Engineer Safety Radiation','KS','1','','',NULL,NULL,NULL,NULL),(1670,71,'5982','KORNELIS','Superintendent Safety','KS','1','','',NULL,NULL,NULL,NULL),(1671,71,'6140','HABIBI','Engineer Fire Inspector & Alarm System','KS','1','','',NULL,NULL,NULL,NULL),(1672,71,'6211','KURMAN EFFENDI','Danton Safety & Disaster Prevention','KS','1','','',NULL,NULL,NULL,NULL),(1673,71,'6214','A.N ADI SUGITO','Supervisor Safety & Prevention','KS','1','','',NULL,NULL,NULL,NULL),(1674,71,'6265','SUYATNO','Engineer Waste Monitoring','KS','1','','',NULL,NULL,NULL,NULL),(1675,71,'6884','NUNUNG SUTARDI','Engineer Safety','KS','1','','',NULL,NULL,NULL,NULL),(1676,71,'7200','SUPRAPTO','Engineer Safety Handling Equipment','KS','1','','',NULL,NULL,NULL,NULL),(1677,71,'7412','HAIRUL BAKTI','Engineer Safety Generator & Prod Equip','KS','1','','',NULL,NULL,NULL,NULL),(1678,71,'7615','SUGENG MUGOLAKSONO','Engineer Fire Inspector & Alarm System','KS','1','','',NULL,NULL,NULL,NULL),(1679,71,'7736','KHASIM','Danton Safety & Disaster Prevention','KS','1','','',NULL,NULL,NULL,NULL),(1680,71,'7781','HARUN MUKTI','Danton Safety & Disaster Prevention','KS','1','','',NULL,NULL,NULL,NULL),(1681,71,'7842','PUTHUT BRATARAHARJA','Superintendent Environmental Laboratory','KS','1','','',NULL,NULL,NULL,NULL),(1682,71,'7843','AWANG YUDHA IRIANTO','Superintendent Industrial Hyg&Occ Health','KS','1','','',NULL,NULL,NULL,NULL),(1683,71,'8017','SUDI PRABOWO','Engineer Rolling Mill Environmental Ctrl','KS','1','','',NULL,NULL,NULL,NULL),(1684,71,'8039','SUNARDI','Supervisor Environmental Lab & Facility','KS','1','','',NULL,NULL,NULL,NULL),(1685,71,'8657','LEOPOLD SITOMPUL','Manager Safety & Environment','KS','1','','',NULL,NULL,NULL,NULL),(1686,71,'8747','NGUPADI','Engineer Fire Inspector & Alarm System','KS','1','','',NULL,NULL,NULL,NULL),(1687,71,'8748','GIMAN','Superintendent Safety & Disaster Prevent','KS','1','','',NULL,NULL,NULL,NULL),(1688,71,'9125','ESTI RAHAYU','Supervisor Chemical Laboratory','KS','1','','',NULL,NULL,NULL,NULL),(1689,71,'9433','WIDI KUSTRIONO','Engineer Fire Inspector & Alarm System','KS','1','','',NULL,NULL,NULL,NULL),(1690,71,'9525','SUBIYARMAN','Engineer Safety Boiller & Presure Vessel','KS','1','','',NULL,NULL,NULL,NULL),(1691,71,'9583','MOHAMAD YUSUF RAMDANI','Engineer Steel Making Environmental Ctrl','KS','1','','',NULL,NULL,NULL,NULL),(1692,71,'9619','NANDANG SUGIARNO','Engineer Safety Handling Equipment','KS','1','','',NULL,NULL,NULL,NULL),(1693,71,'9807','TRIYOSO','Engineer Safety Handling Equipment','KS','1','','',NULL,NULL,NULL,NULL),(1694,71,'9927','SUPARMAN','Engineer Fire Inspector & Alarm System','KS','1','','',NULL,NULL,NULL,NULL),(1695,71,'9932','ACHMAD BACHRI','Technician Fire, Safety Equipment Mtc','KS','1','','',NULL,NULL,NULL,NULL),(1696,71,'9979','NUGROHO BUDI SANTOSO','Engineer Safety Radiation','KS','1','','',NULL,NULL,NULL,NULL),(1697,71,'10003','NURKADI','Engineer Occupational Health','KS','1','','',NULL,NULL,NULL,NULL),(1698,71,'10152','SYARBINI','Sr Engineer Safety Mgt System','KS','1','','',NULL,NULL,NULL,NULL),(1699,71,'10209','BACHRUDDIN','Sr Engineer Environment Mgt System','KS','1','','',NULL,NULL,NULL,NULL),(1700,71,'10245','AFRIZAL','Superintendent Environmental Control','KS','1','','',NULL,NULL,NULL,NULL),(1701,71,'10473','MOKHAMAD NASKURI','Engineer Plant Support Environmental Ctr','KS','1','','',NULL,NULL,NULL,NULL),(1702,71,'10501','MASLIANDRI','Engineer Fire Inspector & Alarm System','KS','1','','',NULL,NULL,NULL,NULL),(1703,71,'10659','SUHARTONO','Engineer Safety','KS','1','','',NULL,NULL,NULL,NULL),(1704,71,'10725','ESTI WIJAYANTI','Analyst Chemical Laboratory','KS','1','','',NULL,NULL,NULL,NULL),(1705,71,'10726','FREDDY CAHYO NUGROHO','Engineer Iron Making Environmental Cotrl','KS','1','','',NULL,NULL,NULL,NULL),(1706,71,'10931','ADE RIZAL','Engineer Gen & Reg Environmental Control','KS','1','','',NULL,NULL,NULL,NULL),(1707,71,'11267','CUCU LASUBAN','Technician Fire, Safety Equipment Mtc','KS','1','','',NULL,NULL,NULL,NULL),(1708,71,'11268','HERY HERYANA','Danton Safety  & Disaster Prevention','KS','1','','',NULL,NULL,NULL,NULL),(1709,71,'11470','EKO ARIE SUBRIYANTO','Technician Environmental Lab & Fac','KS','1','','',NULL,NULL,NULL,NULL),(1710,71,'11479','RIAN BASTIAN','Analyst Chemical Laboratory','KS','1','','',NULL,NULL,NULL,NULL),(1711,71,'11484','UUS SYAUQI','Technician Waste Monitoring','KS','1','','',NULL,NULL,NULL,NULL),(1712,71,'98000031','MOHAMMAD ICHSAN','Engineer Safety Boiller & PV (PKWT)','KS','1','','',NULL,NULL,NULL,NULL),(1713,72,'4718','MAMAN RACHMAN','Statistic Analysist','KS','1','','',NULL,NULL,NULL,NULL),(1714,72,'6438','DIDI JUANDI','Sr Specialist Production Plann&Control','KS','1','','',NULL,NULL,NULL,NULL),(1715,72,'6479','ENDANG ISMAIL','Supervisor Order Controlling HR & CR','KS','1','','',NULL,NULL,NULL,NULL),(1716,72,'6724','TULUS WIDODO','Manager Production Planning & Control','KS','1','','',NULL,NULL,NULL,NULL),(1717,72,'6940','LILI SURYANA','Sr Specialist Production Plann&Control','KS','1','','',NULL,NULL,NULL,NULL),(1718,72,'7014','JAMIN SARHALI','Administrator SMKS & Training Koord','KS','1','','',NULL,NULL,NULL,NULL),(1719,72,'7580','ISHAK SOLIHIN','Technician Order Controlling HR & CR','KS','1','','',NULL,NULL,NULL,NULL),(1720,72,'8330','JOKO SRIYATNO','Supervisor Interface Mon Flat Product','KS','1','','',NULL,NULL,NULL,NULL),(1721,72,'8620','RUDI ROSJANA','Technician Order Controlling HR & CR','KS','1','','',NULL,NULL,NULL,NULL),(1722,72,'9242','MANSYUR','Sr Specialist Production Plann&Control','KS','1','','',NULL,NULL,NULL,NULL),(1723,72,'9471','SINTA NIRMALANINGSIH','Supervisor Statistic Analysist','KS','1','','',NULL,NULL,NULL,NULL),(1724,72,'9708','SITI NURUL YANI','Statistic Analysist','KS','1','','',NULL,NULL,NULL,NULL),(1725,72,'9775','JAJANG SUHERMAN','Technician Order Controlling HR & CR','KS','1','','',NULL,NULL,NULL,NULL),(1726,72,'10705','TITIS ROCHEDI ZUWONO','Sr Specialist Production Plann&Control','KS','1','','',NULL,NULL,NULL,NULL),(1727,72,'11410','EDI SURYANTO','Officer Material Movement Flat Prod','KS','1','','',NULL,NULL,NULL,NULL),(1728,72,'11413','HENDRA PRIYA KURNIAWAN','Officer Interface Monitor Flat Prod','KS','1','','',NULL,NULL,NULL,NULL),(1729,72,'11414','ADHI SAMPURNA','Officer Interface Monitor Flat Prod','KS','1','','',NULL,NULL,NULL,NULL),(1730,72,'11415','DEMAS ANDIKA PRADANA','Officer Interface Monitor Flat Prod','KS','1','','',NULL,NULL,NULL,NULL),(1731,72,'11691','NURHUDA AHDIYAT','Pet Pengendalian Order BLP & BLD (Ors)','KS','1','','',NULL,NULL,NULL,NULL),(1732,72,'11803','RENGGA','Supervisor Mtrl Movement Flat Prod (Ors)','KS','1','','',NULL,NULL,NULL,NULL),(1733,73,'5056','BUNTORO','Sr Specialist Database & Integration SCI','KS','1','','',NULL,NULL,NULL,NULL),(1734,73,'5058','BUDJONO','Sr Specialist SCI Produksi','KS','1','','',NULL,NULL,NULL,NULL),(1735,73,'7625','TOTO JUHARTO','Sr Specialist SCI Produksi','KS','1','','',NULL,NULL,NULL,NULL),(1736,73,'8572','JAMIAHARTO MALAU','Sr Specialist SCI Pemasaran','KS','1','','',NULL,NULL,NULL,NULL),(1737,73,'8753','PARTONO','Officer Database & Integration SCI','KS','1','','',NULL,NULL,NULL,NULL),(1738,73,'8832','SUMADIONO','Specialist SCI Pemasaran','KS','1','','',NULL,NULL,NULL,NULL),(1739,73,'9470','IRMA HASAN','Sr Specialist SCI Logistik','KS','1','','',NULL,NULL,NULL,NULL),(1740,73,'9476','SUKARDIN','Specialist SCI Produksi**','KS','1','','',NULL,NULL,NULL,NULL),(1741,73,'9918','SUTOPO','Analyst SCI Produksi','KS','1','','',NULL,NULL,NULL,NULL),(1742,73,'9919','SARDJONO','Specialist SCI Produksi','KS','1','','',NULL,NULL,NULL,NULL),(1743,73,'10020','M. IQBAL NOORASABAKTI','Specialist SCI Produksi','KS','1','','',NULL,NULL,NULL,NULL),(1744,73,'10021','LILI SETIAWAN','Specialist SCI Logistik','KS','1','','',NULL,NULL,NULL,NULL),(1745,73,'10089','EFFENDI ARIEF','Manager Supply Chain & Improvement','KS','1','','',NULL,NULL,NULL,NULL),(1746,73,'10118','WAHYU TRIWIDODO','Sr Specialist SCI Produksi','KS','1','','',NULL,NULL,NULL,NULL),(1747,73,'10119','TENTEN SULISTYA','Sr Specialist SCI Pemasaran','KS','1','','',NULL,NULL,NULL,NULL),(1748,73,'10120','ZUCHAL MASWAN','Specialist SCI Produksi','KS','1','','',NULL,NULL,NULL,NULL),(1749,73,'10122','R. MUMUNG TRI PAMUNGKAS','Sr Specialist Database & Integration SCI','KS','1','','',NULL,NULL,NULL,NULL),(1750,73,'10204','ASEP GURNADI','Sr Specialist SCI Logistik','KS','1','','',NULL,NULL,NULL,NULL),(1751,73,'10960','KURNIAWAN PARWANTO','Specialist Database & Integration SCI','KS','1','','',NULL,NULL,NULL,NULL),(1752,73,'10981','ENGGAR SURYANTI','Specialist Database & Integration SCI','KS','1','','',NULL,NULL,NULL,NULL),(1753,73,'11428','WIDO SUSANTO','Specialist SCI Logistik','KS','1','','',NULL,NULL,NULL,NULL),(1754,73,'11430','YOVAN HADIANSYAH','Specialist SCI Pemasaran','KS','1','','',NULL,NULL,NULL,NULL),(1755,73,'11452','SHOLIKIN','Specialist SCI Produksi','KS','1','','',NULL,NULL,NULL,NULL),(1756,73,'11809','WAHYU AJIPRABOWO','Specialist SCI Produksi (Ors )','KS','1','','',NULL,NULL,NULL,NULL),(1757,74,'3823','BAMBANG SUHARYANTO','Supervisor Transportation Cost Process','KS','1','','',NULL,NULL,NULL,NULL),(1758,74,'3933','SUPRAPTO','Planner Export & Domestic Shipping','KS','1','','',NULL,NULL,NULL,NULL),(1759,74,'4049','SUYONO KARTONO','Superintendent Export&Domestic Shipping','KS','1','','',NULL,NULL,NULL,NULL),(1760,74,'4359','TSABIT','Analis Verifikasi Pengiriman & Timbangan','KS','1','','',NULL,NULL,NULL,NULL),(1761,74,'4642','CAHYA KOSASIH','Analis Verifikasi Pengiriman & Timbangan','KS','1','','',NULL,NULL,NULL,NULL),(1762,74,'4752','AGUS SUKAMTO','Analis Distribusi Kendaraan','KS','1','','',NULL,NULL,NULL,NULL),(1763,74,'5753','TONTOWI JOHARI','Analis Verifikasi Pengiriman & Timbangan','KS','1','','',NULL,NULL,NULL,NULL),(1764,74,'5932','EKO RAHARJO','Superintendent Transportation & Shipment','KS','1','','',NULL,NULL,NULL,NULL),(1765,74,'6284','SUPRIADI','Sr Specialist HVA & Automotive Product','KS','1','','',NULL,NULL,NULL,NULL),(1766,74,'6879','CY. SETIAWAN','Sr Specialist Finished Product & Distrib','KS','1','','',NULL,NULL,NULL,NULL),(1767,74,'8076','SOBRI','Analis Verifikasi Pengiriman & Timbangan','KS','1','','',NULL,NULL,NULL,NULL),(1768,74,'8077','CECEP KHAERUDIN','Analis Biaya Proses Angkutan','KS','1','','',NULL,NULL,NULL,NULL),(1769,74,'8078','ROKTAL MUAIYAN','Analis Verifikasi Pengiriman & Timbangan','KS','1','','',NULL,NULL,NULL,NULL),(1770,74,'8079','BOY PRATIKTO','Analis Distribusi Kendaraan','KS','1','','',NULL,NULL,NULL,NULL),(1771,74,'8234','P RINALDI HERU SANTOSA','Manager Finished Product & Distribution','KS','1','','',NULL,NULL,NULL,NULL),(1772,74,'8912','TRIBUDI WIYONO','Supervisor Transportation Execution','KS','1','','',NULL,NULL,NULL,NULL),(1773,74,'8916','MAMAN SUSILO','Analis Verifikasi Pengiriman & Timbangan','KS','1','','',NULL,NULL,NULL,NULL),(1774,74,'8917','SLAMET UNTUNG','Analis Distribusi Kendaraan','KS','1','','',NULL,NULL,NULL,NULL),(1775,74,'8918','HIDAYATULLAH','Analis Verifikasi Pengiriman & Timbangan','KS','1','','',NULL,NULL,NULL,NULL),(1776,74,'9118','YAYAN RUHYANA','Officer Export & Domestic Shipping','KS','1','','',NULL,NULL,NULL,NULL),(1777,74,'9127','IWAN KOSWARA YAMIN','Specialist Transportation & Distribution','KS','1','','',NULL,NULL,NULL,NULL),(1778,74,'9203','SADRI FAUZAN','Analis Biaya Proses Angkutan','KS','1','','',NULL,NULL,NULL,NULL),(1779,74,'9209','SISWANTO','Analis Biaya Proses Angkutan','KS','1','','',NULL,NULL,NULL,NULL),(1780,74,'9213','SUPARMAN','Pet Verifikasi Kendaraan','KS','1','','',NULL,NULL,NULL,NULL),(1781,74,'9259','KUSMAYADI','Analis Biaya Proses Angkutan','KS','1','','',NULL,NULL,NULL,NULL),(1782,74,'9279','SUDARYANTO','Analis Verifikasi Pengiriman & Timbangan','KS','1','','',NULL,NULL,NULL,NULL),(1783,74,'9443','SUPANTO','Analis Verifikasi Pengiriman & Timbangan','KS','1','','',NULL,NULL,NULL,NULL),(1784,74,'9454','NAZORI','Analis Distribusi Kendaraan','KS','1','','',NULL,NULL,NULL,NULL),(1785,74,'9457','PAULUS S. AGUNG LAKSONO','Pet Verifikasi Kendaraan','KS','1','','',NULL,NULL,NULL,NULL),(1786,74,'9637','R. J. TUNGGUL ARI MULADI','Specialist Finished Product Handling','KS','1','','',NULL,NULL,NULL,NULL),(1787,74,'9665','MARTHEN DOTULONG MAMESAH','Analis Verifikasi Pengiriman & Timbangan','KS','1','','',NULL,NULL,NULL,NULL),(1788,74,'9825','KARTIKO EDDY TJAHYONO','Planner Export & Domestic Shipping','KS','1','','',NULL,NULL,NULL,NULL),(1789,74,'9835','LILI PRIHATNA','Planner Export & Domestic Shipping','KS','1','','',NULL,NULL,NULL,NULL),(1790,74,'9848','SAPEI','Analis Verifikasi Pengiriman & Timbangan','KS','1','','',NULL,NULL,NULL,NULL),(1791,74,'9908','MUHNI SUBANDRIO','Administrator SMKS &Training Coordinator','KS','1','','',NULL,NULL,NULL,NULL),(1792,74,'9926','ABAS SETIAWAN','Analis Verifikasi Pengiriman & Timbangan','KS','1','','',NULL,NULL,NULL,NULL),(1793,74,'10808','WINDRA HARDI','Pet Verifikasi Kendaraan','KS','1','','',NULL,NULL,NULL,NULL),(1794,74,'10985','JOKO PURWANTO','Analis Verifikasi Pengiriman & Timbangan','KS','1','','',NULL,NULL,NULL,NULL),(1795,74,'10315','ANDRE HOTMA TINAMBUNAN','','KS','1','','',NULL,NULL,NULL,NULL),(1796,74,'10315A','ANDRE HOTMA TINAMBUNAN','','KS','1','','',NULL,NULL,NULL,NULL),(1797,75,'4316','R. HERRY HERYANTO','Analis Laboratorium Mekanik BLD','KS','1','','',NULL,NULL,NULL,NULL),(1798,75,'6006','ASWANUL SYAMSU','Sr Engineer QC Long Product','KS','1','','',NULL,NULL,NULL,NULL),(1799,75,'6044','ONI MARZUKONI','Teknisi QPD SSP & HSM','KS','1','','',NULL,NULL,NULL,NULL),(1800,75,'6612','PAULUS DJOKO WIDODO','Engineer Standard & Spec Product','KS','1','','',NULL,NULL,NULL,NULL),(1801,75,'7007','TRI TUNJUNG WASIS SARJONO','Sr Specialist maint Quality & Mgt System','KS','1','','',NULL,NULL,NULL,NULL),(1802,75,'8065','MOHAMAD ROSUL DJAMIL','Sr Engineer QC Automotive & HVA','KS','1','','',NULL,NULL,NULL,NULL),(1803,75,'8443','DARMAWAN','Sr Engineer QC Steel Making','KS','1','','',NULL,NULL,NULL,NULL),(1804,75,'8499','AHMAD DESRIANTO','Sr Engineer QC Flat Product','KS','1','','',NULL,NULL,NULL,NULL),(1805,75,'8706','PERY ROSADI','Teknisi Sertifikasi & Laporan BLD','KS','1','','',NULL,NULL,NULL,NULL),(1806,75,'8763','SIGIT KUSDARYANTO','Analis Laboratorium Mekanik BLD','KS','1','','',NULL,NULL,NULL,NULL),(1807,75,'8764','HASANUDDIN','Analis Laboratorium Mekanik BLD','KS','1','','',NULL,NULL,NULL,NULL),(1808,75,'8877','OOP SAPARUDIN','Pet Pengamat Proses & Inspeksi CPL','KS','1','','',NULL,NULL,NULL,NULL),(1809,75,'8923','BANAR WINOWO','Analis Laboratorium Kimia BLD','KS','1','','',NULL,NULL,NULL,NULL),(1810,75,'8924','ASEP DENI KUSMAYADI','Analis Laboratorium Kimia BLD','KS','1','','',NULL,NULL,NULL,NULL),(1811,75,'8925','KAMIDA','Analis Laboratorium Mekanik BLD','KS','1','','',NULL,NULL,NULL,NULL),(1812,75,'8926','AGUS SUCIPTO','Analis Laboratorium Mekanik BLD','KS','1','','',NULL,NULL,NULL,NULL),(1813,75,'8927','SYAMSUL MA\'ARIF','Teknisi Sertifikasi & Laporan BLD','KS','1','','',NULL,NULL,NULL,NULL),(1814,75,'8928','MONO SUYANTO','Analis Laboratorium Kimia BLD','KS','1','','',NULL,NULL,NULL,NULL),(1815,75,'8988','EKO SUBIANTO','Superintendent Quality Control CRM','KS','1','','',NULL,NULL,NULL,NULL),(1816,75,'9034','ANIS SULFUAD','Analis Laboratorium Kimia BLD','KS','1','','',NULL,NULL,NULL,NULL),(1817,75,'9069','SUWARYADI','Pet Pengamat Proses & Inspeksi TPM','KS','1','','',NULL,NULL,NULL,NULL),(1818,75,'9133','DARYANTO','Laboran','KS','1','','',NULL,NULL,NULL,NULL),(1819,75,'9166','NIA KURNIADI','Supervisor Laboratorium Metalurgi BLD','KS','1','','',NULL,NULL,NULL,NULL),(1820,75,'9178','HARYANA','Teknisi Pengend Kualitas Produk Release','KS','1','','',NULL,NULL,NULL,NULL),(1821,75,'9192','MAHMUDIN','SF Pengendalian Kualitas Proses BLD','KS','1','','',NULL,NULL,NULL,NULL),(1822,75,'9216','RUSDIYANTO','SF Inspeksi Produk Jadi & Delivery BLD','KS','1','','',NULL,NULL,NULL,NULL),(1823,75,'9217','MOCHAMAD AGUS DJAUHARI','Shift Koordinator Pengdl Kualitas BLD','KS','1','','',NULL,NULL,NULL,NULL),(1824,75,'9229','DADI DWI SAPUTRA','Analis Laboratorium Mekanik BLD','KS','1','','',NULL,NULL,NULL,NULL),(1825,75,'9233','ENGKUS KUSNADI','Teknisi Pengend Kualitas Produk Release','KS','1','','',NULL,NULL,NULL,NULL),(1826,75,'9241','TEDI SUHARDI','Sr Engineer QC Flat Product','KS','1','','',NULL,NULL,NULL,NULL),(1827,75,'9250','EKO TJAHYO SETIONO','Shift Koordinator Pengdl Kualitas BLD','KS','1','','',NULL,NULL,NULL,NULL),(1828,75,'9290','HASIM MOCHAMAD HUSEN','Laboran','KS','1','','',NULL,NULL,NULL,NULL),(1829,75,'9312','SUKANAN','Pet Pengamat Proses & Insp ECL.1 & ECL.2','KS','1','','',NULL,NULL,NULL,NULL),(1830,75,'9330','ADE YUSLAN','SF Inspeksi Produk Jadi & Delivery BLD','KS','1','','',NULL,NULL,NULL,NULL),(1831,75,'9331','JAKA','Teknisi Pengend Kualitas Produk Release','KS','1','','',NULL,NULL,NULL,NULL),(1832,75,'9332','FRANSISCUS X. RIASTONO','SF Inspeksi Produk Jadi & Delivery BLD','KS','1','','',NULL,NULL,NULL,NULL),(1833,75,'9333','TATANG SUPRIATNA','SF Pengendalian Kualitas Proses BLD','KS','1','','',NULL,NULL,NULL,NULL),(1834,75,'9334','AGUS SEJATI','Teknisi Proses BLD','KS','1','','',NULL,NULL,NULL,NULL),(1835,75,'9339','ACENG SUANDI','Engineer QPD CRM','KS','1','','',NULL,NULL,NULL,NULL),(1836,75,'9341','RUDY PARIDI','Analis Laboratorium Mekanik BLD','KS','1','','',NULL,NULL,NULL,NULL),(1837,75,'9342','MUHAMAD YUNUS','Administrator SMKS&Training Koordinator','KS','1','','',NULL,NULL,NULL,NULL),(1838,75,'9389','PURWADI','Pet Pengamat Proses & Inspeksi CPL','KS','1','','',NULL,NULL,NULL,NULL),(1839,75,'9394','WARSITA','Teknisi Pengend Kualitas Produk Release','KS','1','','',NULL,NULL,NULL,NULL),(1840,75,'9424','SUPARDI','Pet Pengamat Proses & Inspeksi CPL','KS','1','','',NULL,NULL,NULL,NULL),(1841,75,'9429','HIMAWAN','Teknisi Sertifikasi & Laporan BLD','KS','1','','',NULL,NULL,NULL,NULL),(1842,75,'9459','WENNEKE NOLIKE S.PANTOUW','Shift Koordinator Pengdl Kualitas BLD','KS','1','','',NULL,NULL,NULL,NULL),(1843,75,'9460','AHMAD HIDAYAT','Pet Pengamat Proses & Inspeksi CPL','KS','1','','',NULL,NULL,NULL,NULL),(1844,75,'9543','PRES PRIHONO','Teknisi Pengend Kualitas Produk Release','KS','1','','',NULL,NULL,NULL,NULL),(1845,75,'9592','JUNAEDI','SF Pengendalian Kualitas Proses BLD','KS','1','','',NULL,NULL,NULL,NULL),(1846,75,'9593','AMAT SUKEMI','Pet Inspeksi Produk Jadi PRP & REC','KS','1','','',NULL,NULL,NULL,NULL),(1847,75,'9608','IRWAN','Analis Laboratorium Mekanik BLD','KS','1','','',NULL,NULL,NULL,NULL),(1848,75,'9617','SUPRAPTO','SF Inspeksi Produk Jadi & Delivery BLD','KS','1','','',NULL,NULL,NULL,NULL),(1849,75,'9656','MARCUS TUHEHAY','SF Pengendalian Kualitas Proses BLD','KS','1','','',NULL,NULL,NULL,NULL),(1850,75,'9657','HARIS','Analis Laboratorium Mekanik BLD','KS','1','','',NULL,NULL,NULL,NULL),(1851,75,'9659','PONIRAN','Laboran','KS','1','','',NULL,NULL,NULL,NULL),(1852,75,'9744','AGUS JATI PERMONO','Pet Pengamat Proses & Inspeksi CTCM','KS','1','','',NULL,NULL,NULL,NULL),(1853,75,'9748','KUNTO AJI SUDERAJAT','Shift Koordinator Pengdl Kualitas BLD','KS','1','','',NULL,NULL,NULL,NULL),(1854,75,'9749','SUNOTO','Pet Pengamat Proses & Inspeksi CTCM','KS','1','','',NULL,NULL,NULL,NULL),(1855,75,'9783','ACHMAD BUDI SYAFEI','Analis Laboratorium Mekanik BLD','KS','1','','',NULL,NULL,NULL,NULL),(1856,75,'9787','FERDINAND SRI HERU W.','Engineer Quality Control','KS','1','','',NULL,NULL,NULL,NULL),(1857,75,'9813','YAYAT','Teknisi QPD Wire Rod','KS','1','','',NULL,NULL,NULL,NULL),(1858,75,'9914','JANU AGUS PRIYONO','Superintendent QPD','KS','1','','',NULL,NULL,NULL,NULL),(1859,75,'9950','NANA SUDARNA','Pet Pengamat Proses & Insp ECL.1 & ECL.2','KS','1','','',NULL,NULL,NULL,NULL),(1860,75,'9967','CHOLIK ANWAR','Supervisor Pengendalian Kualitas BLD','KS','1','','',NULL,NULL,NULL,NULL),(1861,75,'9968','YUNI SUPRIYADI','Pet Pengamat Proses & Insp ECL.1 & ECL.2','KS','1','','',NULL,NULL,NULL,NULL),(1862,75,'9987','TOTONG GURNITA','Engineer QPD SSP & HSM','KS','1','','',NULL,NULL,NULL,NULL),(1863,75,'9989','ESTEPANUS','Teknisi Sertifikasi & Laporan BLD','KS','1','','',NULL,NULL,NULL,NULL),(1864,75,'10026','HASANUDDIN SAHAM','Pet Inspeksi Produk Jadi PRP & REC','KS','1','','',NULL,NULL,NULL,NULL),(1865,75,'10233','CAHYO ANTARIKSO','Manager Quality Control','KS','1','','',NULL,NULL,NULL,NULL),(1866,75,'10415','JURSONO','Pet Inspeksi Produk Jadi PRP & REC','KS','1','','',NULL,NULL,NULL,NULL),(1867,75,'10916','RAIS SAFIRULLAH','Pet Inspeksi Produk Jadi PRP & REC','KS','1','','',NULL,NULL,NULL,NULL),(1868,75,'10917','ANGGA AGUS MERDIANA','Pet Inspeksi Produk Jadi PRP & REC','KS','1','','',NULL,NULL,NULL,NULL),(1869,75,'10918','RUDI ROHMADI','Pet Inspeksi Produk Jadi PRP & REC','KS','1','','',NULL,NULL,NULL,NULL),(1870,75,'10919','RIYANDI AHDIYAT','Pet Pengamat Proses & Inspeksi TPM','KS','1','','',NULL,NULL,NULL,NULL),(1871,75,'11408','TEGUH HARYANTO','Pet Pengamat Pros & Ins ECS.l & ECL2','KS','1','','',NULL,NULL,NULL,NULL),(1872,75,'11565','M. DHONI DWI RAMADHAN','Pet Inspeksi Incoming Proses BLD (Ors)','KS','1','','',NULL,NULL,NULL,NULL),(1873,75,'11619','RONI PICAL','Pet Pengamat Proses & Insp ECL1 &2 (Ors)','KS','1','','',NULL,NULL,NULL,NULL),(1874,75,'11620','SHANDI RIZQI FATH\'HAN','Pet Inspeksi Delivery Produk BLD (Ors)','KS','1','','',NULL,NULL,NULL,NULL),(1875,75,'11621','SUBAGYO','Pet Inspeksi Delivery Produk BLD (Ors)','KS','1','','',NULL,NULL,NULL,NULL),(1876,75,'11801','HIMAWAN SUTANTO','Engineer Quality Control (Ors)','KS','1','','',NULL,NULL,NULL,NULL),(1877,75,'11907','NOVIAN PRAYOGO','Pet Pengamat Proses & Insp CTCM (Ors)','KS','1','','',NULL,NULL,NULL,NULL),(1878,75,'11908','BAHUD TRAP JUWAN','Pet Pengmt Pros&Insp ECL.1&ECL.2 (Ors)','KS','1','','',NULL,NULL,NULL,NULL),(1879,75,'11909','THEO DANIEL','Pet Pengmt Pros&Insp ECL.1&ECL.2 (Ors)','KS','1','','',NULL,NULL,NULL,NULL),(1880,75,'11910','ADITYA DWI SETYAWAN','Pet Inspeksi Produk Jadi SHR (Ors)','KS','1','','',NULL,NULL,NULL,NULL),(1881,75,'11912','ROBBY NOVENDRA','Pet Inspeksi Produk Jadi MPL (Ors)','KS','1','','',NULL,NULL,NULL,NULL),(1882,75,'11177A','ENDANG SUPRIADI','','KS','1','','',NULL,NULL,NULL,NULL),(1883,76,'3239','MUCHAMAD JUANDA','Sr Auditor Envi Healt&Safety Mgt Sys Dev','KS','1','','',NULL,NULL,NULL,NULL),(1884,76,'3864','ARIFIN EFFENDI','Sr Auditor Quality Mgt System & Develop','KS','1','','',NULL,NULL,NULL,NULL),(1885,76,'4483','TONI MARTIN','Auditor Envi Health&Safety Mgt Sys Dev','KS','1','','',NULL,NULL,NULL,NULL),(1886,76,'5493','JAMANI','Auditor Process & Quality Prom Flat Prod','KS','1','','',NULL,NULL,NULL,NULL),(1887,76,'5654','EFRIZAL','Auditor Quality Mgt System & Development','KS','1','','',NULL,NULL,NULL,NULL),(1888,76,'6483','BAMBANG SANTOSO','Auditor Process & Quality Prom Flat Prod','KS','1','','',NULL,NULL,NULL,NULL),(1889,76,'6517','YUS SUHADA','Specialist Intelectual Prop Right Prom','KS','1','','',NULL,NULL,NULL,NULL),(1890,76,'6563','ACHMAD AGUSCIK','Sr Specialist SMKS&Prod Certific Sys Dev','KS','1','','',NULL,NULL,NULL,NULL),(1891,76,'6947','JOKO WINARNO','Manager Quality Promotor & Mgt System','KS','1','','',NULL,NULL,NULL,NULL),(1892,76,'7803','MULYAHANI','Auditor Quality Mgt System & Development','KS','1','','',NULL,NULL,NULL,NULL),(1893,76,'8066','KEMALA BHAKTI','Sr Specilaist Intelectual Prop Right Pro','KS','1','','',NULL,NULL,NULL,NULL),(1894,76,'8325','AGUS DUDI NUGRAHA','Administrator SMKS&Prod Certific Sys Dev','KS','1','','',NULL,NULL,NULL,NULL),(1895,76,'8574','HARYENI RATNA DEWI','Sr Auditor Quality Mgt System & Develop','KS','1','','',NULL,NULL,NULL,NULL),(1896,76,'8953','DADANG SUDARISWAN','Sr Auditor Proces&Quality Prom Long Prod','KS','1','','',NULL,NULL,NULL,NULL),(1897,76,'9001','SULARMAN','Sr Auditor Envi Healt&Safety Mgt Sys Dev','KS','1','','',NULL,NULL,NULL,NULL),(1898,76,'9020','NANDANG KURNIA','Supervisor Electronic& Ext Stdr Doc Cont','KS','1','','',NULL,NULL,NULL,NULL),(1899,76,'9041','SUHARNO','Auditor Quality Mgt System & Development','KS','1','','',NULL,NULL,NULL,NULL),(1900,76,'9539','ANDI SUKARDIYANTO','Sr Auditor Proces&Quality Prom Flat Prod','KS','1','','',NULL,NULL,NULL,NULL),(1901,76,'9784','KARYA IRIAN ISMAR','Sr Auditor Quality Mgt System & Develop','KS','1','','',NULL,NULL,NULL,NULL),(1902,76,'9788','GATOT IRIANTO','Superintendent Document Control','KS','1','','',NULL,NULL,NULL,NULL),(1903,76,'9913','YUDI ROSADI','Sr Auditor Envi Healt&Safety Mgt Sys Dev','KS','1','','',NULL,NULL,NULL,NULL),(1904,76,'9970','MUHAMAD HARJONO','Sr Auditor Envi Healt&Safety Mgt Sys Dev','KS','1','','',NULL,NULL,NULL,NULL),(1905,76,'9972','NANANG GIMARON','Sr Auditor Quality Mgt System & Develop','KS','1','','',NULL,NULL,NULL,NULL),(1906,76,'9973','TB YAYAT HIDAYATULLAH','Auditor Envi Health&Safety Mgt Sys Dev','KS','1','','',NULL,NULL,NULL,NULL),(1907,76,'9978','ISWIDAL DARWIS','Sr Auditor Quality Mgt System & Develop','KS','1','','',NULL,NULL,NULL,NULL),(1908,76,'10088','SRI WIDODO JOKO SANTOSO','Sr Auditor Proces&Quality Prom Flat Prod','KS','1','','',NULL,NULL,NULL,NULL),(1909,76,'11729','TANIA ANINDITA','Officer SMKS Doc Control & RS (Ors)','KS','1','','',NULL,NULL,NULL,NULL),(1910,76,'11755','RENA MELAWATI','Officer Elect &Ekt Stdr Doc Cont (Ors)','KS','1','','',NULL,NULL,NULL,NULL),(1911,77,'5223','HERRY PURNOMO','Chief Engineer Preven & Predictive Mtce','KS','1','','',NULL,NULL,NULL,NULL),(1912,77,'5639','SUHARMANTO','Chief Engineer Cost & Spare Part Mgt','KS','1','','',NULL,NULL,NULL,NULL),(1913,77,'6292','CECE WIARSA','Staf CM & F Setingkat Foreman','KS','1','','',NULL,NULL,NULL,NULL),(1914,77,'6384','INDRA PINEM','General Manager Central Maint&Facilities','KS','1','','',NULL,NULL,NULL,NULL),(1915,77,'8906','EDWIN ASRIN','Sr Engineer Maintenance Management','KS','1','','',NULL,NULL,NULL,NULL),(1916,77,'9345','ENDAR WAHANANING DYAH','Sekretaris GM','KS','1','','',NULL,NULL,NULL,NULL),(1917,77,'9876','SUPRIYANTO','Staf BE IT/IS Plann & Contrl stngkt Mgr','KS','1','','',NULL,NULL,NULL,NULL),(1918,78,'4099','TJUTJUK SUDARSONO','Engineer Work Shop & Field Maint.','KS','1','','',NULL,NULL,NULL,NULL),(1919,78,'4103','SLAMET WIYONO','Teknisi Perencanaan Bengkel III & IV','KS','1','','',NULL,NULL,NULL,NULL),(1920,78,'4167','E KUSWAYA','Teknisi Work Shop Quality Control','KS','1','','',NULL,NULL,NULL,NULL),(1921,78,'4564','PARMANTO','Supervisor Pengol Dt&Suprt Bkl II,III&IV','KS','1','','',NULL,NULL,NULL,NULL),(1922,78,'4565','YUYUS SURACHMAN','Teknisi Work Shop Quality Control','KS','1','','',NULL,NULL,NULL,NULL),(1923,78,'4567','LUDIN PANJAITAN','Opr Mesin 1 Bengkel IV','KS','1','','',NULL,NULL,NULL,NULL),(1924,78,'4568','ROY GUNALI','Supervisor Machine Shop III','KS','1','','',NULL,NULL,NULL,NULL),(1925,78,'4569','ADE SUWARDI','Teknisi Work Shop Quality Control','KS','1','','',NULL,NULL,NULL,NULL),(1926,78,'5016','NANA SUPRIATNA','SF Welding & Fabrikasi WS III & IV','KS','1','','',NULL,NULL,NULL,NULL),(1927,78,'5534','BERTA IRIANA','Teknisi Work Shop Quality Control','KS','1','','',NULL,NULL,NULL,NULL),(1928,78,'5947','ACHMADI','SF Welding & Fabrikasi WS III & IV','KS','1','','',NULL,NULL,NULL,NULL),(1929,78,'5948','UBOY SABATINI','Officer Pengol Dt & Supor Bkl II,III&IV','KS','1','','',NULL,NULL,NULL,NULL),(1930,78,'5963','SLAMET SRIYANTO','Superintendent Work Shop Planning&Contrl','KS','1','','',NULL,NULL,NULL,NULL),(1931,78,'5986','WALUYO','Officer Pengol Dt & Supor Bkl II,III&IV','KS','1','','',NULL,NULL,NULL,NULL),(1932,78,'5990','HAERUL','Pet Gd Perkakas Tangan Bkl 3 & 4','KS','1','','',NULL,NULL,NULL,NULL),(1933,78,'5992','HARTOWO','F Reparasi Mesin Bengkel III & IV','KS','1','','',NULL,NULL,NULL,NULL),(1934,78,'5995','ENDANG SETIAWAN','Teknisi Perencanaan Bengkel III & IV','KS','1','','',NULL,NULL,NULL,NULL),(1935,78,'6294','DIRMAN','Supervisor Welding & Repair Shop III&IV','KS','1','','',NULL,NULL,NULL,NULL),(1936,78,'6334','SUPRIYONO','F Pengendalian SC &Mtrl Bengkel III&IV','KS','1','','',NULL,NULL,NULL,NULL),(1937,78,'6346','MARIDI IRIANTO','Supervisor Work Shop Quality Control','KS','1','','',NULL,NULL,NULL,NULL),(1938,78,'6469','JUWITO','Supervisor Machine Shop IV','KS','1','','',NULL,NULL,NULL,NULL),(1939,78,'6539','USMAN MUSTOPA','Engineer Work Shop & Field Maint.','KS','1','','',NULL,NULL,NULL,NULL),(1940,78,'7201','SUPARTIKNO','SF Bkl Reprs Pompa,Valve,Tur&Kompresor','KS','1','','',NULL,NULL,NULL,NULL),(1941,78,'7202','TARJONO','SF Bengkel Reparasi HLP','KS','1','','',NULL,NULL,NULL,NULL),(1942,78,'7203','JOKO RAHMANTO','Supervisor Planning &Control Shop III&IV','KS','1','','',NULL,NULL,NULL,NULL),(1943,78,'7205','SUYUD HERYADI','F Prwt Sistem HLP','KS','1','','',NULL,NULL,NULL,NULL),(1944,78,'7393','SARMEDI','SF Welding & Fabrikasi WS III & IV','KS','1','','',NULL,NULL,NULL,NULL),(1945,78,'7902','SUTARDI','SF Mesin Bengkel IV','KS','1','','',NULL,NULL,NULL,NULL),(1946,78,'7903','SUHERMAN','SF Mesin Bengkel III','KS','1','','',NULL,NULL,NULL,NULL),(1947,78,'7905','ABIDIN','SF Mesin Bengkel III','KS','1','','',NULL,NULL,NULL,NULL),(1948,78,'8040','MOHAMAD SUGIRI','SF Bkl Reprs Pompa,Valve,Tur&Kompresor','KS','1','','',NULL,NULL,NULL,NULL),(1949,78,'8041','SUKARDI','Pet Prwt Mek Pompa,Valve,Tur&Kompresor 1','KS','1','','',NULL,NULL,NULL,NULL),(1950,78,'8453','AGUS A MUSABIQ','Manager Work Shop & Field Maintenance','KS','1','','',NULL,NULL,NULL,NULL),(1951,78,'8534','BUDI HARSONO','Opr Mesin 1 Bengkel III','KS','1','','',NULL,NULL,NULL,NULL),(1952,78,'8554','DJOKO SANTOSO','Sr Engineer Work Shop & Field Maint.','KS','1','','',NULL,NULL,NULL,NULL),(1953,78,'8609','SUDIMAN','Opr Mesin 1 Bengkel III','KS','1','','',NULL,NULL,NULL,NULL),(1954,78,'8610','DENNY HERYADI','Opr Mesin 1 Bengkel IV','KS','1','','',NULL,NULL,NULL,NULL),(1955,78,'8614','HERI SUHARYANA','Teknisi Perencanaan Bengkel III & IV','KS','1','','',NULL,NULL,NULL,NULL),(1956,78,'8685','AGUS SUPRIYANTO','Opr Mesin 1 Bengkel IV','KS','1','','',NULL,NULL,NULL,NULL),(1957,78,'8688','UJANG ABDUL HAMID','Opr Mesin 1 Bengkel IV','KS','1','','',NULL,NULL,NULL,NULL),(1958,78,'8689','SUHERMAN','F Gd Perkks Tgn&Perbaikan Bkl 3 & 4','KS','1','','',NULL,NULL,NULL,NULL),(1959,78,'8691','FIRLI','Teknisi Work Shop Quality Control','KS','1','','',NULL,NULL,NULL,NULL),(1960,78,'8694','MADURIF','SF Mesin Bengkel IV','KS','1','','',NULL,NULL,NULL,NULL),(1961,78,'8697','DEDI SUNARDI','Teknisi Pengol Perenc Jasa Kontrak Bkl','KS','1','','',NULL,NULL,NULL,NULL),(1962,78,'8882','YOSAFAT MARZUKI','Teknisi Perencanaan Bengkel III & IV','KS','1','','',NULL,NULL,NULL,NULL),(1963,78,'9502','ADI SETIYONO','Pet Pengendalian SC &Mtrl Bengkel III&IV','KS','1','','',NULL,NULL,NULL,NULL),(1964,78,'9503','JAMTRIYONO','SF Welding & Fabrikasi WS III & IV','KS','1','','',NULL,NULL,NULL,NULL),(1965,78,'9527','KUSNDARSI','Opr Mesin 1 Bengkel IV','KS','1','','',NULL,NULL,NULL,NULL),(1966,78,'9570','MULYANA','SF Bengkel Reparasi HLP','KS','1','','',NULL,NULL,NULL,NULL),(1967,78,'9584','SONDANG WILMAR BS.','Supervisor Perenc Jasa Kontrak Bengkel','KS','1','','',NULL,NULL,NULL,NULL),(1968,78,'9718','ALI HAMIDI','Juru Las 1','KS','1','','',NULL,NULL,NULL,NULL),(1969,78,'9722','HANDOYO','Juru Las 1','KS','1','','',NULL,NULL,NULL,NULL),(1970,78,'9781','WARSITO','Opr Mesin 1 Bengkel IV','KS','1','','',NULL,NULL,NULL,NULL),(1971,78,'9959','VINCENTIUS WAGIMIN','F Pengendalian SC &Mtrl Bengkel III&IV','KS','1','','',NULL,NULL,NULL,NULL),(1972,78,'10125','CHUSNUL ANDI KUKUH T.','Supervisor HLP & Pump','KS','1','','',NULL,NULL,NULL,NULL),(1973,78,'10399','TUTON SUPRIYANDANI','Opr Mesin 1 Bengkel IV','KS','1','','',NULL,NULL,NULL,NULL),(1974,78,'10411','IMAM GOZALI','Teknisi Pengol Perenc Jasa Kontrak Bkl','KS','1','','',NULL,NULL,NULL,NULL),(1975,78,'10425','SLAMET','Pet Prwt Mek Pompa,Valve,Tur&Kompresor 1','KS','1','','',NULL,NULL,NULL,NULL),(1976,78,'10426','KUSNADI','Opr Mesin 1 Bengkel IV','KS','1','','',NULL,NULL,NULL,NULL),(1977,78,'10619','SAFRUDIN','Juru Las 1','KS','1','','',NULL,NULL,NULL,NULL),(1978,78,'10776','ZAENAL MUTTAQIN','Pet Gd Perkakas Tangan Bkl 3 & 4','KS','1','','',NULL,NULL,NULL,NULL),(1979,78,'10899','FRANA SUKMA JAYA','Opr Mesin 2 Bengkel III','KS','1','','',NULL,NULL,NULL,NULL),(1980,78,'10902','MUCHAMAD MUCHSIN','Pet Prwt Mekanik & Hydraulic','KS','1','','',NULL,NULL,NULL,NULL),(1981,78,'10903','AHMAD HERU SAUBIL MAULANA','Pet Prwt Mekanik & HLP1','KS','1','','',NULL,NULL,NULL,NULL),(1982,78,'10905','EBI HARYANTO','Pet Prwt Mekanik & HLP1','KS','1','','',NULL,NULL,NULL,NULL),(1983,78,'10983','AMIR HIDAYAT','Teknisi Pengol Perenc Jasa Kontrak Bkl','KS','1','','',NULL,NULL,NULL,NULL),(1984,78,'11131','TIFRONI AL SAIFUL','Pet Prwt Mekanik & HLP2','KS','1','','',NULL,NULL,NULL,NULL),(1985,78,'11132','WENDA PRADITA','Pet Prwt Mek Pompa,Valve,Tur&Kompresor2','KS','1','','',NULL,NULL,NULL,NULL),(1986,78,'11150','ANIS FAUZI','Pet Gd Perkakas Tangan Bkl 3 & 4','KS','1','','',NULL,NULL,NULL,NULL),(1987,78,'11250','FRANS TEGUH WIDIANTORO','Opr Mesin 2 Bengkel III','KS','1','','',NULL,NULL,NULL,NULL),(1988,78,'11251','KAWIT SUKAMTO','Opr Mesin 2 Bengkel III','KS','1','','',NULL,NULL,NULL,NULL),(1989,78,'11256','IKSAN','Pet Prwt Mek Pompa,Valve,Tur&Komp2','KS','1','','',NULL,NULL,NULL,NULL),(1990,78,'11257','HALIM RASYIDIN','Pet Prwt Mekanik & HLP2','KS','1','','',NULL,NULL,NULL,NULL),(1991,78,'11360','ZULKIPLI','Opr Mesin 2 Bengkel IV','KS','1','','',NULL,NULL,NULL,NULL),(1992,78,'11362','DANANG FIRMAN SUKARMAN','Pet Prwt Mek Pomp,Valve,Tur&Komp','KS','1','','',NULL,NULL,NULL,NULL),(1993,78,'11473','GALIH HANGGAR WIBOWO','Officer Pengol Dt & Supor Bkl2,3,4','KS','1','','',NULL,NULL,NULL,NULL),(1994,78,'11529','BONDAN ANGGA ANGGARA','Pet Prwt Mekanik & HLP2','KS','1','','',NULL,NULL,NULL,NULL),(1995,78,'11561','ILHAM PUTRA ERATAMA','Opr Mesin 2 Bengkel III (Ors)','KS','1','','',NULL,NULL,NULL,NULL),(1996,78,'11562','INDRA SULAIMAN','Opr Mesin 2 Bengkel IV  (Ors)','KS','1','','',NULL,NULL,NULL,NULL),(1997,79,'2939','MOHAMAD SOLEH','Administrator SMKS & Training Koord','KS','1','','',NULL,NULL,NULL,NULL),(1998,79,'5283','SUWARMAN','Administrator SMKS & Training Koord','KS','1','','',NULL,NULL,NULL,NULL),(1999,79,'6725','LANTIP PRAMONO','Manager Utilities & Energy Management','KS','1','','',NULL,NULL,NULL,NULL),(2000,79,'8145','MUHAMMAD IRBANOV','Sr Engineer Metrology','KS','1','','',NULL,NULL,NULL,NULL),(2001,79,'8232','YOHANES PANJI SETIAGUNG N','Sr Engineer Industry Gas Plant','KS','1','','',NULL,NULL,NULL,NULL),(2002,79,'11818','GIGIH RESPATI YUDISTIANTO','Engineer Listrik (Ors)','KS','1','','',NULL,NULL,NULL,NULL),(2003,79,'7178A','YAN YANYULIANA','','KS','1','','',NULL,NULL,NULL,NULL),(2004,80,'3212','IA UDAYA','SF Instrument DR Plant','KS','1','','',NULL,NULL,NULL,NULL),(2005,80,'3970','MOH. WAHYUDIN','SF Electric DR Plant','KS','1','','',NULL,NULL,NULL,NULL),(2006,80,'4062','ADRIL PILIANG','SF Instrument DR Plant','KS','1','','',NULL,NULL,NULL,NULL),(2007,80,'4159','ABDUL MULUK','SF Electric DR Plant','KS','1','','',NULL,NULL,NULL,NULL),(2008,80,'4160','NANO SUPARNO','Pet Instrument & Electric MH DR Plant','KS','1','','',NULL,NULL,NULL,NULL),(2009,80,'4188','YAYA TARJALI','Supervisor Inst. & Comp. Proces DR Plant','KS','1','','',NULL,NULL,NULL,NULL),(2010,80,'4461','DEDI KOESPERMADI','SF Instrument DR Plant','KS','1','','',NULL,NULL,NULL,NULL),(2011,80,'4709','MUKTI','SF Electric DR Plant','KS','1','','',NULL,NULL,NULL,NULL),(2012,80,'4720','TJATUR WAHYU WIDODO','SF Electric DR Plant','KS','1','','',NULL,NULL,NULL,NULL),(2013,80,'5131','JUHAEDI','SF Instrument & Electric MH DR Plant','KS','1','','',NULL,NULL,NULL,NULL),(2014,80,'5257','YAYAT HIDAYAT','Technician Computer Process DR Plant','KS','1','','',NULL,NULL,NULL,NULL),(2015,80,'5258','HOPINANTO','Technician Computer Process DR Plant','KS','1','','',NULL,NULL,NULL,NULL),(2016,80,'5260','TURMUDI','Technician Computer Process DR Plant','KS','1','','',NULL,NULL,NULL,NULL),(2017,80,'5263','ANGGUN HARYONO','Supervisor Electric DR Plant','KS','1','','',NULL,NULL,NULL,NULL),(2018,80,'5264','SALAM','Technician Instrument & Electric','KS','1','','',NULL,NULL,NULL,NULL),(2019,80,'5265','KUSBAGYA','Technician Computer Process DR Plant','KS','1','','',NULL,NULL,NULL,NULL),(2020,80,'5268','ISKANDAR','SF Instrument & Electric MH DR Plant','KS','1','','',NULL,NULL,NULL,NULL),(2021,80,'5269','ACHMAD MAULANA','SF Instrument & Electric MH DR Plant','KS','1','','',NULL,NULL,NULL,NULL),(2022,80,'7323','ACHMAD MULYADI','SF Instrument DR Plant','KS','1','','',NULL,NULL,NULL,NULL),(2023,80,'7339','MIMIP MIFTAH','SF Instrument & Electric MH DR Plant','KS','1','','',NULL,NULL,NULL,NULL),(2024,80,'7887','ZULKARNAEN','SF Instrument & Electric MH DR Plant','KS','1','','',NULL,NULL,NULL,NULL),(2025,80,'8048','ANNAS MUFRODI','Supervisor Inst. & Electric MH DR Plant','KS','1','','',NULL,NULL,NULL,NULL),(2026,80,'10698','BUANG NURKHOLIS','Superintendent IEC Maintenance DR Plant','KS','1','','',NULL,NULL,NULL,NULL),(2027,80,'10796','IWAN SUARNO','Pet Instrument & Electric MH DR Plant','KS','1','','',NULL,NULL,NULL,NULL),(2028,80,'10821','JOKO SANTOSO','Pet Instrument & Electric MH DR Plant','KS','1','','',NULL,NULL,NULL,NULL),(2029,80,'11004','IBRAHIM','Pet Electric DR Plant','KS','1','','',NULL,NULL,NULL,NULL),(2030,80,'11067','AKHMAD SULAIMAN','Pet Instrument DR Plant','KS','1','','',NULL,NULL,NULL,NULL),(2031,80,'11163','HARIYOSO PUTRO','Pet Electric DR Plant','KS','1','','',NULL,NULL,NULL,NULL),(2032,80,'11192','MAKHFUD','Pet Instrument & Electric MH DR Plant','KS','1','','',NULL,NULL,NULL,NULL),(2033,80,'11292','IRWAN HENDRAWAN','Pet Instrument & Electric MH DR Plant','KS','1','','',NULL,NULL,NULL,NULL),(2034,80,'11293','AHMAD GUFRONI','Pet Instrument & Electric MH DR Plant','KS','1','','',NULL,NULL,NULL,NULL),(2035,80,'11294','SADROJI','Pet Instrument & Electric MH DR Plant','KS','1','','',NULL,NULL,NULL,NULL),(2036,80,'11295','MUHAMMAD ICHWAN','Pet Instrument & Electric MH DR Plant','KS','1','','',NULL,NULL,NULL,NULL),(2037,80,'11472','FATKHUR RAHMAN','SF Instrument DR Plant','KS','1','','',NULL,NULL,NULL,NULL),(2038,80,'11494','WILLY ARDIAN','Technician Comp Process DR Plant (Ors)','KS','1','','',NULL,NULL,NULL,NULL),(2039,80,'11780','SYAHDARI LUDFI AKBAR','SF Electric DR Plant (Ors)','KS','1','','',NULL,NULL,NULL,NULL),(2040,80,'11845','AGUS SETYAWAN','Pet Instr & Electric MH DR Plant (Ors)','KS','1','','',NULL,NULL,NULL,NULL),(2041,80,'11846','FAIZAL RIZKI','Pet Instrument DR Plant (Ors)','KS','1','','',NULL,NULL,NULL,NULL),(2042,80,'11881','ARI WINARNO','Pet Instrument DR Plant (Ors)','KS','1','','',NULL,NULL,NULL,NULL),(2043,80,'11882','DWI KURNIAWAN','Pet Electric DR Plant (Ors)','KS','1','','',NULL,NULL,NULL,NULL),(2044,80,'11883','RACHMAT NUR ISMIRA','Pet Electric DR Plant (Ors)','KS','1','','',NULL,NULL,NULL,NULL),(2045,81,'2938','FAUZI','Supervisor Pengdl Mtrl Prod&Analisis Dt','KS','1','','',NULL,NULL,NULL,NULL),(2046,81,'2959','MA\'MUN HERMANSYAH','F Penyiapan Data Operasi & Pelaporan','KS','1','','',NULL,NULL,NULL,NULL),(2047,81,'2964','ENDRO SUSILO','Sr Engineer Proses Sekunder','KS','1','','',NULL,NULL,NULL,NULL),(2048,81,'2987','ZAINUDDIN','Pet Proses Matching dan Data MES','KS','1','','',NULL,NULL,NULL,NULL),(2049,81,'3368','YAN RACHMAT','Koordinator Shift','KS','1','','',NULL,NULL,NULL,NULL),(2050,81,'3466','TRI HANANTO','Engineer Casting','KS','1','','',NULL,NULL,NULL,NULL),(2051,81,'3655','GUNAWAN DJOKO RAHARDJO','Koordinator Shift','KS','1','','',NULL,NULL,NULL,NULL),(2052,81,'3672','NANA ROCHYANA','Koordinator Shift','KS','1','','',NULL,NULL,NULL,NULL),(2053,81,'6039','NANANG YAYA RUKMAYA','Administrator Pemeliharaan SMKS & TK','KS','1','','',NULL,NULL,NULL,NULL),(2054,81,'7112','ASMARDI','Sr Engineer Melting','KS','1','','',NULL,NULL,NULL,NULL),(2055,81,'7114','RWETNO FIKRI','Plant Inspector','KS','1','','',NULL,NULL,NULL,NULL),(2056,81,'7121','RASAN','Pet Proses Matching dan Data MES','KS','1','','',NULL,NULL,NULL,NULL),(2057,81,'7212','TB. ARIF SETIA DARMA','Officer Analisis Data & Material Operasi','KS','1','','',NULL,NULL,NULL,NULL),(2058,81,'7819','SUROTO RIONO','Engineer Melting','KS','1','','',NULL,NULL,NULL,NULL),(2059,81,'7988','AYI SUPRATMAN','Koordinator Shift','KS','1','','',NULL,NULL,NULL,NULL),(2060,81,'10712','ARIEF PURNOMO','Manager Billet Steel Plant','KS','1','','',NULL,NULL,NULL,NULL),(2061,81,'11435','GALIH WALANDHI','Engineer Secondary Process','KS','1','','',NULL,NULL,NULL,NULL),(2062,81,'11438','IRWAN','Engineer Casting','KS','1','','',NULL,NULL,NULL,NULL),(2063,81,'98000028','ALI HAMZAH','Staf Setingkat Petugas (PKWT)','KS','1','','',NULL,NULL,NULL,NULL),(2064,81,'98000030','EMAN SUHERMAN','Staf Setingkat Pelaksana (PKWT)','KS','1','','',NULL,NULL,NULL,NULL),(2065,82,'2929','JUDHI SISWANTO','Sr Koordinator Shift PSB-I','KS','1','','',NULL,NULL,NULL,NULL),(2066,82,'2936','DJADJANG AFGUNAWAN','Material Controler','KS','1','','',NULL,NULL,NULL,NULL),(2067,82,'5247','AGUS HENDRO','Pet I Pemasangan Tundish','KS','1','','',NULL,NULL,NULL,NULL),(2068,82,'5708','SLAMET','SF Tanur, RH & Ladle','KS','1','','',NULL,NULL,NULL,NULL),(2069,82,'5763','DIDA DASWANDA','SF Tundish','KS','1','','',NULL,NULL,NULL,NULL),(2070,82,'5769','MARSYIM','SF Tundish','KS','1','','',NULL,NULL,NULL,NULL),(2071,82,'5771','ZEIN PRIYATNA','Supervisor Refractory PSB-II','KS','1','','',NULL,NULL,NULL,NULL),(2072,82,'5775','YUSMAN','Pet I Pemasangan BTA Tanur, RH & Ladle','KS','1','','',NULL,NULL,NULL,NULL);
INSERT INTO `tblkaryawan` VALUES (2073,82,'5779','JONI SETIAWAN','Pet I Pemasangan Tundish','KS','1','','',NULL,NULL,NULL,NULL),(2074,82,'5780','MUHYADI','Pet I Pemasangan Tundish','KS','1','','',NULL,NULL,NULL,NULL),(2075,82,'5786','JAYADI','SF Tundish','KS','1','','',NULL,NULL,NULL,NULL),(2076,82,'5793','HERI PURNAMA','Pet I Perbaikan Tundish','KS','1','','',NULL,NULL,NULL,NULL),(2077,82,'5804','CANANG','Sr Koordinator Shift PSB-I','KS','1','','',NULL,NULL,NULL,NULL),(2078,82,'5828','SURIP','Sr Engineer Proses Sekunder','KS','1','','',NULL,NULL,NULL,NULL),(2079,82,'5845','YAYAT SUMIRAT','Plant Inspector','KS','1','','',NULL,NULL,NULL,NULL),(2080,82,'5854','DAVID RICHARDO','Sr Engineer Pengecoran','KS','1','','',NULL,NULL,NULL,NULL),(2081,82,'5876','SUDRAJAT','Officer Statistik Operasi','KS','1','','',NULL,NULL,NULL,NULL),(2082,82,'5886','MUCHAMAD IDRUS','SF Tanur, RH & Ladle','KS','1','','',NULL,NULL,NULL,NULL),(2083,82,'6023','RACHMAT RIYANTO','SF Tanur, RH & Ladle','KS','1','','',NULL,NULL,NULL,NULL),(2084,82,'6033','GANDA SUKANDA','Pet I Pemasangan BTA Tanur, RH & Ladle','KS','1','','',NULL,NULL,NULL,NULL),(2085,82,'6050','SUSANTO','Pet I Pemasangan BTA Tanur, RH & Ladle','KS','1','','',NULL,NULL,NULL,NULL),(2086,82,'6113','KARTONO','Pet Rekapitulasi Data','KS','1','','',NULL,NULL,NULL,NULL),(2087,82,'6768','MATTO AKHMAD SUGANDI','Sr Koordinator Shift PSB-I','KS','1','','',NULL,NULL,NULL,NULL),(2088,82,'6772','MULATUA LUBIS','Sr Koordinator Shift PSB-I','KS','1','','',NULL,NULL,NULL,NULL),(2089,82,'7438','AGUS RACHMAT MURIANTO','Officer Statistik Operasi','KS','1','','',NULL,NULL,NULL,NULL),(2090,82,'7442','SLAMET PRAKOSO','Pet Rekapitulasi Data','KS','1','','',NULL,NULL,NULL,NULL),(2091,82,'7552','M. HUSNI ACHMAD','Administrator Pemeliharaan SMKS','KS','1','','',NULL,NULL,NULL,NULL),(2092,82,'7632','ADE SAPARI','Supervisor Analisa Data & Statistik Ops','KS','1','','',NULL,NULL,NULL,NULL),(2093,82,'8355','NURWENDA','Pet I Pemasangan BTA Tanur, RH & Ladle','KS','1','','',NULL,NULL,NULL,NULL),(2094,82,'8357','YAHMAN','Pet I Pemasangan BTA Tanur, RH & Ladle','KS','1','','',NULL,NULL,NULL,NULL),(2095,82,'8367','SUNARDI','Pet I Pemasangan BTA Tanur, RH & Ladle','KS','1','','',NULL,NULL,NULL,NULL),(2096,82,'8368','SAM\'ARIF','Pet II Pemasangan BTA Tanur,RH & Ladle','KS','1','','',NULL,NULL,NULL,NULL),(2097,82,'8369','PURWADI','Pet II Pemasangan BTA Tanur,RH & Ladle','KS','1','','',NULL,NULL,NULL,NULL),(2098,82,'8374','TB. ARIA HASANUDIN','Pet II Pemasangan Tundish','KS','1','','',NULL,NULL,NULL,NULL),(2099,82,'8375','SUPARNO','Pet I Pemasangan BTA Tanur, RH & Ladle','KS','1','','',NULL,NULL,NULL,NULL),(2100,82,'8379','DIDIT RAPADI','SF Tundish','KS','1','','',NULL,NULL,NULL,NULL),(2101,82,'8386','NASIRIN','Pet I Pemasangan Tundish','KS','1','','',NULL,NULL,NULL,NULL),(2102,82,'8387','ADE SUHENDAR','Pet II Pemasangan Tundish','KS','1','','',NULL,NULL,NULL,NULL),(2103,82,'8400','NUR ANSORI','SF Tanur, RH & Ladle','KS','1','','',NULL,NULL,NULL,NULL),(2104,82,'8413','JANJAN JOHARI','Pet II Pemasangan BTA Tanur,RH & Ladle','KS','1','','',NULL,NULL,NULL,NULL),(2105,82,'8414','DIDIN SAEFUDIN','Pet I Pemasangan BTA Tanur, RH & Ladle','KS','1','','',NULL,NULL,NULL,NULL),(2106,82,'8421','ABDUL LATIF','Pet II Pemasangan BTA Tanur,RH & Ladle','KS','1','','',NULL,NULL,NULL,NULL),(2107,82,'8440','BAMBANG SETYOTOMO','Manager Pabrik Slab Baja I','KS','1','','',NULL,NULL,NULL,NULL),(2108,82,'10213','HEDI MULYATMA','Chief Engineer Pabrik Slab Baja I','KS','1','','',NULL,NULL,NULL,NULL),(2109,82,'10952','TUMPAL HAMONANGAN SIMATUPANG','Sr Engineer Refraktory','KS','1','','',NULL,NULL,NULL,NULL),(2110,82,'11449','OGGIE PRIMA DITA PUTRA','Engineer Proses Sekunder','KS','1','','',NULL,NULL,NULL,NULL),(2111,82,'11457','VICKRI NOFIYAN','Engineer Pengecoran','KS','1','','',NULL,NULL,NULL,NULL),(2112,82,'11493','FIKSI SASTRAKENCANA','Engineer Peleburan (Ors)','KS','1','','',NULL,NULL,NULL,NULL),(2113,82,'11600','AJAD WIDATHA PANA','Pet II Pemas BTA Tanur,RH & Ladle (Ors)','KS','1','','',NULL,NULL,NULL,NULL),(2114,82,'11614','IRFAN MUSTHAFA','Pet Perbaikan Alat Kerja (Ors)','KS','1','','',NULL,NULL,NULL,NULL),(2115,82,'11638','ARIE BUDIAWAN','Pet II Pemasangan Tundish (Ors)','KS','1','','',NULL,NULL,NULL,NULL),(2116,82,'11684','MUHAMAD FIRDAUS','Pet II Pemasangan Tundish (Ors)','KS','1','','',NULL,NULL,NULL,NULL),(2117,82,'11781','HIDAYATHUL AKHMAL','Engineer Refractory (Ors)','KS','1','','',NULL,NULL,NULL,NULL),(2118,82,'11889','BHENI HARTANTO','Pet Penyediaan Mat & Prog Refr (Ors)','KS','1','','',NULL,NULL,NULL,NULL),(2119,82,'7445A','WUNDI KUSYANTO','','KS','1','','',NULL,NULL,NULL,NULL),(2120,83,'3337','YAYAT SUBEKTI HIDAYAT','Sr Engineer Listrik BSP&SSP','KS','1','','',NULL,NULL,NULL,NULL),(2121,83,'3341','NASIR YACHYA','Engineer Inspeksi Prwt PPB','KS','1','','',NULL,NULL,NULL,NULL),(2122,83,'3765','MUCHTADIN ASQAR','Superintendent PP Prwt Pab Pengolahan Bj','KS','1','','',NULL,NULL,NULL,NULL),(2123,83,'3787','SUPRIADI','Teknisi Perencanaan Prwt BSP','KS','1','','',NULL,NULL,NULL,NULL),(2124,83,'3789','ANAK AGUNG KRISNA','Engineer Mekanik BSP&SSP','KS','1','','',NULL,NULL,NULL,NULL),(2125,83,'3791','SURYA TRISNIWANTARA','Engineer Mekanik BSP&SSP','KS','1','','',NULL,NULL,NULL,NULL),(2126,83,'3794','ANANG DARJAT','Teknisi Penjadwalan Prwt BSP','KS','1','','',NULL,NULL,NULL,NULL),(2127,83,'3797','SUPARNO','Engineer Mekanik BSP&SSP','KS','1','','',NULL,NULL,NULL,NULL),(2128,83,'3810','LPI. BOETJE SAMALLO','Teknisi Inspeksi & Diagnostik Mek PPB','KS','1','','',NULL,NULL,NULL,NULL),(2129,83,'4110','MANANGAR MARPAUNG','Teknisi Listrik SSP-I','KS','1','','',NULL,NULL,NULL,NULL),(2130,83,'4172','SISTIAWAN','Supervisor Perenc & Pengdl Prwt SSP-II','KS','1','','',NULL,NULL,NULL,NULL),(2131,83,'4431','ISTIYONO','Engineer Fluid Centre','KS','1','','',NULL,NULL,NULL,NULL),(2132,83,'4559','NAZAMUDIN','Engineer Mekanik BSP&SSP','KS','1','','',NULL,NULL,NULL,NULL),(2133,83,'5110','MISA','Teknisi Mekanik BSP','KS','1','','',NULL,NULL,NULL,NULL),(2134,83,'5113','AMRIZAL','Supervisor Perenc & Pengdl Prwt BSP','KS','1','','',NULL,NULL,NULL,NULL),(2135,83,'5595','MARUTO','Teknisi Penjadwalan Prwt SSP-2','KS','1','','',NULL,NULL,NULL,NULL),(2136,83,'5603','SUCIPTO','Teknisi Inspeksi & Diagnostik Mek PPB','KS','1','','',NULL,NULL,NULL,NULL),(2137,83,'5605','JOKO LESTARI','Engineer Mekanik BSP&SSP','KS','1','','',NULL,NULL,NULL,NULL),(2138,83,'5611','AGUS WIDODO','Engineer Inspeksi Prwt PPB','KS','1','','',NULL,NULL,NULL,NULL),(2139,83,'5612','SYARIFUDDIN','Supervisor Perenc & Pengdl Prwt SSP-I','KS','1','','',NULL,NULL,NULL,NULL),(2140,83,'5613','SUDIBYO','Supervisor Adm Teknik Prwt SSP-I','KS','1','','',NULL,NULL,NULL,NULL),(2141,83,'5656','KODRAT','Pet Inspeksi Listrik PPB','KS','1','','',NULL,NULL,NULL,NULL),(2142,83,'5665','JERHAN B M YUSUF','Teknisi Perencanaan Prwt SSP-2','KS','1','','',NULL,NULL,NULL,NULL),(2143,83,'5674','KRISTONI','Teknisi Penjadwalan Prwt SSP-2','KS','1','','',NULL,NULL,NULL,NULL),(2144,83,'5689','JOKO SUGIANTO','Teknisi Perencanaan Prwt SSP-2','KS','1','','',NULL,NULL,NULL,NULL),(2145,83,'5692','MOCHAMAD SHODIQ','Sr Engineer Mekanik BSP&SSP','KS','1','','',NULL,NULL,NULL,NULL),(2146,83,'5694','APUNG MAHPUDIN','Supervisor Adm Teknik Prwt SSP-II','KS','1','','',NULL,NULL,NULL,NULL),(2147,83,'5702','SAMSUKI','Teknisi Perencanaan Prwt SSP-I','KS','1','','',NULL,NULL,NULL,NULL),(2148,83,'5719','ASEP SAHAL','Engineer Inspeksi Prwt PPB','KS','1','','',NULL,NULL,NULL,NULL),(2149,83,'5738','AFENDI','Engineer Inspeksi Prwt PPB','KS','1','','',NULL,NULL,NULL,NULL),(2150,83,'5914','ACHMAD MULYAWAN','Engineer Inspeksi Prwt PPB','KS','1','','',NULL,NULL,NULL,NULL),(2151,83,'5972','HENRY PALYAMA','Chief Engineer Prwt Pab Pengolahan Baja','KS','1','','',NULL,NULL,NULL,NULL),(2152,83,'6072','USUP SUKARDI','Teknisi Mekanik SSP-II','KS','1','','',NULL,NULL,NULL,NULL),(2153,83,'6313','IVAN HENDARIN','Teknisi Perencanaan Prwt BSP','KS','1','','',NULL,NULL,NULL,NULL),(2154,83,'6347','BUDIANTO','Teknisi Mekanik SSP-I','KS','1','','',NULL,NULL,NULL,NULL),(2155,83,'6369','EDISON','Pet Pelayanan Material SSP-II','KS','1','','',NULL,NULL,NULL,NULL),(2156,83,'7145','SOSON ICHSAN FUAD','Teknisi Penjadwalan Prwt BSP','KS','1','','',NULL,NULL,NULL,NULL),(2157,83,'7637','SUHARTONO','Teknisi Perenc & Penjad Prwt WTP-123','KS','1','','',NULL,NULL,NULL,NULL),(2158,83,'7688','SULARTO','Administrator Trainning Koord & Lap Mjn','KS','1','','',NULL,NULL,NULL,NULL),(2159,83,'7695','PUTUT IRIANTO','Pet Dokumentasi & Juru Gambar SSP-I','KS','1','','',NULL,NULL,NULL,NULL),(2160,83,'7701','KUNTO HADI RAMELAN','Pet Dokumentasi & Juru Gambar SSP-II','KS','1','','',NULL,NULL,NULL,NULL),(2161,83,'7706','SUHARDI','Teknisi Perencanaan Prwt SSP-2','KS','1','','',NULL,NULL,NULL,NULL),(2162,83,'7718','JAHIDIN','Pet Administrasi Order SSP-I','KS','1','','',NULL,NULL,NULL,NULL),(2163,83,'7721','EDI BIN MAYAD','Pet Administrasi Order SSP-II','KS','1','','',NULL,NULL,NULL,NULL),(2164,83,'7726','DIDIK ROCHDIANTO','Teknisi Perencanaan Prwt SSP-I','KS','1','','',NULL,NULL,NULL,NULL),(2165,83,'7827','ONI BIN NATA','Teknisi Listrik BSP','KS','1','','',NULL,NULL,NULL,NULL),(2166,83,'8006','ISMATULLAH','Teknisi Inspeksi & Diagnostik Mek PPB','KS','1','','',NULL,NULL,NULL,NULL),(2167,83,'8239','MOCH SUN\'AN','Manager Prwt Pabrik Pengolahan Baja','KS','1','','',NULL,NULL,NULL,NULL),(2168,83,'8305','R. TRIKORYADI','Teknisi Perenc & Penjad Prwt WTP-123','KS','1','','',NULL,NULL,NULL,NULL),(2169,83,'8307','IWAN PRAMAWIRA','Teknisi Perencanaan Prwt SSP-2','KS','1','','',NULL,NULL,NULL,NULL),(2170,83,'8611','KELIK SAPTO SUDARMANTO','Teknisi Listrik SSP-II','KS','1','','',NULL,NULL,NULL,NULL),(2171,83,'10453','TEGUH SUTOPO','Engineer Instr&Komp Proses BSP&SSP','KS','1','','',NULL,NULL,NULL,NULL),(2172,83,'10532','BUDI SUYATNO','Pet Pelayanan Material BSP','KS','1','','',NULL,NULL,NULL,NULL),(2173,83,'10612','ERDI YUZHAR','Pet Pelayanan Material SSP-I','KS','1','','',NULL,NULL,NULL,NULL),(2174,83,'10615','ENDONG SOPANDI','Teknisi Perencanaan Prwt BSP','KS','1','','',NULL,NULL,NULL,NULL),(2175,83,'10657','ASEP JUNIARTO','Teknisi Perencanaan Prwt SSP-I','KS','1','','',NULL,NULL,NULL,NULL),(2176,83,'10666','AAN ISA ANSORI','Teknisi Penjadwalan Prwt SSP-I','KS','1','','',NULL,NULL,NULL,NULL),(2177,83,'10680','L.PUPUT CANDRA BR.','Teknisi Inspeksi & Diagnostik List PPB','KS','1','','',NULL,NULL,NULL,NULL),(2178,83,'11086','RIZAL FAHLEVI','Pet Inspeksi Listrik PPB','KS','1','','',NULL,NULL,NULL,NULL),(2179,83,'11212','KUSNANDAR','Pet Inspeksi Mekanik PPB','KS','1','','',NULL,NULL,NULL,NULL),(2180,83,'11417','SYAM ABDIRRIZAL','Teknisi Penjadwalan Prwt SSP-I','KS','1','','',NULL,NULL,NULL,NULL),(2181,83,'11429','ARSY AZAVI BASYA','Supervisor Prwt Predictive PPB','KS','1','','',NULL,NULL,NULL,NULL),(2182,83,'11453','SHOLIKIN','Engineer Listrik BSP & SSP','KS','1','','',NULL,NULL,NULL,NULL),(2183,83,'11461','ANTO NOBERTUS TIMBANG','Teknisi Perencanaan Prwt BSP','KS','1','','',NULL,NULL,NULL,NULL),(2184,83,'11495','SIGIT PURNAMA','Teknisi Insp & Diagnostik List PPB (Ors)','KS','1','','',NULL,NULL,NULL,NULL),(2185,83,'11709','TUBAGUS PAKSI ARYAWINATA','Pet Administrasi Order BSP (Hold12)','KS','1','','',NULL,NULL,NULL,NULL),(2186,83,'11779','SANDA FILLOL FIRMANSYAH','Teknisi Insp & Diagnostik List PPB (Ors)','KS','1','','',NULL,NULL,NULL,NULL),(2187,83,'11820','MEDIAN HARYASEPTA PRAKASA','Engineer Listrik BSP & SSP (Ors)','KS','1','','',NULL,NULL,NULL,NULL),(2188,84,'3855','ZULKIFLI BIN HASAN BASRI','Plant Inspector','KS','1','','',NULL,NULL,NULL,NULL),(2189,84,'3878','IMAM NUGROHO','Administrator Mjn SMKS, Controller','KS','1','','',NULL,NULL,NULL,NULL),(2190,84,'3879','JOHNY ARIFIN','Sr Engineer Rolling Mill','KS','1','','',NULL,NULL,NULL,NULL),(2191,84,'4116','SUPRIYADI','Teknisi Officer','KS','1','','',NULL,NULL,NULL,NULL),(2192,84,'6395','ACHYUDIN','Teknisi Officer','KS','1','','',NULL,NULL,NULL,NULL),(2193,84,'7246','SUHARTANTO SOEDOMO','Manager Pabrik Batang Kawat','KS','1','','',NULL,NULL,NULL,NULL),(2194,84,'7967','MUHTARUDIN','Teknisi Officer','KS','1','','',NULL,NULL,NULL,NULL),(2195,84,'8444','SINGGIH FAJARDI','Sr Engineer Pabrik Batang Kawat','KS','1','','',NULL,NULL,NULL,NULL),(2196,84,'10129','SUTRISNO','Sr Engineer Rolling Mill','KS','1','','',NULL,NULL,NULL,NULL),(2197,84,'11482','RIFKI RINDRAYANTO ATMOJO','Teknisi','KS','1','','',NULL,NULL,NULL,NULL),(2198,85,'3627','HERRY PURWANTO','Engineer Hot Skin Pass Mill','KS','1','','',NULL,NULL,NULL,NULL),(2199,85,'5168','WAHYU DJOKO PRAMONO','Sr Engineer Proses Rolling','KS','1','','',NULL,NULL,NULL,NULL),(2200,85,'5217','KANDUNG USMAN','Supervisor Penanganan Roll SL & HSPM','KS','1','','',NULL,NULL,NULL,NULL),(2201,85,'5370','MULKI ABDULLAH','Supervisor Penanganan Roll Mill','KS','1','','',NULL,NULL,NULL,NULL),(2202,85,'5564','JANUARDI','Supervisor Analisis Peningkatan Kualitas','KS','1','','',NULL,NULL,NULL,NULL),(2203,85,'5568','JOHAN ARIFIN','Engineer Shearing Line','KS','1','','',NULL,NULL,NULL,NULL),(2204,85,'5571','WAWAN JUTAWAN','Sr Engineer Proses Rolling','KS','1','','',NULL,NULL,NULL,NULL),(2205,85,'5573','SUMARDI HUTAHURUK','Sr Engineer Shearing Line & HSPM','KS','1','','',NULL,NULL,NULL,NULL),(2206,85,'5574','ENDANG DARSONO','Teknisi QC WR & BUR Mill,SL & HSPM','KS','1','','',NULL,NULL,NULL,NULL),(2207,85,'5899','TOTO MULYA ATMAJA','Administrator Pemel SMKS & Training Koor','KS','1','','',NULL,NULL,NULL,NULL),(2208,85,'5903','FIRDAUS','Teknisi Pemotongan','KS','1','','',NULL,NULL,NULL,NULL),(2209,85,'5953','EDY JUBAEDI','SF Prwt Chock & Bantalan','KS','1','','',NULL,NULL,NULL,NULL),(2210,85,'6237','SUDARWANTO','Superintendent Rolling& Cut Strategy HSM','KS','1','','',NULL,NULL,NULL,NULL),(2211,85,'6389','EDI RAFIUDIN','Teknisi QC WR & BUR Mill,SL & HSPM','KS','1','','',NULL,NULL,NULL,NULL),(2212,85,'6513','MAILUDIN','Sr Engineer Reheating Furnace','KS','1','','',NULL,NULL,NULL,NULL),(2213,85,'6518','MOHAMMAD MAKSUM','Supervisor Prwt Chock & Bantalan','KS','1','','',NULL,NULL,NULL,NULL),(2214,85,'6554','MOH. ROIFIN','Superintendent Roll & Bearing Prep HSM','KS','1','','',NULL,NULL,NULL,NULL),(2215,85,'6604','AKHMADI','Sr Engineer Shearing Line & HSPM','KS','1','','',NULL,NULL,NULL,NULL),(2216,85,'6663','ENTUS SUHERMAN','Teknisi Mill','KS','1','','',NULL,NULL,NULL,NULL),(2217,85,'6681','SUDRAJAT','SF Prwt Chock & Bantalan','KS','1','','',NULL,NULL,NULL,NULL),(2218,85,'6688','JUANDI','Supervisor Strategi Operasi Pengerolan','KS','1','','',NULL,NULL,NULL,NULL),(2219,85,'6700','ABDUL RO\'UF','Teknisi Mill','KS','1','','',NULL,NULL,NULL,NULL),(2220,85,'6706','PRASETYO ATMOJO','SF Penggerindaan','KS','1','','',NULL,NULL,NULL,NULL),(2221,85,'6707','EKO SUPONO','SF Penggerindaan','KS','1','','',NULL,NULL,NULL,NULL),(2222,85,'6708','LAMIRAN','SF Penggerindaan','KS','1','','',NULL,NULL,NULL,NULL),(2223,85,'6709','SUNARTO','Plant Inspector','KS','1','','',NULL,NULL,NULL,NULL),(2224,85,'6710','NUSAEFUDIN','SF Prwt Chock & Bantalan','KS','1','','',NULL,NULL,NULL,NULL),(2225,85,'6711','AJAT SUDRAJAT','Teknisi Roll, Chock & Bearing','KS','1','','',NULL,NULL,NULL,NULL),(2226,85,'6806','EDY SRI KUSPRIYONO','Teknisi Komputer Proses FM & DC','KS','1','','',NULL,NULL,NULL,NULL),(2227,85,'6811','YUDIATNA EFENDI','Teknisi Roll, Chock & Bearing','KS','1','','',NULL,NULL,NULL,NULL),(2228,85,'6814','ZULKIFLI SIKUMBANG','Teknisi Penyediaan Roll Mill','KS','1','','',NULL,NULL,NULL,NULL),(2229,85,'6815','SARTONO','SF Penggerindaan','KS','1','','',NULL,NULL,NULL,NULL),(2230,85,'6817','WURYANTO','Engineer Bearing & Lubrication','KS','1','','',NULL,NULL,NULL,NULL),(2231,85,'6818','EKO PURWANTO','Opr Mesin Gerinda','KS','1','','',NULL,NULL,NULL,NULL),(2232,85,'6819','CECEP SUPRIATNA','SF Prwt Chock & Bantalan','KS','1','','',NULL,NULL,NULL,NULL),(2233,85,'6820','HERIYONO','Supervisor Pengdl Roll Mill,SL & HSPM','KS','1','','',NULL,NULL,NULL,NULL),(2234,85,'6821','IRIANTO WAHYU HIDAYAT','F Prwt Mesin Gerinda','KS','1','','',NULL,NULL,NULL,NULL),(2235,85,'6822','JUKI LUKITO','Teknisi QC WR & BUR Mill,SL & HSPM','KS','1','','',NULL,NULL,NULL,NULL),(2236,85,'6824','BAMBANG WIDANARSO','Teknisi Reparation Roll Mill,SL & HSPM','KS','1','','',NULL,NULL,NULL,NULL),(2237,85,'6828','CECEP YUSUF','Teknisi QC WR & BUR Mill,SL & HSPM','KS','1','','',NULL,NULL,NULL,NULL),(2238,85,'6830','SUPOMO','Teknisi Peningk Kualt Pengerl & Pemot.','KS','1','','',NULL,NULL,NULL,NULL),(2239,85,'7088','PEPEN SUKMANA','Teknisi Penyediaan Roll SL & HSPM','KS','1','','',NULL,NULL,NULL,NULL),(2240,85,'7089','AGUNG YUNIANTO','Pet Prwt Chock & Bantalan & Assbly Chock','KS','1','','',NULL,NULL,NULL,NULL),(2241,85,'7091','WIDODO','Opr Utama Mesin Gerinda','KS','1','','',NULL,NULL,NULL,NULL),(2242,85,'7096','LUKMAN','Pet Utama Prwt Chock&Bantalan& Ass Chock','KS','1','','',NULL,NULL,NULL,NULL),(2243,85,'7097','SUGIYONO','Pet Utama Prwt Chock&Bantalan& Ass Chock','KS','1','','',NULL,NULL,NULL,NULL),(2244,85,'7342','SYAFEI MATIN','Pet Utama Prwt Chock&Bantalan& Ass Chock','KS','1','','',NULL,NULL,NULL,NULL),(2245,85,'8032','HAMAMI','Teknisi Perenc SC Roll Mill,SL & HSPM','KS','1','','',NULL,NULL,NULL,NULL),(2246,85,'8302','R. ADI TJAHYONO H.','Teknisi Peningk Kualt Pengerl & Pemot.','KS','1','','',NULL,NULL,NULL,NULL),(2247,85,'8304','MAWARDI','Opr Utama Mesin Gerinda','KS','1','','',NULL,NULL,NULL,NULL),(2248,85,'8558','ERWIN BATUBARA','Sr Engineer Proses Rolling','KS','1','','',NULL,NULL,NULL,NULL),(2249,85,'9750','SANIN DARNOTO','Pet Utama Prwt Chock&Bantalan& Ass Chock','KS','1','','',NULL,NULL,NULL,NULL),(2250,85,'10291','UTOMO NUGROHO','Manager Hot Strip Mill Plant','KS','1','','',NULL,NULL,NULL,NULL),(2251,85,'10438','WALUYO','Opr Mesin Gerinda','KS','1','','',NULL,NULL,NULL,NULL),(2252,85,'10440','WAGITO','Opr Mesin Gerinda','KS','1','','',NULL,NULL,NULL,NULL),(2253,85,'10630','YOPI NURVIANTO','Opr Utama Mesin Gerinda','KS','1','','',NULL,NULL,NULL,NULL),(2254,85,'10634','SUDIRMAN','Teknisi Mill','KS','1','','',NULL,NULL,NULL,NULL),(2255,85,'10643','KARMAT','Opr Utama Mesin Gerinda','KS','1','','',NULL,NULL,NULL,NULL),(2256,85,'10709','DICKY MARDIANA','Chief Engineer HSM Plant','KS','1','','',NULL,NULL,NULL,NULL),(2257,85,'10948','NICKY ANDRA FEBRIAN','Sr Engineer Proses Rolling','KS','1','','',NULL,NULL,NULL,NULL),(2258,85,'10973','RIMATUPA','Engineer Finishing Mill & DC','KS','1','','',NULL,NULL,NULL,NULL),(2259,85,'11015','AHMADI','Pet Prwt Chock & Bantalan & Assbly Chock','KS','1','','',NULL,NULL,NULL,NULL),(2260,85,'11041','NAHWARDI','Pet Prwt Chock & Bantalan & Assbly Chock','KS','1','','',NULL,NULL,NULL,NULL),(2261,85,'11076','MUJIRIYADI','Opr Mesin Gerinda','KS','1','','',NULL,NULL,NULL,NULL),(2262,85,'11083','TEGUH MULYAWAN','Opr Mesin Gerinda','KS','1','','',NULL,NULL,NULL,NULL),(2263,85,'11231','HARIJI','Pet Prwt Chock & Bantalan & Assbly Chock','KS','1','','',NULL,NULL,NULL,NULL),(2264,85,'11331','WAWAN SUHENDRA','Opr Mesin Gerinda','KS','1','','',NULL,NULL,NULL,NULL),(2265,85,'11348','DEDE HARIMUKTI','Opr Mesin Gerinda','KS','1','','',NULL,NULL,NULL,NULL),(2266,85,'11349','ADE FIKRI','Opr Mesin Gerinda','KS','1','','',NULL,NULL,NULL,NULL),(2267,85,'11370','RIZKY USMAN','Supervisor Strategi Komputer Proses','KS','1','','',NULL,NULL,NULL,NULL),(2268,85,'11371','MOCHAMAD IBNU SINA','Supervisor Penggerindaan Roll','KS','1','','',NULL,NULL,NULL,NULL),(2269,85,'11422','BAYU HERMAWAN','Opr Mesin Gerinda','KS','1','','',NULL,NULL,NULL,NULL),(2270,85,'11423','GIDEON OKTAVIANUS GUNAWAN','Pet Prwt Chock & Bantalan & AC','KS','1','','',NULL,NULL,NULL,NULL),(2271,85,'11518','AHMAD NURROHMAN','Opr Mesin Gerinda (Ors)','KS','1','','',NULL,NULL,NULL,NULL),(2272,85,'11519','AHMAD SOLEH','Opr Mesin Gerinda (Ors)','KS','1','','',NULL,NULL,NULL,NULL),(2273,85,'11524','ANGGA HARFIAN','Pet Prwt Chock & Bantalan & AC (Ors)','KS','1','','',NULL,NULL,NULL,NULL),(2274,85,'11548','FAHRUL IMAM','Pet Prwt Chock&Bantalan&As Chock (Ors)','KS','1','','',NULL,NULL,NULL,NULL),(2275,85,'11593','TUBAGUS AHMAD NUGRAHA','Pet Prwt Chock & Bantalan & AC (Ors)','KS','1','','',NULL,NULL,NULL,NULL),(2276,85,'11726','ANGGOLA KRISNA PATI','Teknisi Perakitan Roll Mill (Ors)','KS','1','','',NULL,NULL,NULL,NULL),(2277,85,'11772','DANY HENDRIANTO','Teknisi Perakitan Roll SL & HSPM (Ors)','KS','1','','',NULL,NULL,NULL,NULL),(2278,85,'11856','ADRI IZZATUR RAHMAN','Pet Prwt Chock & Bantalan & AC (Ors)','KS','1','','',NULL,NULL,NULL,NULL),(2279,85,'11857','DIDIK KURNIAWAN','Pet Prwt Chock & Bantalan & AC (Ors)','KS','1','','',NULL,NULL,NULL,NULL),(2280,85,'11860','SAIFUL ANAS','Opr Mesin Gerinda (Ors)','KS','1','','',NULL,NULL,NULL,NULL),(2281,85,'11862','RIYAN RIZKIYANTO','Pet Prwt Chock & Bantalan & AC (Ors)','KS','1','','',NULL,NULL,NULL,NULL),(2282,86,'4537','YUYUS YUSRON','Pet PP Prwt Mek WTP,Aux,Furnace PBK','KS','1','','',NULL,NULL,NULL,NULL),(2283,86,'4745','TURSINO','SF Prwt Listrik SL & HSPM','KS','1','','',NULL,NULL,NULL,NULL),(2284,86,'4747','TOHARI','Supervisor Prwt Listrik SL & HSPM','KS','1','','',NULL,NULL,NULL,NULL),(2285,86,'4750','WASSI HERU PRAMASTO','Pet Prwt Listrik SL & HSPM','KS','1','','',NULL,NULL,NULL,NULL),(2286,86,'4751','SUPRATMAN','Teknisi PP Prwt List SL.1,SL.2 &HSPM','KS','1','','',NULL,NULL,NULL,NULL),(2287,86,'4907','MULYADI','SF Prwt Mekanik SL & HSPM','KS','1','','',NULL,NULL,NULL,NULL),(2288,86,'4938','NAZARUDIN','Engineer Perencanaan Spare Pab BLP','KS','1','','',NULL,NULL,NULL,NULL),(2289,86,'5117','AHMAD DIMYATI','Sr Engineer Perencanaan Prwt PBK','KS','1','','',NULL,NULL,NULL,NULL),(2290,86,'5211','DENI SUHERWANKURYANA','SF Prwt Listrik SL & HSPM','KS','1','','',NULL,NULL,NULL,NULL),(2291,86,'5219','PARLAN SURYOTO','F Preparation SL & HSPM','KS','1','','',NULL,NULL,NULL,NULL),(2292,86,'5222','SUGENG RAHARJO','SF Prwt Mekanik SL & HSPM','KS','1','','',NULL,NULL,NULL,NULL),(2293,86,'5371','AKHMAD ROYANI','Supervisor Prwt Mekanik SL & HSPM','KS','1','','',NULL,NULL,NULL,NULL),(2294,86,'5374','EDY SUMANTRI','Teknisi PP Prwt Mekanik CS,FM,DC,CT','KS','1','','',NULL,NULL,NULL,NULL),(2295,86,'5377','ANANG SUPRIYANTO','Sr Engineer Perencanaan Prwt Pab BLP','KS','1','','',NULL,NULL,NULL,NULL),(2296,86,'5378','YAYAT HIKAYAT','Engineer Perencanaan Prwt Pab BLP','KS','1','','',NULL,NULL,NULL,NULL),(2297,86,'5426','PC. SUHARYANTO','Administrator SMKS & Training Koord','KS','1','','',NULL,NULL,NULL,NULL),(2298,86,'5577','HAERUDIN','Teknisi Prwt Listrik SL & HSPM','KS','1','','',NULL,NULL,NULL,NULL),(2299,86,'5582','SUMAEJI','SF Prwt Mekanik SL & HSPM','KS','1','','',NULL,NULL,NULL,NULL),(2300,86,'5589','SYARIFUDIN','Teknisi Inspeksi & Pred Mek PBLP','KS','1','','',NULL,NULL,NULL,NULL),(2301,86,'5597','GAGUK HERSANDOYO','Teknisi PP Prwt Komputer&Instrument PBLP','KS','1','','',NULL,NULL,NULL,NULL),(2302,86,'5604','AGUS BUNYAMIN','Supervisor Perenc & Pengend Prwt PBK','KS','1','','',NULL,NULL,NULL,NULL),(2303,86,'5621','MUKSIN','Teknisi PP Prwt List CS,FM,DC,CT','KS','1','','',NULL,NULL,NULL,NULL),(2304,86,'6132','EKO DONDIT KOESMARIJANTO','Sr Engineer Perencanaan Prwt Pab BLP','KS','1','','',NULL,NULL,NULL,NULL),(2305,86,'6133','SATRIO DWI WIBOWO','Manager Prwt Pabrik PBLP & PBK','KS','1','','',NULL,NULL,NULL,NULL),(2306,86,'6235','AGUS MUHAMMAD ARSYAD','SF Prwt Mekanik SL & HSPM','KS','1','','',NULL,NULL,NULL,NULL),(2307,86,'6246','TATA SUTANUDIN','Teknisi Adm Prwt Fab Rep HSPM,WTP,Cr,Aux','KS','1','','',NULL,NULL,NULL,NULL),(2308,86,'6248','M. DARWIN','Supervisor Adm Teknik PBLP','KS','1','','',NULL,NULL,NULL,NULL),(2309,86,'6387','SUGENG BUDIRIANTO','Teknisi PP Prwt Mek WTP,Aux,Furnace PBK','KS','1','','',NULL,NULL,NULL,NULL),(2310,86,'6410','KUSNADI','Teknisi Adm Prwt AEI PBK','KS','1','','',NULL,NULL,NULL,NULL),(2311,86,'6467','BUDIONO','Teknisi PP Prwt List Mill,RHF,SSP,RM,RTS','KS','1','','',NULL,NULL,NULL,NULL),(2312,86,'6472','EKO WIDIYANTO','SF Prwt Listrik SL & HSPM','KS','1','','',NULL,NULL,NULL,NULL),(2313,86,'6548','AMIR','SF Prwt Listrik SL & HSPM','KS','1','','',NULL,NULL,NULL,NULL),(2314,86,'6549','ERLY','SF Prwt Listrik SL & HSPM','KS','1','','',NULL,NULL,NULL,NULL),(2315,86,'6682','IMAM WAHYUDI','Pet Prwt Mekanik SL & HSPM','KS','1','','',NULL,NULL,NULL,NULL),(2316,86,'6686','SANUSI','Teknisi Prwt Mekanik SL & HSPM','KS','1','','',NULL,NULL,NULL,NULL),(2317,86,'6746','HAMONANGAN PANJAITAN','Teknisi Prwt Mekanik SL & HSPM','KS','1','','',NULL,NULL,NULL,NULL),(2318,86,'6876','RUDI HASAN BASRI','Teknisi Prwt Mekanik SL & HSPM','KS','1','','',NULL,NULL,NULL,NULL),(2319,86,'7208','SUPRI KARNO','Teknisi PP Prwt Listrik PBK','KS','1','','',NULL,NULL,NULL,NULL),(2320,86,'7224','MOH DADANG SETIAWAN','Engineer Perencanaan Prwt PBK','KS','1','','',NULL,NULL,NULL,NULL),(2321,86,'7361','HANUNG KUNCORO TRIWIBOWO','Supervisor Perenc & Pengd Prwt Mek PBLP','KS','1','','',NULL,NULL,NULL,NULL),(2322,86,'7365','KUSHARTO','SF Prwt Mekanik SL & HSPM','KS','1','','',NULL,NULL,NULL,NULL),(2323,86,'7369','KASID','Teknisi Prwt Mekanik SL & HSPM','KS','1','','',NULL,NULL,NULL,NULL),(2324,86,'7371','EDY WALUYO','Teknisi Prwt Listrik SL & HSPM','KS','1','','',NULL,NULL,NULL,NULL),(2325,86,'7833','SUPARDI','Pet Prwt Mekanik SL & HSPM','KS','1','','',NULL,NULL,NULL,NULL),(2326,86,'7837','ABDULLAH RUMAIN','Teknisi Adm Prwt Komp, Instr, List','KS','1','','',NULL,NULL,NULL,NULL),(2327,86,'8050','YAKUP SUHARDI','Teknisi PP Prwt Mek SL.1,SL.2&HSPM','KS','1','','',NULL,NULL,NULL,NULL),(2328,86,'8127','SUNDORO','Superintendent Perenc&Pengdl Prwt PBK','KS','1','','',NULL,NULL,NULL,NULL),(2329,86,'8146','INDRA BUWANAPRIJA','Superintendent PP Prwt Pabrik BLP','KS','1','','',NULL,NULL,NULL,NULL),(2330,86,'8306','RUDI KUSWANDI','Teknisi PP Prwt Mek Kontr,WCA','KS','1','','',NULL,NULL,NULL,NULL),(2331,86,'8487','AMIN BUSRO','Pet Penyedia Material & Tools (Del)','KS','1','','',NULL,NULL,NULL,NULL),(2332,86,'8980','SOPYAN AMBAS','Teknisi Inspeksi& Prediktiv Listrik PBK','KS','1','','',NULL,NULL,NULL,NULL),(2333,86,'9073','DWIYANTOKO HENDRO','Teknisi Inspeksi & Prediktiv Mek PBK','KS','1','','',NULL,NULL,NULL,NULL),(2334,86,'9458','PENDI SURAHMAN','Teknisi Penyedia Material & Tools','KS','1','','',NULL,NULL,NULL,NULL),(2335,86,'9549','PRIH NURKOLIS','Teknisi PP Prwt Listr WTP,Crn,Aux','KS','1','','',NULL,NULL,NULL,NULL),(2336,86,'9573','MARDI ISWANTO','Engineer Perencanaan Spare PBK','KS','1','','',NULL,NULL,NULL,NULL),(2337,86,'9877','TJUTJUK SULISTYONO','Supervisor Adm Teknik PBK','KS','1','','',NULL,NULL,NULL,NULL),(2338,86,'10623','ATANG JUHARA','Teknisi Adm Prwt Fab Rep RHF,SSP,RM,RTS','KS','1','','',NULL,NULL,NULL,NULL),(2339,86,'10727','IRHASNUDIN','Teknisi Adm Prwt Fab Repair CS,FM,DC,CT','KS','1','','',NULL,NULL,NULL,NULL),(2340,86,'10865','FERI WIDIYANTO','Pet Prwt Mekanik SL & HSPM','KS','1','','',NULL,NULL,NULL,NULL),(2341,86,'10867','LINGGAR FERGISHA','Pet Prwt Listrik SL & HSPM','KS','1','','',NULL,NULL,NULL,NULL),(2342,86,'10874','VICKY ARENO','Pet Prwt Mekanik SL & HSPM','KS','1','','',NULL,NULL,NULL,NULL),(2343,86,'11069','ARIP HIDAYATULLAH','Pet Prwt Listrik SL & HSPM','KS','1','','',NULL,NULL,NULL,NULL),(2344,86,'11104','DEDI MUKTAR','Pet PP Prwt Mekanik RHF,SSP,RTS,RM','KS','1','','',NULL,NULL,NULL,NULL),(2345,86,'11105','DIKDIK FIRMANSYAH','Pet PP Prwt Mekanik HLP Mill','KS','1','','',NULL,NULL,NULL,NULL),(2346,86,'11106','DONNY GUMAY','Pet PP Prwt Mekanik CS,FM,DC,CT','KS','1','','',NULL,NULL,NULL,NULL),(2347,86,'11107','EKA FAHAMSYAH','Pet Penyedia Material & Tools','KS','1','','',NULL,NULL,NULL,NULL),(2348,86,'11339','AGUS MUNADI','Pet Prwt Listrik SL & HSPM','KS','1','','',NULL,NULL,NULL,NULL),(2349,86,'11372','TEGUH IMAN HENDRIYANTO','Engineer Perencanaan Prwt Pab BLP','KS','1','','',NULL,NULL,NULL,NULL),(2350,86,'11535','CECEP SAMBUDI','Pet Prwt Mekanik SL & HSPM (Hold12)','KS','1','','',NULL,NULL,NULL,NULL),(2351,86,'11537','DICKY REZA','Pet Prwt Mekanik SL & HSPM  (Hold12)','KS','1','','',NULL,NULL,NULL,NULL),(2352,86,'11649','FAISAL','Pet PP Prwt Inst & Komp PBK (Ors)','KS','1','','',NULL,NULL,NULL,NULL),(2353,86,'11651','FANDY THOMAS','Pet PP Prwt Listrik PBK (Ors)','KS','1','','',NULL,NULL,NULL,NULL),(2354,86,'11667','HERWANSYAH','Pet Prwt Mekanik SL & HSPM (Ors)','KS','1','','',NULL,NULL,NULL,NULL),(2355,86,'11669','IHSAN MAULANA','Pet PP Prwt HLP PBK (Ors)','KS','1','','',NULL,NULL,NULL,NULL),(2356,86,'11704','SUHENDI','Pet PP Prwt Mekanik Mill PBK (Ors)','KS','1','','',NULL,NULL,NULL,NULL),(2357,86,'11715','YOVA YOWINARNO HARISMA','Pet Prwt Mekanik SL & HSPM (Ors)','KS','1','','',NULL,NULL,NULL,NULL),(2358,86,'11773','DARMAWANSYAH','Teknisi PP Prwt HLP PBK (Ors)','KS','1','','',NULL,NULL,NULL,NULL),(2359,86,'11838','AGUNG BASKORO','Pet Prwt Listrik SL & HSPM (Ors)','KS','1','','',NULL,NULL,NULL,NULL),(2360,86,'6601A','ADI NUGROHO','','KS','1','','',NULL,NULL,NULL,NULL),(2361,87,'7094','SUBARKAH','Sekretaris','KS','1','','',NULL,NULL,NULL,NULL),(2362,87,'8860','NUGRAHANTO','Plant Inspector','KS','1','','',NULL,NULL,NULL,NULL),(2363,87,'8935','MARMONO','Sr Engineer Rolling Process','KS','1','','',NULL,NULL,NULL,NULL),(2364,87,'8944','AZWAR AHMAD','Koordinator Shift  CPL-ARP-RC-TCM-RS-RP','KS','1','','',NULL,NULL,NULL,NULL),(2365,87,'8947','HERU MARYONO','Sr Engineer Annealing & Cleaning','KS','1','','',NULL,NULL,NULL,NULL),(2366,87,'8950','PUJI RININTYANTONO','Koordiantor Shift ECL-CAL-BAF-TPM-CRF-AM','KS','1','','',NULL,NULL,NULL,NULL),(2367,87,'8955','HERIYANA','Sr Engineer Rolling Process','KS','1','','',NULL,NULL,NULL,NULL),(2368,87,'8959','SUWATNO','Koordinator Shift  CPL-ARP-RC-TCM-RS-RP','KS','1','','',NULL,NULL,NULL,NULL),(2369,87,'8974','MOCHAMAD SYAFRUDIN','Administrator Pemel SMKS & TK','KS','1','','',NULL,NULL,NULL,NULL),(2370,87,'8989','MARGONO BUDIPRAKOSO','SF Operasi Aliran Material','KS','1','','',NULL,NULL,NULL,NULL),(2371,87,'8995','STANILAUS DALPRIYANTO','Sr Engineer Prod & Quality','KS','1','','',NULL,NULL,NULL,NULL),(2372,87,'8996','JAKA WALUYA','Koordiantor Shift ECL-CAL-BAF-TPM-CRF-AM','KS','1','','',NULL,NULL,NULL,NULL),(2373,87,'9032','WIDIHARTO','Sr Engineer Prod & Quality','KS','1','','',NULL,NULL,NULL,NULL),(2374,87,'9040','JHON CHARLES PARDOSI','Sr Engineer Annealing & Cleaning','KS','1','','',NULL,NULL,NULL,NULL),(2375,87,'9049','SUGIARTO','Supervisor Operasi Aliran Material','KS','1','','',NULL,NULL,NULL,NULL),(2376,87,'9054','HENDI SUBARYONO','Sr Engineer Annealing & Cleaning','KS','1','','',NULL,NULL,NULL,NULL),(2377,87,'9092','SYAHRONI ALI','SF Operasi Aliran Material','KS','1','','',NULL,NULL,NULL,NULL),(2378,87,'9260','HASAN SUTISNA','SF Operasi Aliran Material','KS','1','','',NULL,NULL,NULL,NULL),(2379,87,'9293','HASANUDDIN','Koordinator Shift CPL-ARP-RC-TCM-RS-RP','KS','1','','',NULL,NULL,NULL,NULL),(2380,87,'9467','ZAINAL ARIFIN','SF Operasi Aliran Material','KS','1','','',NULL,NULL,NULL,NULL),(2381,87,'9557','DAYAT BUDI HERMAWAN','SF Operasi Aliran Material','KS','1','','',NULL,NULL,NULL,NULL),(2382,87,'9562','ISTIANTO TRI PRIYONO','Plant Inspector','KS','1','','',NULL,NULL,NULL,NULL),(2383,87,'9563','TAUFIK WALHIDAYAH','Superintendent CPL-ARP-TCM','KS','1','','',NULL,NULL,NULL,NULL),(2384,87,'9582','EFRI','Teknisi','KS','1','','',NULL,NULL,NULL,NULL),(2385,87,'9595','BENNY BERNADIE','Pet Penyedia Material','KS','1','','',NULL,NULL,NULL,NULL),(2386,87,'9611','IWAN MULIAWAN','Sr Engineer Rolling Process','KS','1','','',NULL,NULL,NULL,NULL),(2387,87,'9726','AGUNG RAYANTO','Engineer ECL / CAL / BAF','KS','1','','',NULL,NULL,NULL,NULL),(2388,87,'9794','TRI HERU SUKARNO','Chief Engineer Pab Pengerolan BLD','KS','1','','',NULL,NULL,NULL,NULL),(2389,87,'9888','IRWAN SYAHRIAL','Koordiantor Shift ECL-CAL-BAF-TPM-CRF-AM','KS','1','','',NULL,NULL,NULL,NULL),(2390,87,'9891','K M S A YANI','Engineer CPL / TCM / RS','KS','1','','',NULL,NULL,NULL,NULL),(2391,87,'9911','SUSILO ISMONO','Sr Engineer Prod & Quality','KS','1','','',NULL,NULL,NULL,NULL),(2392,87,'9997','TAKDIRUL ALAM','Koordiantor Shift ECL-CAL-BAF-TPM-CRF-AM','KS','1','','',NULL,NULL,NULL,NULL),(2393,87,'10008','MOHAMMAD HUSNUL YAKIN','Superintendent Operasi TPM-CRF-AM','KS','1','','',NULL,NULL,NULL,NULL),(2394,87,'10038','ARIEF DWI RACHMANTO','Engineer TPM / CRF','KS','1','','',NULL,NULL,NULL,NULL),(2395,87,'10045','AGUS HARI PURWANTO','Koordinator Shift CPL-ARP-RC-TCM-RS-RP','KS','1','','',NULL,NULL,NULL,NULL),(2396,87,'10308','HARRY HARIYAWAN DJ','Superintendent ECL 1&2-CAL-BAF','KS','1','','',NULL,NULL,NULL,NULL),(2397,87,'10319','WAHYU WIRAWAN','MANAGER PABRIK PENGEROLAN BLP','KS','1','','',NULL,NULL,NULL,NULL),(2398,87,'11378','VIDI RAHMAN ALMA\'I','Engineer CPL / TCM / RS','KS','1','','',NULL,NULL,NULL,NULL),(2399,88,'5253','IING IRAWAN','Pet Prwt Mekanik TCM-RC','KS','1','','',NULL,NULL,NULL,NULL),(2400,88,'7164','DEDY JUNAEDI','Pet Prwt Mekanik CPL-ARP','KS','1','','',NULL,NULL,NULL,NULL),(2401,88,'7319','SANA ASRIA','Pet Prwt Mekanik CPL-ARP','KS','1','','',NULL,NULL,NULL,NULL),(2402,88,'8128','SUHARJO','Administrator SMKS & Training Koord','KS','1','','',NULL,NULL,NULL,NULL),(2403,88,'8632','MURADI','Supervisor Prwt Mekanik BR-HLP-Flying','KS','1','','',NULL,NULL,NULL,NULL),(2404,88,'8792','RADI SURYADI','Engineer Mech Maint CPL-ARP-CTCM-RC','KS','1','','',NULL,NULL,NULL,NULL),(2405,88,'9027','SUKARNO','SF Prwt Mekanik TCM-RC','KS','1','','',NULL,NULL,NULL,NULL),(2406,88,'9115','HENHEN SUHENDI','Pet Prwt Mekanik TCM-RC','KS','1','','',NULL,NULL,NULL,NULL),(2407,88,'9188','EDDI KURNIA','Pet Prwt Mekanik TCM-RC','KS','1','','',NULL,NULL,NULL,NULL),(2408,88,'9198','AHMAD','SF Prwt Mekanik CPL-ARP','KS','1','','',NULL,NULL,NULL,NULL),(2409,88,'9210','SUKMANA','SF Prwt Mekanik CPL-ARP','KS','1','','',NULL,NULL,NULL,NULL),(2410,88,'9306','HERMANTIO','Inspektor Plant Maint CRM','KS','1','','',NULL,NULL,NULL,NULL),(2411,88,'9370','A RAMALI','SF Prwt Mekanik TCM-RC','KS','1','','',NULL,NULL,NULL,NULL),(2412,88,'9420','AGUS WARASTOMO','Pet Prwt Mekanik TCM-RC','KS','1','','',NULL,NULL,NULL,NULL),(2413,88,'9421','BAMBANG SARDJOKO','F Prwt Mekanik BR-HLP-Flying','KS','1','','',NULL,NULL,NULL,NULL),(2414,88,'9474','SUNARDI','Sr Engineer Electric Plant Maint CRM','KS','1','','',NULL,NULL,NULL,NULL),(2415,88,'9486','NANA SUJANA','Sr Engineer Electric Plant Maint CRM','KS','1','','',NULL,NULL,NULL,NULL),(2416,88,'9489','BUDHY WINARTO','Pet Prwt Mekanik CPL-ARP','KS','1','','',NULL,NULL,NULL,NULL),(2417,88,'9509','ANANG EDI ANTORO','SF Prwt Mekanik TCM-RC','KS','1','','',NULL,NULL,NULL,NULL),(2418,88,'9523','AGUS SUDARYANTO','SF Prwt Mekanik TCM-RC','KS','1','','',NULL,NULL,NULL,NULL),(2419,88,'9560','MUHENI','Pet Prwt Mekanik CPL-ARP','KS','1','','',NULL,NULL,NULL,NULL),(2420,88,'9565','HARIS EFFENDI','Chief Engineer Plant Maintenance CRM','KS','1','','',NULL,NULL,NULL,NULL),(2421,88,'9574','EKO SUSILO','Pet Prwt Mekanik TCM-RC','KS','1','','',NULL,NULL,NULL,NULL),(2422,88,'9575','IRIANTO','F Prwt Mekanik BR-HLP-Flying','KS','1','','',NULL,NULL,NULL,NULL),(2423,88,'9578','TOHARI','SF Prwt Mekanik CPL-ARP','KS','1','','',NULL,NULL,NULL,NULL),(2424,88,'9581','SLAMET WATON SAPTONO','Pet Perwt Mekanik HLP & Flying Maint','KS','1','','',NULL,NULL,NULL,NULL),(2425,88,'9743','SUDARMAN','SF Prwt Mekanik CPL-ARP','KS','1','','',NULL,NULL,NULL,NULL),(2426,88,'9752','LINTANG SINURAT','SF Prwt Mekanik CPL-ARP','KS','1','','',NULL,NULL,NULL,NULL),(2427,88,'9763','CHATO SUWARTO','Pet Prwt Mekanik TCM-RC','KS','1','','',NULL,NULL,NULL,NULL),(2428,88,'9774','SUKAMTO','SF Prwt Mekanik CPL-ARP','KS','1','','',NULL,NULL,NULL,NULL),(2429,88,'9780','ZULKARNAIN','Supervisor Prwt Mekanik CPL-ARP','KS','1','','',NULL,NULL,NULL,NULL),(2430,88,'9802','SUMARDI','Pet Prwt Mekanik CPL-ARP','KS','1','','',NULL,NULL,NULL,NULL),(2431,88,'9893','MOCH. AMIN HARI SUBAGYO','Sr Engineer Utility Plant Maint CRM','KS','1','','',NULL,NULL,NULL,NULL),(2432,88,'9934','IRSAL','Sr Engineer Comp Process Plant Maint CRM','KS','1','','',NULL,NULL,NULL,NULL),(2433,88,'9952','ADI PARDIONO','Sr Engineer Planning & Control PM CRM','KS','1','','',NULL,NULL,NULL,NULL),(2434,88,'9953','BUDI HARYANTO','Engineer Hydroulic CPL-ARP-CTCM-RC','KS','1','','',NULL,NULL,NULL,NULL),(2435,88,'9963','IMAM NURHADI','Supervisor Prwt Mekanik TCM-RC','KS','1','','',NULL,NULL,NULL,NULL),(2436,88,'10036','AGUS SUWARTO','Manager Plant Maintenance CRM','KS','1','','',NULL,NULL,NULL,NULL),(2437,88,'10037','PUGUH YUWONO','Sr Engineer Instrument Plant Maint CRM','KS','1','','',NULL,NULL,NULL,NULL),(2438,88,'10041','MARTIN HERMAN','Superintendent Mech Mtce CPL-ARP-CTCM-RC','KS','1','','',NULL,NULL,NULL,NULL),(2439,88,'10389','DADANG NURSUSANTO','Pet Prwt Mekanik CPL-ARP','KS','1','','',NULL,NULL,NULL,NULL),(2440,88,'10390','ADI KUSUMAH','Pet Prwt Mekanik TCM-RC','KS','1','','',NULL,NULL,NULL,NULL),(2441,88,'10391','TEGUH HADIYANTO','Pet Prwt Mekanik TCM-RC','KS','1','','',NULL,NULL,NULL,NULL),(2442,88,'10392','ASEP SUNARYA','Pet Prwt Mekanik TCM-RC','KS','1','','',NULL,NULL,NULL,NULL),(2443,88,'10395','ZAINAL SIATAN','Pet Prwt Mekanik CPL-ARP','KS','1','','',NULL,NULL,NULL,NULL),(2444,88,'10397','DWI PRIHATIN','SF Prwt Mekanik TCM-RC','KS','1','','',NULL,NULL,NULL,NULL),(2445,88,'10421','DEDI ISKANDAR','Pet Prwt Mekanik CPL-ARP','KS','1','','',NULL,NULL,NULL,NULL),(2446,88,'10779','KARDI','Pet Perwt Mekanik HLP & Flying Maint','KS','1','','',NULL,NULL,NULL,NULL),(2447,88,'10877','MUHAMMAD PANGERANG','Pet Prwt Mekanik CPL-ARP','KS','1','','',NULL,NULL,NULL,NULL),(2448,88,'10878','SALMIN MAKMUR','Pet Prwt Mekanik TCM-RC','KS','1','','',NULL,NULL,NULL,NULL),(2449,88,'11095','ADE HARYADI','Pet Prwt Mekanik TCM-RC','KS','1','','',NULL,NULL,NULL,NULL),(2450,88,'11118','MUHAMMAD DANI','Pet Prwt Mekanik TCM-RC','KS','1','','',NULL,NULL,NULL,NULL),(2451,88,'11144','ASEP SUPRIYATNA','Pet Prwt Mekanik TCM-RC','KS','1','','',NULL,NULL,NULL,NULL),(2452,88,'11471','FAJAR WAHYU NUGROHO','F Prwt Mekanik BR-HLP-Flying','KS','1','','',NULL,NULL,NULL,NULL),(2453,88,'11590','SENO SUMADI','Pet Perwt Mekanik HLP&Flying Maint (Ors)','KS','1','','',NULL,NULL,NULL,NULL),(2454,88,'11666','HENDRO WIBOWO','Pet Prwt Mekanik CPL-ARP (Ors)','KS','1','','',NULL,NULL,NULL,NULL),(2455,88,'11683','MUCHLISON','Pet Perwt Mekanik HLP&Flying Maint (Ors)','KS','1','','',NULL,NULL,NULL,NULL),(2456,88,'11834','ANDIKA ARIF SAPUTRA','Pet Prwt Mekanik TCM-RC (Ors)','KS','1','','',NULL,NULL,NULL,NULL),(2457,88,'11835','ANDIKA ARIAWAN','Pet Prwt Mekanik TCM-RC (Ors)','KS','1','','',NULL,NULL,NULL,NULL),(2458,88,'11836','FAKHRI BURHANUDDIN','Pet Perwt Mekanik HLP&Flying Maint (Ors)','KS','1','','',NULL,NULL,NULL,NULL),(2459,88,'11837','NOVANDRA SONY PRADANA','Pet Prwt Mekanik TCM-RC (Ors)','KS','1','','',NULL,NULL,NULL,NULL),(2460,88,'9964A','SULIMAN','','KS','1','','',NULL,NULL,NULL,NULL),(2461,89,'7990A','OTONG','','KS','1','','',NULL,NULL,NULL,NULL),(2468,91,'10082','TONNY SUNARTO','Manager Procurement Planning','KS','1','','',NULL,NULL,NULL,NULL),(2469,90,'10188','KONTEA KUSTIANA','Sr. Auditor Research, Cont. & Dev Audit','KS','1','','',NULL,NULL,NULL,NULL),(999999,999999,'999999','SUPERADMIN','SUPERADMIN','KS GROUP','1','','',NULL,NULL,NULL,NULL);

#
# Structure for table "tblkategori"
#

DROP TABLE IF EXISTS `tblkategori`;
CREATE TABLE `tblkategori` (
  `kodekategori` char(5) NOT NULL DEFAULT '',
  `profilresiko` varchar(30) DEFAULT NULL,
  `idPerusahaan` char(10) NOT NULL DEFAULT '',
  `creator` char(10) DEFAULT NULL,
  `modifier` char(10) DEFAULT NULL,
  `tgl_creator` datetime DEFAULT NULL,
  `tgl_modifier` datetime DEFAULT NULL,
  PRIMARY KEY (`kodekategori`,`idPerusahaan`)
) ENGINE=InnoDB DEFAULT CHARSET=latin1 ROW_FORMAT=DYNAMIC;

#
# Data for table "tblkategori"
#

INSERT INTO `tblkategori` VALUES ('A001','Strategis ','KS',NULL,NULL,NULL,NULL),('A002','Operasional','KS',NULL,NULL,NULL,NULL),('A003','Keuangan','KS',NULL,NULL,NULL,NULL),('A004','Lingkungan','KS',NULL,NULL,NULL,NULL);

#
# Structure for table "tblklasifikasi_tr"
#

DROP TABLE IF EXISTS `tblklasifikasi_tr`;
CREATE TABLE `tblklasifikasi_tr` (
  `kodeklasifikasi_tr` int(4) NOT NULL AUTO_INCREMENT,
  `klasifikasi_resiko` varchar(15) DEFAULT NULL,
  `catatan` varchar(100) DEFAULT NULL,
  `warna` varchar(255) DEFAULT NULL,
  `idPerusahaan` char(10) NOT NULL DEFAULT '',
  `creator` char(10) DEFAULT NULL,
  `modifier` char(10) DEFAULT NULL,
  `tgl_creator` datetime DEFAULT NULL,
  `tgl_modifier` datetime DEFAULT NULL,
  PRIMARY KEY (`kodeklasifikasi_tr`)
) ENGINE=InnoDB AUTO_INCREMENT=5 DEFAULT CHARSET=latin1 ROW_FORMAT=DYNAMIC;

#
# Data for table "tblklasifikasi_tr"
#

INSERT INTO `tblklasifikasi_tr` VALUES (1,'Rendah','1,1 :  \r\n1,2 :\r\n2,1 : 2,2 :\r\n3,1 \r\n  Warna Hijau','Hijau','KS',NULL,NULL,NULL,NULL),(2,'Moderat','1,3 :\r\n2,3 :\r\n3,2 :\r\n4,1\r\n  Warna Biru','Biru','KS',NULL,NULL,NULL,NULL),(3,'Tinggi','1,4 : 1,5 :\r\n2,4 :\r\n3,3 :\r\n4,2 : 4,3 :\r\n5,1 : 5,2\r\n  Warna Kuning\r\n','Kuning','KS',NULL,NULL,NULL,NULL),(4,'Ekstrim','2,5 :\r\n3,4 : 3,5 :\r\n4,4 : 4;5 :\r\n5,3 : 5,4 : 5,5\r\n  Warna Merah','Merah','KS',NULL,NULL,NULL,NULL);

#
# Structure for table "tblpeluang"
#

DROP TABLE IF EXISTS `tblpeluang`;
CREATE TABLE `tblpeluang` (
  `kodepeluang` int(2) NOT NULL AUTO_INCREMENT,
  `peluang` char(30) DEFAULT NULL,
  `kriteria_peluang` longtext,
  `idPerusahaan` char(10) NOT NULL DEFAULT '',
  `creator` char(10) DEFAULT NULL,
  `modifier` char(10) DEFAULT NULL,
  `tgl_creator` datetime DEFAULT NULL,
  `tgl_modifier` datetime DEFAULT NULL,
  PRIMARY KEY (`kodepeluang`)
) ENGINE=InnoDB AUTO_INCREMENT=6 DEFAULT CHARSET=latin1 ROW_FORMAT=FIXED;

#
# Data for table "tblpeluang"
#

INSERT INTO `tblpeluang` VALUES (1,'Sangat Kecil','Frekuensi/Prosentasi Kejadian Tidak Signifikan <=20%','KS',NULL,NULL,NULL,NULL),(2,'Kecil','Frekuensi/Prosentasi Kejadian Tidak Terlalu Tinggi','KS',NULL,NULL,NULL,NULL),(3,'Sedang','Frekuensi/Prosentasi Kejadian Tidak Signifikan <=20%','KS',NULL,NULL,NULL,NULL),(4,'Besar','Frekuensi/Prosentasi Kejadian Tinggi Antara 60 %  S/D 80%','KS',NULL,NULL,NULL,NULL),(5,'Sangat Besar','Frekuensi/Prosentasi Kejadian Sangat Tinggi > 80%','KS',NULL,NULL,NULL,NULL);

#
# Structure for table "risk_map"
#

DROP TABLE IF EXISTS `risk_map`;
CREATE TABLE `risk_map` (
  `id` int(11) NOT NULL AUTO_INCREMENT,
  `kodepeluang` int(9) DEFAULT NULL,
  `kodedampak` int(5) DEFAULT NULL,
  `kodeklasifikasi_tr` int(8) NOT NULL DEFAULT '0',
  `idPerusahaan` char(5) NOT NULL DEFAULT '',
  `creator` char(10) DEFAULT NULL,
  `modifier` char(10) DEFAULT NULL,
  `tgl_ceator` datetime DEFAULT NULL,
  `tgl_modifier` datetime DEFAULT NULL,
  PRIMARY KEY (`id`),
  KEY `kodeklasifikasi_tr` (`kodeklasifikasi_tr`),
  KEY `kodepeluang` (`kodepeluang`),
  KEY `kodedampak` (`kodedampak`),
  CONSTRAINT `kodedampak` FOREIGN KEY (`kodedampak`) REFERENCES `tbldampak` (`kodedampak`),
  CONSTRAINT `kodeklasifikasi_tr` FOREIGN KEY (`kodeklasifikasi_tr`) REFERENCES `tblklasifikasi_tr` (`kodeklasifikasi_tr`),
  CONSTRAINT `kodepeluang` FOREIGN KEY (`kodepeluang`) REFERENCES `tblpeluang` (`kodepeluang`)
) ENGINE=InnoDB AUTO_INCREMENT=26 DEFAULT CHARSET=latin1 ROW_FORMAT=FIXED;

#
# Data for table "risk_map"
#

INSERT INTO `risk_map` VALUES (1,1,1,1,'KS',NULL,NULL,NULL,NULL),(2,1,4,3,'KS',NULL,NULL,NULL,NULL),(3,1,5,3,'KS',NULL,NULL,NULL,NULL),(4,2,4,3,'KS',NULL,NULL,NULL,NULL),(5,3,3,3,'KS',NULL,NULL,NULL,NULL),(6,4,2,3,'KS',NULL,NULL,NULL,NULL),(7,4,3,3,'KS',NULL,NULL,NULL,NULL),(8,5,1,3,'KS',NULL,NULL,NULL,NULL),(9,5,2,3,'KS',NULL,NULL,NULL,NULL),(10,2,5,4,'KS',NULL,NULL,NULL,NULL),(11,3,4,4,'KS',NULL,NULL,NULL,NULL),(12,1,2,1,'KS',NULL,NULL,NULL,NULL),(13,3,5,4,'KS',NULL,NULL,NULL,NULL),(14,4,4,4,'KS',NULL,NULL,NULL,NULL),(15,4,5,4,'KS',NULL,NULL,NULL,NULL),(16,5,3,4,'KS',NULL,NULL,NULL,NULL),(17,5,4,4,'KS',NULL,NULL,NULL,NULL),(18,5,5,4,'KS',NULL,NULL,NULL,NULL),(19,2,1,1,'KS',NULL,NULL,NULL,NULL),(20,2,2,1,'KS',NULL,NULL,NULL,NULL),(21,3,1,1,'KS',NULL,NULL,NULL,NULL),(22,1,3,2,'KS',NULL,NULL,NULL,NULL),(23,2,3,2,'KS',NULL,NULL,NULL,NULL),(24,3,2,2,'KS',NULL,NULL,NULL,NULL),(25,4,1,2,'KS',NULL,NULL,NULL,NULL);

#
# Structure for table "tblperiode_aktiv"
#

DROP TABLE IF EXISTS `tblperiode_aktiv`;
CREATE TABLE `tblperiode_aktiv` (
  `id` int(11) NOT NULL AUTO_INCREMENT,
  `NamaPeriode` varchar(255) DEFAULT NULL,
  `start` date DEFAULT NULL,
  `finish` date DEFAULT NULL,
  `status` char(1) DEFAULT '',
  `idPerusahaan` varchar(255) DEFAULT NULL,
  PRIMARY KEY (`id`)
) ENGINE=InnoDB AUTO_INCREMENT=5 DEFAULT CHARSET=latin1 ROW_FORMAT=COMPACT;

#
# Data for table "tblperiode_aktiv"
#

INSERT INTO `tblperiode_aktiv` VALUES (1,'Triwulan I 2013','2013-01-01','2013-03-31','0','KS'),(2,'Triwulan II 2013','2013-04-01','2013-06-30','0','KS'),(3,'Triwulan III 2013','2013-07-01','2013-09-30','1','KS'),(4,'Triwulan IV 2013','2013-10-01','2013-12-31','0','KS'),(5,'Triwulan III 2013','2013-07-01','2013-09-30','1','KS GROUP');

#
# Structure for table "tblperusahaan"
#

DROP TABLE IF EXISTS `tblperusahaan`;
CREATE TABLE `tblperusahaan` (
  `idPerusahaan` varchar(10) NOT NULL DEFAULT '',
  `namaperusahaan` varchar(100) DEFAULT NULL,
  `creator` char(10) DEFAULT NULL,
  `modifier` char(10) DEFAULT NULL,
  `tgl_creator` datetime DEFAULT NULL,
  `tgl_modifier` datetime DEFAULT NULL,
  PRIMARY KEY (`idPerusahaan`)
) ENGINE=InnoDB DEFAULT CHARSET=latin1 ROW_FORMAT=DYNAMIC;

#
# Data for table "tblperusahaan"
#

INSERT INTO `tblperusahaan` VALUES ('KBS','PT. Krakatau Bandar Samudra',NULL,NULL,NULL,NULL),('KDL','PT. Krakatau Daya Listrik',NULL,NULL,NULL,NULL),('KE','PT. Krakatau Enginering',NULL,NULL,NULL,NULL),('KHI','PT. KHI Pipe & Coating',NULL,NULL,NULL,NULL),('KIEC','PT. Krakatau Industrial Estate',NULL,NULL,NULL,NULL),('KIT','PT. Krakatau Information Technology',NULL,NULL,NULL,NULL),('KM','PT. Krakatau Medika Hospital',NULL,NULL,NULL,NULL),('KNR','PT. Krakatau Nasional Resources',NULL,NULL,NULL,NULL),('KS','PT. Krakatau Steel Tbk.',NULL,NULL,NULL,NULL),('KS GROUP','KS Groups',NULL,NULL,NULL,NULL),('KTI','PT. Krakatau Tirta Industri',NULL,NULL,NULL,NULL),('KW','PT. Krakatau Wajatama',NULL,NULL,NULL,NULL),('MJIS','PT. Meratus Jaya Iron Steel',NULL,NULL,NULL,NULL);

#
# Structure for table "tblpoksi"
#

DROP TABLE IF EXISTS `tblpoksi`;
CREATE TABLE `tblpoksi` (
  `idPoksi` int(11) NOT NULL AUTO_INCREMENT,
  `kodepoksi` int(11) NOT NULL,
  `idUnit` int(11) DEFAULT NULL,
  `namapoksi` varchar(1000) DEFAULT NULL,
  `idPerusahaan` char(30) NOT NULL DEFAULT '',
  `creator` char(10) DEFAULT NULL,
  `modifier` char(10) DEFAULT NULL,
  `tgl_creator` datetime DEFAULT NULL,
  `tgl_modifier` datetime DEFAULT NULL,
  PRIMARY KEY (`idPoksi`)
) ENGINE=InnoDB AUTO_INCREMENT=100 DEFAULT CHARSET=latin1 ROW_FORMAT=COMPACT;

#
# Data for table "tblpoksi"
#

INSERT INTO `tblpoksi` VALUES (1,10000,1,'Mengelola dan merumuskan kebijakan Perusahaan secara menyeluruh dan terintegrasi sesuai kebijakan umum yang digariskan Pemerintah cq. Menteri Negara Pendayagunaan BUMN dan Pemegang Saham serta menetapkan kebijakan Perusahaan dan sasaran Rencana Jangka Panjang Perusahaan (RJPP) dan Rencana Kerja & Anggaran Perusahaan (RKAP) serta mengkoordinasikan dan mengintegrasikan fungsi masing-masing Direktur; Deputy Direktur Strategic; Corporate Secretary; Head Of Internal Control; untuk tercapainya misi dan tujuan perusahaan sehingga memperoleh laba dalam arti yang luas','KS','1','1','2013-08-15 03:34:44','2013-09-17 10:14:11'),(2,12000,8,'Memikirkan, merumuskan, merekomendasikan dan melaksanakan strategi, kebijakan dan program komunikasi internal maupun eksternal perusahaan, penyimpanan risalah rapat Direksi, pengelolaan dokumen penting perusahaan termasuk Surat Keputusan Direksi, implementasi dan audit GCG dan Risk. Management Perusahaan, penanganan permasalahan hukum dan pertimbangan hukum terhadap aktivitas bisnis perusahaan serta mengintegrasikan fungsi Corporate Communication dan Community Development dalam rangka meningkatkan citra perusahaan untuk mendukung visi dan misi perusahaan','KS','1','1','2013-08-15 03:36:37','2013-09-18 03:47:20'),(3,12200,30,'Mengorganisasikan, mengkoordinasikan, merekomendasikan dan melaksanakan program pengembangan, implementasi strategi komunikasi internal dan external perusahaan meliputi promosi dan penyebaran informasi, pengelolaan web site perusahaan, penciptaan berita dan peristiwa yang bernilai positif bagi perusahaan, pro aktif dalam merespon isu-isu kebijakan public yang mempengaruhi bisnis perusahaan, mengkomunikasikan kebijakan Direksi/Perusahaan, melaksanakan kegiatan protokoler meliputi pengaturan acara termasuk penyiapan fasilitas/akomodasi, pengaturan kegiatan rumah tangga Direksi, mengkomunikasikan kebijakan-kebijakan Direksi/Perusahaan dan bertindak sebagai event organizer kepada pihak internal perusahaan, mewakili Perusahaan/Direksi dan/atau mendampingi Direksi pada acra-acra yang diselenggarakan Instansi/Instusi tertentu','KS','1',NULL,'2013-08-15 03:37:18',NULL),(4,12400,31,'Melaksanakan manajemen dalam implementasi GCG dan pengelolaan manajemen risiko PT KS dan Grup, pelaksanaan sosialisasi, evaluasi, monitoring, laporan GCG&Risk Management serta audit bersama SPI ','KS','1','6001','2013-09-02 11:46:37','2013-10-30 10:16:40'),(5,12500,32,'Mengorganisasikan dan mengkoordinasikan pengkajian dan penelitian kontrak-kontrak kerja, surat-surat Keputusan Direksi dan Peraturan Perusahaan dari aspek hukum, mengurus perijinan, bantuan hukum perusahaan serta bertindak sebagai kuasa hukum perusahaan dalam memproteksi maupun menyelesaikan masalah hukum perusahaan serta menyiapkan legal analisis dan memorandum atas permasalahan hukum yang timbul akibat kontrak kerja, permasalahan hukum ketenagakerjaan, hukum pertanahan dan permasalahan-permasalahan hukum lainnya','KS','1',NULL,'2013-08-15 03:37:44',NULL),(6,13000,9,'Merencanakan, mengorganisasikan, mengkoordinasikan dan mengendalikan aktivitas perumusan sasaran & rencana strategis internal audit, pelaksanaan audit pada seluruh unit bisnis perusahaan, monitoring tindak lanjut hasil audit dari Internal Audit maupun Eksternal Audit, konsultan internal bagi manajemen perusahaan dengan menghasilkan laporan yang memuat rekomendasi atau alternatif solusi mengenai keandalan sistem pengendalian intern, kepatuhan terhadap peraturan dan perundangan yang berlaku dan kecukupan pelaksanaan risk management guna peningkatan efisiensi, efektivitas dan kinerja perusahaan','KS','1',NULL,'2013-08-15 03:38:04',NULL),(7,20000,2,'Merencanakan, merumuskan, mengendalikan dan mengembangkan kebijakan-kebijakan dan strategi pengelolaan logistik perusahaan yang meliputi perencanaan pengadaan bahan baku dan material atau barang-barang penunjang lainnya sehingga pengadaan barang untuk menunjang terselenggaranya operasional bisnis perusahaan berjalan efektif dan efisien','KS','1',NULL,'2013-08-15 03:39:23',NULL),(8,22000,10,'Mengendalikan perencanaan dan penyusunan strategi pembelian barang maupun pengadaan jasa, sourcing management, pengelolaan katalogisasi barang maupun jasa, evaluasi perkiraan harga, clearance barang impor, manajemen vendor, penanganan klaim pembelian barang apabila terjadi penyimpangan dan manajemen pergudangan untuk memastikan perencanaan dan pengendalian pembelian barang maupun pengadaan jasa tepat kualitas, kuantitas, spesifikasi, harga maupun waktu sesuai kebutuhan perusahaan serta kegiatan pengendalian, penyimpanan dan pelayanan barang di gudang dapat dikelola dengan baik','KS','1',NULL,'2013-08-15 03:40:03',NULL),(9,22200,34,'Mengorganisasikan dan mengkoordinasikan kegiatan evaluasi dan penyusunan Harga Perkiraan Sendiri/Owner Estimate (HPS/OE) untuk pembelian barang dan penyusunan harga satuan pekerjaan jasa untuk perencanaan pengadaan jasa, evaluasi dan penyusunan katalogisasi spesifikasi barang baik suku cadang, bahan baku maupun bahan pembantu produksi dan barang umum lainnya serta evaluasi dan penyusunan Services Master Catalog, memastikan dan memutahirkan data-data tersebut diatas serta kegiatan sourcing dengan baik','KS','1',NULL,'2013-08-15 03:40:36',NULL),(10,22300,35,'Mengorganisasikan dan mengkoordinasikan kegiatan perencanaan pembelian bahan baku dan bahan pembantu produksi, material umum lainnya, perencanaan pengadaan seluruh pekerjaan jasa yang ada di perusahaan kecuali pekerjaan jasa perawatan pabrik dan jasa pembangunan, untuk menjamin akurasi dan optimasi perencanaan pengadaan barang maupun jasa','KS','1',NULL,'2013-08-15 03:41:05',NULL),(11,22400,36,'Mengorganisasikan dan mengkoordinasikan kegiatan penerimaan, pemeriksaan, penyimpanan, pemeliharaan, distribusi dan pengendalian stok suku cadang dan non suku cadang, pengelolaan barang limbah, guna menjamin pengelolaan barang di gudang efisien dan efektif','KS','1',NULL,'2013-08-15 03:41:40',NULL),(12,22500,37,'Mengorganisasikan dan mengkoordinasikan serta menyelenggarakan kegiatan vendor manajemen yang meliputi registrasi, assessment dan evaluasi vendor, pelaksanaan penerbitan service entry dan Service Acceptance atas pekerjaan jasa non pembangunan; penanganan klaim terhadap vendor atas pembelian barang dan jasa ; pengurus barang impor, akseptasi dan penjadwalan kapal; serta memastikan dan memutahirkan master data vendor, agar pengadaan barang dan jasa non pembangunan berjalan secara efektif dan efesien','KS','1',NULL,'2013-08-15 03:42:02',NULL),(13,23000,11,'Mengendalikan proses dan menentukan strategi pembelian barang maupun pengadaan jasa guna memastikan proses pengadaan barang maupun jasa berjalan secara efektif dan efisien dan sesuai prosedur yang telah ditetapkan, tepat harga, tepat kualitas, tepat kuantitas dan tepat waktu','KS','1',NULL,'2013-08-15 03:42:26',NULL),(14,23200,38,'Mengorganisasikan dan mengkoordinasikan proses pembelian suku cadang baik suku cadang mekanik, listrik maupun suku cadang lainnya serta guna menjamin proses pembelian suku cadang berjalan optimal, sesuai prosedur, tepat harga, tepat kualitas, tepat kuantitas dan tepat waktu','KS','1',NULL,'2013-08-15 03:42:46',NULL),(15,23300,39,'Mengorganisasikan dan mengkoordinasikan proses pembelian bahan baku, bahan pembantu produksi dan barang atau material  umum lainnya guna menjamin proses pembelian suku cadang berjalan optimal, sesuai prosedur, tepat harga, tepat kualitas, tepat kuantitas dan tepat waktu','KS','1',NULL,'2013-08-15 03:43:11',NULL),(16,23400,40,'Mengorganisasikan dan mengkoordinasikan kegiatan pengadaan jasa perawatan pabrik, jasa perawatan sipil mupun umum dan jasa non perawatan, serta guna memastikan pelaksanaan pengadaan jasa berjalan optimal, sesuai prosedur, tepat harga, tepat kualitas, tepat kuantitas dan tepat waktu','KS','1',NULL,'2013-08-15 03:43:33',NULL),(17,30000,3,'Memastikan perusahaan menyediakan produk baja bermutu sesuai kebutuhan konsumen maupun pasar, tepat waktu dengan harga yang kompetitif melalui proses pengendalian kehandalan fasilitas produksi, efisiensi proses produksi, ketepatan penjaminan kualitas dan ketepatan kegiatan riset dan pengembangan proses maupun produk','KS','1',NULL,'2013-08-15 03:43:55',NULL),(18,30200,41,'Mengorganisasikan dan mengkoordinasikan aktivitas peningkatan kualitas lingkungan industri PT Krakatau Steel, penurunan tingkat terjadinya kecelakaan kerja, penanganan bencana, penanganan pemadam kebakaran dan penelitian dampak lingkungan operasi pabrik, sebagai regulator untuk limbah, serta mengembangkan sistem manajemen mutu lingkungan industri dan lingkungan kerja untuk menjamin seluruh aspek Keselamatan Kerja dan Lingkungan Hidup sesuai standar yang ditetapkan','KS','1',NULL,'2013-08-15 03:44:13',NULL),(19,32000,12,'Memikirkan, merumuskan, merekomendasikan dan melaksanakan strategi, kebijakan penjaminan dan pengendalian kualitas proses dan produk serta kegiatan pengembangan, pengkajian proses pembuatan produk baja, produk aplikasi baru, material untuk proses pembuatan baja; penanganan terhadap klaim & complain dari pelanggan untuk mendukung operasional dan peningkatan kualitas proses dan produk sesuai rencana tahunan dan rencana jangka panjang perusahaan','KS','1',NULL,'2013-08-15 03:44:38',NULL),(20,32200,42,'Mengorganisasikan dan mengkoordinasikan kegiatan pengelolaan, pemeliharaan,  peningkatan dan pengendalian dokumen   Sistem Manajemen Krakatau Steel secara terpadu, serta pengurusan administrasi HaKI untuk menjamin mutu produk, proses dan kepuasan pelanggan','KS','1',NULL,'2013-08-15 03:45:15',NULL),(21,32300,43,'Mengorganisasikan dan mengkoordinasikan perbaikan/ improvement proses dan material, inovasi dan development material, peningkatan kualitas rancangan dan riset, pengembangan produk yang bernilai tambah tinggi, penyiapan materi informasi teknis produk PTKS, serta memastikan dan memutahirkan master data semifinished products dan finished product  sebagai wahana promosi menunjang pemasaran produk regular maupun aplikasi baru','KS','1',NULL,'2013-08-15 03:45:38',NULL),(22,32400,44,'Mengorganisasikan dan mengkoordinasikan kegiatan pengendalian kualitas  proses dan produk jadi sesuai standar, delivery inspection, melakukan pengujian laboratorium mekanik dan kimia, serta memastikan dan memutahirkan master data defect catalogue, selected set untuk menjamin kesesuaian kualitas produksi yang dihasilkan hingga dapat menurunkan jumlah claim teknis dalam meningkatkan kepuasan pelanggan','KS','1',NULL,'2013-08-15 03:45:46',NULL),(23,32500,45,'Mengorganisasikan dan mengkoordinasikan kegiatan pelayanan technical support produk Krakatau Steel kepada sales dan pelanggan, pelayanan klaim dan komplain terhadap mutu produk dan mutu pelayanan (non teknis) serta merencanakan pelaksanaan kunjungan kepada pelanggan','KS','1',NULL,'2013-08-15 03:46:17',NULL),(24,33000,13,'Memikirkan, merumuskan, merekomendasikan dan melaksanakan strategi, kebijakan peningkatan efektivitas kinerja pabrik dalam rangka meningkatkan produksi pabrik besi spons, billet baja dan slab baja yang berkualitas berdasarkan rencana produksi serta memelihara seluruh peralatan, instalasi  pabrik dan penunjangnya untuk mencapai target-target yang telah ditetapkan ','KS','1',NULL,'2013-08-15 03:46:26',NULL),(25,33500,46,'Mengorganisasikan dan mengkoordinasikan produksi slab baja meliputi : operasi peleburan, secondary process, pengecoran, refractory, meminimasi biaya produksi slab baja dengan cara meningkatkan yield, efisiensi pemakaian Listrik, Electroda dan Refractory untuk mencapai target produksi yang telah ditetapkan','KS','1','7445A','2013-08-15 03:47:51','2013-10-18 08:19:58'),(26,33600,47,'Mengorganisasikan dan mengkoordinasikan aktivitas perawatan, perbaikan dan peningkatkan kesiapan mesin-mesin/peralatan pabrik pada seluruh peralatan mekanik, listrik, instrumen, komputer Pabrik Slab Baja dan Pabrik Billet Baja sesuai kualitas dan sistem manajemen perawatan untuk mendukung pencapaian target produksi','KS','1',NULL,'2013-08-15 03:48:21',NULL),(27,33700,48,'Mengorganisasikan dan mengkoordinasikan  produksi billet baja meliputi : operasi peleburan, pengolahan, pengecoran, refractory pada Pabrik Billet Baja, meminimasi biaya produksi dengan cara meningkatkan yield, efisiensi pemakaian Listrik, Electroda dan Refractory untuk mencapai target produksi yang telah ditetapkan','KS','1',NULL,'2013-08-15 03:48:46',NULL),(28,34000,14,'Memikirkan, merumuskan, merekomendasikan dan melaksanakan strategi, kebijakan peningkatan efektivitas kinerja pabrik dalam rangka meningkatkan produksi pabrik baja lembaran panas, pabrik baja lembaran dingin, pabrik batang kawat yang berkualitas berdasarkan rencana produksi serta memelihara seluruh peralatan, instalasi  pabrik dan penunjangnya untuk mencapai target yang telah ditetapkan','KS','1',NULL,'2013-08-15 04:13:33',NULL),(29,34200,50,'Mengorganisasikan dan mengkoordinasikan  kegiatan produksi Baja Lembaran Panas yang meliputi : operasi pengerolan, operasi pemotongan baja lembaran, peningkatan Yield Produksi, peningkatan kualitas produk, peningkatan kemampuan pabrik dalam berproduksi, peningkatan kualitas proses produksi guna meningkatkan hasil produksi sesuai order untuk mencapai target produksi yang telah ditetapkan','KS','1',NULL,'2013-08-15 05:06:56',NULL),(30,34300,51,'Mengorganisasikan dan mengkoordinasikan aktivitas perawatan, perbaikan dan peningkatkan kesiapan mesin-mesin/peralatan pabrik pada seluruh peralatan mekanik, listrik, instrumen, komputer Pabrik Pengerolan Baja Lembaran Panas Dan Batang Kawat sesuai kualitas dan sistem manajemen perawatan untuk mendukung pencapaian target produksi.','KS','1',NULL,'2013-08-15 05:07:22',NULL),(31,34500,52,'Mengorganisasikan dan mengkoordinasikan aktivitas perawatan, perbaikan dan peningkatkan kesiapan mesin-mesin/peralatan pabrik pada seluruh peralatan mekanik, listrik, instrumen, komputer Pabrik Pengerolan Baja Lembaran Dingin sesuai kualitas dan sistem manajemen perawatan untuk mendukung pencapaian target produksi','KS','1',NULL,'2013-08-15 06:26:38',NULL),(32,34600,53,'Mengorganisasikan dan mengkoordinasikan  kegiatan produksi Batang Kawat meliputi : peningkatan Yield Produksi, peningkatan kualitas produk Batang Kawat, peningkatan kemampuan pabrik dalam berproduksi, peningkatan kualitas proses produksi guna meningkatkan hasil produksi sesuai order untuk mencapai target produksi yang telah ditetapkan','KS','1',NULL,'2013-08-15 06:27:07',NULL),(33,34601,54,'Mengorganisasikan dan mengkoordinasikan  kegiatan  produksi Baja Lembaran Dingin meliputi : peningkatan Yield Produksi, peningkatan kualitas produk Baja Lembaran Dingin, peningkatan kemampuan pabrik dalam berproduksi, peningkatan kualitas proses produksi guna meningkatkan hasil produksi sesuai order untuk mencapai target produksi yang telah ditetapkan','KS','1','1','2013-08-15 05:08:50','2013-10-11 08:35:47'),(34,35000,15,'Memikirkan, merumuskan, merekomendasikan dan melaksanakan strategi perawatan dan energi, kebijakan kesiapan mesin-mesin / peralatan pabrik, pengelolaan catalog dan history harga suku cadang dan jasa perawatan pabrik, merencanakan dan mengadakan jasa perawatan perbengkelan dan pabrik, pengembangan dan rekayasa teknik, menjamin ketersediaan supply energi dalam rangka mendukung kelancaran produksi dan pencapaian target produksi','KS','1',NULL,'2013-08-15 06:27:56',NULL),(35,35200,55,'Mengorganisasikan dan mengkoordinasikan aktivitas utilisasi bengkel mekanik meliputi : perbaikan peralatan pabrik, pembuatan suku cadang untuk perbaikan, pembuatan suku cadang dan perbaikan yang ditangani pihak luar melalui kontrak jasa serta perawatan lapangan beserta mengelola jasa perawatan lapangan dari pihak luar melalui kontrak berdasarkan permintaan dari unit-unit produksi, untuk menjamin kehandalan dan kelancaran operasi pabrik','KS','1',NULL,'2013-08-15 06:28:23',NULL),(36,35300,56,'Mengorganisasikan dan mengkoordinasikan aktivitas rekayasa teknik yang meliputi : mengelola dokumen teknik, gambar/design engineering, estimate engineering, scope of work, TOR dan bestek, analisis engineering, modifikasi engineering baik perawatan dan pembangunan rutin serta inspeksi teknik untuk memastikan dan memutahirkan data engineering guna peningkatan kehandalan peralatan pabrik','KS','1',NULL,'2013-08-15 06:28:55',NULL),(37,35400,57,'Mengorganisasikan dan mengkoordinasikan aktivitas peningkatan utilisasi bengkel   listrik, elektronik, instrument, sarana dan prasarana pabrik (general service), dengan cara  mempercepat waktu penyelesaian pekerjaaan dan efektifitas pelaksanaan pekerjaan, pengendalian operasional supply Energi Listrik, Air dan Gas dalam rangka mendukung kelancaran produksi, pengelolaan produksi kapur bakar dan gas industri untuk menunjang kelancaran operasi pabrik','KS','1',NULL,'2013-08-15 06:29:17',NULL),(38,35500,58,'Mengorganisasikan dan mengkoordinasikan aktivitas  perencanaan suku cadang rutin dan common, menyusun catalog dan estimasi harga (HPS/OE) Spare Part dan jasa perawatan, perencanaan jasa perawatan pabrik, menyusun dan mengelola katalog suku cadang dan historical harga suku cadang dan jasa perawatan pabrik serta membuat laporan kinerja perawatan & suku cadang perawatan pabrik untuk menunjang kelancaran operasi seluruh pabrik','KS','1',NULL,'2013-08-15 06:29:47',NULL),(39,36000,16,'Memikirkan, merumuskan, merekomendasikan dan melaksanakan strategi, kebijakan dan program perencanaan produksi sesuai delivery order dan optimasi kapasitas produksi, pengendalian tingkat persediaan produk jadi pada level yang optimum,  pengelolaan dan optimasi kebutuhan dan penanganan material produksi (bahan baku dan penunjang utama) untuk menunjang kelancaran dan tercapainya target produksi serta supply chain management','KS','1',NULL,'2013-08-15 06:30:14',NULL),(40,36200,59,'Mengorganisasikan, mengkoordinasikan, merekomendasikan dan melaksanakan program serta kegiatan improvement Supply Chain; mengintegrasikan operasional proses bisnis meliputi material, informasi, time frame dan menyusun/mengevaluasi FS (Feasibility Study) serta melakukan evaluasi efektivitas investasi terhadap parameter utama pada sektor pemasaran, logistik dan produksi sebagai bahan evaluasi management serta melakukan usaha peningkatan produktivitas, efisiensi, efektivitas dan optimalisasi dalam kegiatan operasional di setiap lini rantai supply dan memastikan pemutakhiran data product groups, Bill of Material (BOM) dan  Routing agar selalu update dan sesuai dengan kondisi actual','KS','1',NULL,'2013-08-15 06:30:36',NULL),(41,36300,60,'Mengorganisasikan dan mengkoordinasikan aktivitas perencanaan dan pengendalian Produksi sesuai dengan Delivery Order, utilisasi ready stock ke order serta  penyiapan, prosesing, distribusi & penyimpanan bahan baku dan bahan pembantu utama (Non Spons, Batu Kapur) sesuai dengan kebutuhan produksi pada pabrik besi spons dan baja batangan, pabrik slab baja, pabrik baja lembaran, untuk mencapai target produksi yang ditetapkan dengan pembebanan pabrik secara optimum','KS','1',NULL,'2013-08-15 06:31:02',NULL),(42,40000,4,'Memastikan perusahaan memiliki strategi, kebijakan dan manajemen yang handal dan adaptif terhadap tuntutan perkembangan pasar dan konsumen maupun kelancaran operasional bisnis melalui pengelolaan kebijakan strategi pemasaran produk, by product dan jasa non core Krakatau Steel di pasar dalam negeri maupun luar negeri guna mengoptimalkan utilisasi kapasitas produksi dan menghasilkan profit maksimal sesuai policy pemasaran yang ditetapkan perusahaan','KS','1',NULL,'2013-08-15 06:31:35',NULL),(43,42000,17,'Memikirkan, merumuskan, merekomendasikan dan melaksanakan strategi, kebijakan dan program penjualan Flat product dan long product untuk area pasar Domestik dan Ekspor dengan segmen pasar strategic account yang mayoritas kebutuhan konsumennya adalah produk HRC/Plate, dan penjualan produk untuk industri Shipbuilding, Train, serta penjualan untuk Project dan pengembangan pasar domestik wilayah Indonesia Timur melalui kantor cabang Surabaya, wilayah Indonesia Barat melalui perwakilan Batam serta penjualan by product untuk tujuan ekspor guna menjamin tercapainya target penjualan dan peningkatan loyalitas  pelanggan serta  memastikan penjualan produk dan utilisasi fasiltas produksi HRC/P mencapai target yang ditetapkan','KS','1',NULL,'2013-08-15 06:31:44',NULL),(44,42200,61,'Mengorganisasikan dan mengkoordinasikan penyusunan Sales Plan, target penjualan, pelaksanaan aktivitas penjualan flat product & long product untuk segmen pasar strategic account yang mayoritas kebutuhan konsumennya produk HRC/P (Hot Rolled Coil/ Plate) meliputi : segmen pasar Oil & Gas Pipe (OGP), P&T Commercial, BPV dan Rerolling serta segmen lainnya guna menjamin tercapainya target penjualan dan loyalitas pelanggan yang ditetapkan','KS','1',NULL,'2013-08-15 06:32:24',NULL),(45,42300,62,'Mengorganisasikan dan mengkoordinasikan penyusunan Sales Plan, target penjualan, pelaksanaan aktivitas penjualan flat product & long product untuk segmen pasar yang mayoritas kebutuhannya HRC/P meliputi General Structure, Ship Building, Train, Coil Center dan Stockist','KS','1',NULL,'2013-08-15 06:32:45',NULL),(46,43000,18,'Mengorganisasikan dan mengkoordinasikan penyusunan Sales Plan, target penjualan, pelaksanaan aktivitas penjualan flat product & long product untuk tujuan ekspor dan indirect ekspor, penjualan dan pengembangan pasar wilayah Indonesia Timur melalui Kantor Cabang Surabaya dan Indonesia Barat melalui perwakilan Batam, segmen pasar Project Engineering Procurement Construction (EPC) Non Pipe serta penjualan by product untuk tujuan ekspor guna menjamin tercapainya target penjualan dan loyalitas pelanggan yang telah ditetapkan','KS','1',NULL,'2013-08-15 06:33:23',NULL),(47,43200,92,'Memikirkan, merumuskan, merekomendasikan dan melaksanakan strategi, kebijakan dan program penjualan Flat product dan long product untuk area pasar Domestik segmen pasar strategic account yang mayoritas kebutuhan konsumennya adalah produk CRC/S dan long product (Wire Rod dan Billet), semua produk untuk segmen Automotive & Heavy Equipment serta penjualan By Product & Industrial Service domestik guna menjamin tercapainya target penjualan dan peningkatan loyalitas pelanggan serta memastikan penjualan produk dan utilisasi fasiltas produksi CRC/S, Wire Rod dan Billet mencapai target yang ditetapkan','KS','1',NULL,'2013-08-15 06:33:47',NULL),(48,43300,63,'Mengorganisasikan dan mengkoordinasikan penyusunan Sales Plan, target penjualan, pelaksanaan aktivitas penjualan flat product & long product untuk segmen pasar strategic account yang mayoritas kebutuhan konsumennya produk CRC/S (Cold Rolled Coil/Sheet) yang meliputi segmen pasar GIS (Galvalum & galvanized), HOA, HOE, HOF, Enamel, P&T, Drum & packaging serta coil centre & stockist dan segemn lainnya serta segmen Automotive & Heavy Equipment guna menjamin tercapainya target penjualan dan loyalitas pelanggan yang ditetapkan','KS','1',NULL,'2013-08-15 06:34:08',NULL),(49,44000,19,'Memikirkan, merumuskan, merekomendasikan dan melaksanakan strategi, kebijakan pengembanagan pasar, penyediaan informasi pasar domestik dan global, mengendalikan kebijakan profitabilitas & manajemen produk, pengelolaan sistem informasi pemasaran dan administrasi penjualan serta peningkatan kualitas penanganan dan pengiriman hasil produksi ke pelanggan untuk meningkatkan kepuasan pelanggan dan peningkatan nilai penjualan produk','KS','1','1','2013-08-15 06:34:38','2013-08-15 06:36:50'),(50,44200,65,'Mengorganisasikan dan mengkoordinasikan penyediaan informasi pasar jangka panjang dan jangka pendek melalui penelitian dan penyelidikan pasar global maupun domestik untuk memastikan dan memutahirkan informasi pasar dan customer master data guna menunjang pencapaian target penjualan dan pemasaran yang telah ditetapkan dan menunjang upaya mempertahankan, mengembangkan dan memperluas pangsa pasa','KS','1',NULL,'2013-08-15 06:37:17',NULL),(51,44300,66,'Mengorganisasikan dan mengkoordinasikan proses penyusunan rencana pemasaran, analisis profitabilitas dan manajemen produk, analisis pelanggan dan area serta menetapkan space allocation, menyiapkan analisa data serta memastikan dan memutahirkan master data price untuk penetapan harga produk utama dan penetapan harga by product serta jasa non core guna menjamin tercapainya target penjualan dan pemasaran','KS','1',NULL,'2013-08-15 06:40:45',NULL),(52,44400,67,'Mengorganisasikan dan mengkoordinasikan kegiatan penyiapan Sistem Informasi Pemasaran yang terintegrasi untuk pemutahiran data bisnis transaksional pemasaran dan mengelola sistem dan data informasi pelanggan serta kegiatan pemrosesan dan pengelolaan transaksi administrasi penjualan produk utama guna menjamin tercapainya target penjualan yang telah ditetapkan','KS','1',NULL,'2013-08-15 06:41:07',NULL),(53,50000,5,'Memastikan perusahaan memiliki strategi, kebijakan dan manajemen keuangan yang handal dan adaptif terhadap tuntutan perkembangan maupun kelancaran kegiatan operasional bisnis melalui pengelolaan sistem akuntansi, sistem perbendaharaan dan sistem informasi yang tepat, efektif dan efisien serta memastikan bahwa investasi perusahaan di anak perusahaan dan perusahaan patungan (KS Grup) dapat memberikan deviden yang menguntungkan bagi perusahaan dan pengelolaan Bapelkes PTKS berjalan selaras dengan kepentingan perusahaan dan anggota','KS','1',NULL,'2013-08-15 06:41:56',NULL),(54,50200,93,'Merencanakan dan mengendalikan aktivitas fungsi-fungsi dalam unit Investor Realtion untuk memenuhi kewajiban sebagai perusahaan terbuka melalui kegiatan update informasi kinerja perusahaan, peraturan pasar modal dan industri baja serta informasi lain terkait perkembangan saham perusahaan dalam rangka membangun membangun dan menjaga hubungan yang baik antara perusahaan dengan pihak eksternal perusahaan yang mencakup para analis ekuitas saham dan insvestor, baik investor yang telah menjadi pemegang saham maupun calon investor yang berminat pada saham perusahaan sehingga pada akhirnya dapat memberi nilai tambah pada saham perusahaan dan pergadangan saham tetap likuid','KS','1',NULL,'2013-08-15 06:42:13',NULL),(55,52000,20,'Merencanakan dan mengendalikan kegiatan catatan akuntansi perusahaan meliputi ; akuntansi keuangan, akuntansi manajemen dan akutansi pabrik sebagai bahan informasi/pendukung dalam pengambilan keputusan bagi manajemen, serta usaha-usaha peningkatkan tingkat pengembalian investasi, mempercepat proses pembayaran klaim dalam rangka meningkatkan kepuasan Pelanggan, meningkatkan kecepatan dan ketepatan  Laporan Keuangan dalam rangka  meningkatkan kualitas pelayanan informasi keuangan','KS','1',NULL,'2013-08-15 06:42:31',NULL),(56,52200,69,'Mengorganisasikan dan mengkoordinasikan aktivitas catatan akuntansi keuangan yang berkaitan dengan catatan akuntansi atas hak dan kewajiban perusahaan, mengendalikan dan mengevaluasi proses pengeluaran uang perusahaan serta menjamin ketepatan waktu penerbitan General Ledger untuk penerbitan laporan keuangan perusahaan, laporan keuangan konsolidasi, laporan keuangan konstruksi, mempercepat proses pembayaran klaim','KS','1',NULL,'2013-08-15 06:42:52',NULL),(57,52300,70,'Mengorganisasikan dan mengkoordinasikan perencanaan, pengendalian serta peningkatkan efektivitas penyusunan rencana kerja dan anggaran perusahaan baik jangka pendek (RKAP) maupun mendukung proses perencanaan jangka panjang dan menganalisis serta mengevaluasi data-data keuangan, serta memastikan dan memutahirkan data IM Position, GL Account, Cost Centre, Activity Type, Statistical Key Figure, Business process, Cost Element, Standard Hierarchi Cost Centre, Standard hierarchi ABC, Planning, untuk penyusunan dan penerbitan laporan manajemen dalam rangka meningkatkan kualitas pelayanan informasi keuangan dan manajemen','KS','1',NULL,'2013-08-15 06:43:13',NULL),(58,52400,71,'Mengkoordinasikan dan mengorganisasikan aktivitas catatan akuntansi yang berkaitan dengan aktivitas pabrik, mengendalikan dan mengevaluasi laporan kegiatan akuntansi pabrik yang (meliputi ; akuntansi biaya produksi dan akuntansi persediaan bahan baku, bahan pembantu, suku cadang dan produk/hasil jadi), verifikasi persediaan dan aktiva tetap, memberikan informasi dan analisis keuangan kepada Manajemen terkait dalam melakukan pengendalian biaya serta memastikan dan memutahirkan master data finished/semi finish products data accounting, posting dan general plant data finished products dan posting dan general plant data','KS','1',NULL,'2013-08-15 06:43:29',NULL),(59,53000,21,'Merencanakan dan mengendalikan keuangan perusahaan dalam hal pengendalian realisasi biaya agar tidak melebihi anggaran, strategi dan operasional pendanaan untuk menjaga  working capital dalam level yang tepat dan aman untuk membiayai operasional Perusahaan, menyediakan dana secara tepat untuk  pembiayaan proyek investasi, perpajakan, asuransi dan bea-bea lainnya serta mengatur dan mengontrol pemberian kredit dan penagihan untuk menjamin ketepatan pembayaran secara optimal  serta mengkoordinasikan  pembayaran gaji, biaya SPD  dan pengelolaan biaya kegiatan Direksi/Dekom/karyawan Jakarta','KS','1',NULL,'2013-08-15 06:43:49',NULL),(60,53200,72,'Mengendalikan dan mengkoordinasikan kegiatan-kegiatan untuk mendapatkan sumber pembiayaan modal kerja, untuk menjamin dan mengoptimalkan pengelolaan dana dengan tingkat resiko yang dapat diterima','KS','1',NULL,'2013-08-15 06:44:07',NULL),(61,53300,73,'Mengorganisasikan, mengkoordinasikan dan mengadministrasikan serta mengendalikan masalah-masalah yang timbul dari transaksi penerimaan dan pengeluaran dana perusahaan meliputi ; transaksi pembukaan dan pembayaran L/C impor, menerbitkan laporan-laporan pokok operasi pendanaan','KS','1',NULL,'2013-08-15 06:44:21',NULL),(62,53400,74,'Mengorganisasikan dan mengkoordinasikan kegiatan yang berhubungan dengan kewajiban pajak perusahaan, asuransi perusahaan, bea-bea impor dan faktur tagihan sesuai dengan kebutuhan perusahaan dan peraturan perundangan yang berlaku','KS','1',NULL,'2013-08-15 06:44:37',NULL),(63,53500,75,'Mengorganisasikan dan mengkoordinasikan kegiatan pembayaran gaji Direksi/ Dekom/karyawan dan pembayaran biaya rutin untuk keperluan karyawan PT. Krakatau Steel yang berlokasi di Jakarta, serta mengkoordinir piutang macet, melakukan pencatatan dan penyimpanan dokumen asset yang berlokasi di Jakarta','KS','1',NULL,'2013-08-15 06:46:15',NULL),(64,53600,76,'Mengorganisasikan dan mengkoordinasikan aktivitas kredit dan penagihan yang meliputi pengendalian pelaksanaan penagihan, pemberian kredit, jaminan dan L/C, analisis kredit  dengan mengevaluasi performansi kredit customer, menentukan Rating Customer dan mereview TOP untuk meningkakan optimalisasi pengendalian jaminan','KS','1',NULL,'2013-08-15 06:46:33',NULL),(65,54000,22,'Merencanakan dan mengendalikan kegiatan pembinaan bisnis, sistem manajemen, penyelarasan rencana kerja tahunan, evaluasi kinerja keuangan dan operasional anak perusahaan dan perusahaan patungan termasuk laporan konsolidasi KS-Group agar kinerja investasi di anak perusahaan dan perusahaan patungan optimal','KS','1',NULL,'2013-08-15 06:46:51',NULL),(66,54200,78,'Mengorganisasikan dan mengkoordinasikan kegiatan pembinaan bisnis, sistem manajemen, mengevaluasi keselasaran rencana kerja tahunan, menganalisis dan mengevaluasi kinerja keuangan dan operasional termasuk mendukung proses penyusunan laporan keuangan konsolidasi KS-Group dengan menyediakan data laporan keuangan seluruh anak perusahaan ke dalam system SAP/R3 (ECCS) dan perusahaan patungan Bidang Jasa agar kinerja investasi di anak perusahaan dan perusahaan patungan bidang jasa optimal','KS','1',NULL,'2013-08-15 06:47:16',NULL),(67,54300,79,'Mengorganisasikan dan mengkoordinasikan kegiatan pembinaan bisnis, sistem manajemen, mengevaluasi keselasaran rencana kerja tahunan, menganalisis dan mengevaluasi kinerja keuangan dan operasional termasuk mendukung proses penyusunan laporan keuangan konsolidasi KS-Group dengan menyediakan data laporan keuangan seluruh anak perusahaan ke dalam system SAP/R3 (ECCS) dan perusahaan patungan Bidang Manufaktur agar kinerja investasi di anak perusahaan dan perusahaan patungan bidang manufaktur optimal','KS','1',NULL,'2013-08-15 06:48:08',NULL),(68,55000,23,'Memikirkan, merumuskan, merekomendasikan dan melaksanakan strategi, kebijakan (policy) dan program perencanaan dan pengendalian pelayanan Sistem Informasi ( IT Services Planning & Control), Perencanaan Teknologi Otomasi Proses terintegrasi dengan strategi perusahaan dan master plan IT, Peningkatan efisiensi cost performance melalui bisnis proses dan pengelolaan Sistem Manajemen Krakatau Steel, untuk menjamin pelayanan Sistem Informasi Perencanaan Teknologi Otomasi Proses dan Perencanaan Bisnis Proses selaras dengan strategi bisnis perusahaan','KS','1',NULL,'2013-08-15 06:48:37',NULL),(69,55300,94,'Mengorganisasikan, mengkoordinasikan, merekomendasikan dan melaksanakan program kegiatan perencanaan teknologi otomasi proses yang terintegrasi dengan Master Plan IT, menyusun dan mereview rencana jangka panjang, jangka menengah dan jangka pendek termasuk action plan pengembangan otomasi proses, mengelola kegiatan pengembangan aplikasi, sistem dan infrastruktur yang berkaitan dengan otomasi proses, menjamin tersedianya teknologi otomasi proses yang siap pakai, aplikatif dan mampu menjawab tuntutan organisasi','KS','1',NULL,'2013-08-15 06:49:58',NULL),(70,55400,95,'Mengorganisasikan, mengkoordinasikan, merekomendasikan dan melaksanakan program kegiatan pengkajian teknis maupun ekonomis pemilihan teknologi informasi yang tepat sebagai dasar pengembangan bisnis perusahaan maupun peningkatan efisiensi cost performance pada fasilitas produksi bisnis proses yang ada pada saat ini serta mengelola sistem manajemen krakatau steel berbasis sistem informasi, untuk menjamin pengembangan sistem informasi dapat mengikuti pengembagan bisnis maupun peningkatan efisiensi existing facilities','KS','1',NULL,'2013-08-15 06:50:15',NULL),(71,60000,6,'Merencanakan, merumuskan, mengendalikan dan mengembangkan kebijakan pengelolaan modal insani dalam rangka menghasilkan modal insani dengan jumlah yang tepat, kinerja dan produktivitas yang tinggi, pada setiap tingkatan organisasi untuk menciptakan nilai tambah bagi perusahaan sesuai dengan ketentuan peraturan per-undangan yang berlaku serta memastikan bahwa program kemitraan & bina lingkungan, pengelolalan keamanan perusahaan, pengelolaaan asset perusahaan berjalan secara efektif dan efisien','KS','1',NULL,'2013-08-15 06:50:33',NULL),(72,60200,80,'Mengorganisasikan dan mengkoordinir kegiatan Program Kemitraan dan Bina Lingkungan untuk memberdayakan dan mengembangkan kondisi sosial ekonomi masyarakat dan lingkungan sekitarnya serta menjalin hubungan yang harmonis dengan masyarakat maupun pemerintah daerah dan mengkoordinasikan aktivitas Community Development dengan Corporate Communication dalam rangka menciptakan citra positif perusahaan dan berkontribusi terhadap tingkat kesehatan Perusahaan','KS','1',NULL,'2013-08-15 06:50:51',NULL),(73,62000,25,'Memikirkan, merumuskan, merekomendasikan dan melaksanakan strategi serta kebijakan rancangan struktur organisasi, program pengembangan & peningkatan kualitas modal insani, talent management dan pelaksanaan pendidikan & pelatihan sesuai visi dan strategi bisnis korporasi jangka pendek dan jangka panjang','KS','1',NULL,'2013-08-15 06:51:15',NULL),(74,62200,96,'Mengorganisasikan, mengkoordinasikan, merekomendasikan dan melaksanakan program dan kegiatan perancangan organisasi, evaluasi jabatan, penyiapan uraian dan profil jabatan, penyusunan jalur karir, pengelolaan otorisasi pengguna SAP/R3, perencanaan dan pengendalian modal insani (human capital planning) dan biaya tenaga kerja, monitoring dan evaluasi penggunaan tenaga kerja kontrak/outsourcing berbasis labour supply, laporan periodik perencanaan modal insani serta perencanaan kebutuhan alat/tempat kerja pendukung pelaksana jabatan','KS','1',NULL,'2013-08-15 06:51:34',NULL),(75,62300,97,'Mengorganisasikan, mengkoordinasikan, merekomendasikan dan melaksanakan program dan kegiatan perumusan, penyusunan dan perancangan kebijakan dan sistem peningkatan kualitas modal insani yang akan menjadi  dasar dan acuan dalam usaha memiliki modal insani yang memiliki kompetensi yang telah dipersyaratkan melalui kegiatan seleksi untuk rekrutmen karyawan, perencanaan suksesi karyawan; Talent Management termasuk pengembangan Assessment Center','KS','1',NULL,'2013-08-15 06:51:52',NULL),(76,63000,26,'Memikirkan, merumuskan, merekomendasikan dan melaksanakan strategi serta kebijakan (Policy) dalam bidang pemeliharaan, pembinaan & pengintegrasian modal insani yang dimiliki perusahaan, perancangan kebijakan dan sistem remunerasi karyawan, sistem manajemen berbasis MBNQA, sistem administrasi & informasi kekaryawanan, pengelolaan pengamanan perusahaan, pengaturan kendaraan dinas & angkutan karyawan, pengelolaan fasilitas umum, perencanaan dan pengendalian kebutuhan jasa outsourcing kebersihan dan keamanan untuk memastikan setiap aktivitas berjalan efektif & efisien','KS','1',NULL,'2013-08-15 06:52:30',NULL),(77,63200,81,'Mengorganisasikan, mengkoordinasikan, merekomendasikan dan melaksanakan program dan kegiatan perancangan, pengembangan dan pemeliharaan kebijakan, sistem dan simulasi remunerasi (Compensastion & Benefit), kegiatan performance management, termasuk pengukuran kinerja berbasis MBNQA kriteria dan pengembangan program peningkatan kinerja modal insani','KS','1',NULL,'2013-08-15 06:52:47',NULL),(78,63300,82,'Mengorganisasikan dan mengkoordinasikan pelaksanaan penerapan kebijakan (policy) serta ketentuan peraturan & perundangan bidang ketenagakerjaan, pemberian pelayanan administratif kepada karyawan dan Pembinaan Hubungan Kekaryawanan termasuk dengan serikat karyawan, penanganan kasus-kasus hubungan kerja dan keluhan-keluhan karyawan, administrasi kekaryawanan, administrasi penggajian, peningkatan kesehatan kerja karyawan, Jamsostek dan Program Kesejahteraan lainnya','KS','1',NULL,'2013-08-15 06:53:07',NULL),(79,63400,83,'Mengorganisasikan, mengkoordinasikan, merekomendasikan dan melaksanakan program dan kegiatan pelayanan, pemeliharaan, pengawasan dan utilisasi terhadap barang-barang bergerak meliputi mesin kantor, alat kantor dan kendaraan utility serta barang-barang tidak bergerak meliputi ; gedung/perkantoran, rumah dinas, tanah dan arsip agar semua asset perusahaan terpelihara dan terutilisasi dengan baik sehingga aktivitas perusahaan berjalan dengan lancar dan dapat memberikan nilai tambah bagi perusahaan, perencanaan dan pengendalian kebutuhan dan pengawasan pelaksanaan jasa outsourcing kebersihan','KS','1',NULL,'2013-08-15 06:53:22',NULL),(80,63500,84,'Mengorganisasikan, mengkoordinasikan, merekomendasikan dan melaksanakan program dan kegiatan pengamanan di kawasan industri PT. Krakatau Steel berbasis sistem manajemen pengamanan, untuk mencegah dan mengatasi ancaman, gangguan, hambatan dan  tantangan (AGHT), perencanaan dan pengendalian kebutuhan dan pengawasan pelaksanaan jasa outsourcing keamanan','KS','1',NULL,'2013-08-15 06:53:45',NULL),(81,70000,7,'Merencanakan, merumuskan, mengendalikan dan mengembangkan kebijakan-kebijakan dalam rangka mendukung kegiatan perencanaan dan pengembangan usaha, pengelolaan proyek-proyek strategis, evaluasi dan perencanaan teknologi serta bekerja sama secara langsung dengan CEO dalam melakukan evaluasi keberhasilan Proyek Strategis dan mengkoordinasikan, mengintegrasikan fungsi-fungsi Sub Direktorat Research & Technology, Sub Direktorat Corporate Planning & Business Developement, Sub Direktorat Blast Furnace dan Divisi Project Manajemen, untuk menjamin pencapaian sasaran strategis perusahaan serta bertindak sebagai integrator perencanaan proyek pengembangan Anak Perusahaan / Perusahaan Patungan  yang terkait dengan pengembangan PT. Krakatau Steel (Persero) Tbk','KS','1',NULL,'2013-08-15 06:54:14',NULL),(82,70200,100,'Mengorganisasikan, mengkoordinasikan, merekomendasikan dan melaksanakan program dan kegiatan penyusunan project charter, pengaturan resources yang akan dialokasikan ke proyek-proyek pengembangan dan pembangunan yang akan dilaksanakan, melakukan monitoring, pengawasan dan evaluasi pelaksanaan proyek serta pelaporan progress masing-masing  proyek pengembangan dan bertindak sebagai project management office (PMO) serta menjadi Direksi pekerjaan sesuai ketentuan yang diatur dalam prosedur untuk seluruh proyek, program strategis perusahaan dan Anak perusahaan / perusahaan patungan yang terkait dengan proyek pengembangan PT. Krakatau Steel (Persero) Tbk','KS','1',NULL,'2013-08-15 06:54:38',NULL),(83,72000,27,'Memikirkan, merumuskan, merekomendasikan dan melaksanakan strategi, kebijakan (policy) dan program dalam bidang riset/pengkajian proses pembuatan produk baja, produk aplikasi baru, material untuk proses pembuatan baja, penyediaan dan penyiapan sarana dan prasarana riset serta pengkajian dan pemilihan teknologi untuk pengembangan bisnis perusahaan, pengelolaan energi dan pemilihan alternatif energi & sumber daya sesuai rencana tahunan dan rencana jangka panjang perusahaan','KS','1',NULL,'2013-08-15 06:54:55',NULL),(84,72200,86,'Mengorganisasikan, mengkoordinasikan, merekomendasikan dan melaksanakan program dan kegiatan evaluasi kehandalan teknologi proses  fasilitas existing, pengkajian teknis maupun ekonomis, penggantian atau pemilihan teknologi yang tepat dan pengembangan proses pembuatan produk baja, produk aplikasi baru, material untuk proses pembuatan baja sebagai dasar pengembangan bisnis perusahaan maupun peningkatan efisiensi cost performance pada fasilitas produksi yang ada pada saat ini, menyiapkan Term of Reference dan perhitungan aspek-aspek teknis lainnya atas teknologi dan pengembangan proses terpilih untuk pengembangan bisnis maupun peningkatan efisiensi existing facilities','KS','1',NULL,'2013-08-15 06:55:15',NULL),(85,72300,87,'Mengorganisasikan, mengkoordinasikan, merekomendasikan dan melaksanakan pelayanan riset yang meliputi pengujian material, pengelolaan dan pengoperasian peralatan laboratorium pengujian material, uji simulasi serta publikasi dan pengelolaan informasi teknologi','KS','1',NULL,'2013-08-15 06:55:32',NULL),(86,72400,88,'Mengorganisasikan, mengkoordinasikan, merekomendasikan dan melaksanakan kegiatan pengelolaan energi dan sumber daya untuk memastikan ketersediaan dan pengelolaan energi dan sumber daya secara optimal untuk menunjang tercapainya target-target produksi yang telah ditetapkan','KS','1',NULL,'2013-08-15 06:55:47',NULL),(87,73000,28,'Memikirkan, merumuskan, dan merekomendasikan dan melaksanakan program perencanaan strategis pengembangan bisnis perusahaan jangka panjang,  integrasi rencana kerja dan pengembangan jangka panjang bisnis korporasi (KS Group), pemilihan strategi maupun policy pengembangan bisnis PTKS dan Group, melakukan studi kelayakan proyek pengembangan PTKS yang telah direncanakan dalam RJPP, mengembangan bisnis sinergi dan portofolio investasi korporasi, mengusulkan proyek yang akan dilaksanakan (diimplementasikan) dalam RKAP, dan mengkoordinasikan aktivitas tender proyek pembangunan','KS','1',NULL,'2013-08-15 06:57:07',NULL),(88,73200,89,'Mengorganisasikan, mengkoordinasikan, merekomendasikan dan melaksanakan program dan kegiatan perencanaan strategis perusahaan; penyusunan/evaluasi study kelayakan proyek strategis (non rutin), evaluasi study kelayakan proyek non strategis (rutin), penyusunan usulan prioritas proyek untuk dimasukan ke dalam RKAP, dan pengintegrasian rencana jangka panjang korporasi (KS Grup). ','KS','1',NULL,'2013-08-15 06:57:39',NULL),(89,73300,90,'Mengorganisasikan, mengkoordinasikan, merekomendasikan dan melaksanakan program & kegiatan  penyusunan jadwal realisasi / work break structure (wbs), penyiapan dokumen realisasi anggaran proyek, penyiapan dokumen dokumen tender (volume 2 dan volume 3),  penyiapan instruksi tender dan pembuatan kontrak, melakukan kontrol anggaran proyek, serta memastikan dan memutahirkan master data project, khususnya project multi year, untuk penyusunan RKAP','KS','1',NULL,'2013-08-15 06:57:57',NULL),(90,74000,29,'Memikirkan, merumuskan, merekomendasikan dan melaksanakan strategi, kebijakan dan program pengembangan pabrik Blast Furnace Complex agar tujuan pembangunan pabrik Blast Furnace dapat terlaksana secara tepat waktu, tepat kualitas, biaya yang efisien dan dapat dipertanggungjawabkan sesuai dengan prosedur dan ketentuan yang berlaku','KS','1',NULL,'2013-08-15 06:58:31',NULL),(91,74200,91,'Mengorganisasikan, mengkoordinasikan, merekomendasikan dan mengintegrasikan pelaksanaan  operasional proyek Blast Furnace yang meliputi : Blast Furnace Plant, Sinter Plant, Coke Oven Plant, IEA & MIS, Material Handling, HMTP & Interfacing dan General Facilities sehingga pelaksanaan proyek dapat memenuhi tujuan Program Blast Furnace Complex  sesuai dengan Blast Furnace Complec Project Charter','KS','1',NULL,'2013-08-15 06:59:10',NULL),(92,1250101,33,'Aku sayang kamu','KS','1',NULL,'2013-10-02 11:27:05',NULL),(93,3370101,49,'Merencanakan, mengorganisasikan dan memonitor seluruh proses DR Plant dari pengelolaan bahan baku, bahan pembantu, mesi-mesin produksi, peralatan handling dan teknologi proses, serta mengorganisasikan dan merencanakan aktifitas perawatan/perbaikan seluruh peralatan mekanik, listrik, instrument di pabrik Direct Reduction Plant (DR Plant) sesuai target kualitas dan kuantitas yang ditetapkan dengan biaya yang efisien, tepat waktu serta menjaga seluruh fasilitas produksi DR Plant dalam kondidi optimal.','KS','1','7990','2013-09-30 11:30:38','2013-10-01 05:02:12'),(94,4330101,64,'Optimalisasi volume & revenue penjualan wire rod, by product & jasa non core sesuai target yg ditetapkan ','KS','1',NULL,'2013-10-23 10:15:20',NULL),(95,4440101,68,'Menjamin produk yang disimpan digudang tidak mengalami kerusakan dan memastikan status mutu produk melalui pemeriksaan secara periodik ','KS','1',NULL,'2013-09-25 08:03:13',NULL),(96,5370001,77,'Mendapatkan sumber pembiayaan proyek investasi strategis yg paling kompetitif, pd tingkat biaya ygdpt diterima, dgn pertimbangan kewajiban & risiko yg sdh diperhitungkan','KS','1',NULL,'2013-09-20 09:58:26',NULL),(97,5370002,77,'Melaksanakan atau memfasilitasi keperluan pelaksanaan pembangunan proyek strategis baik Revitalisasi Pabrik maupun Pembangunan Pabrik baru dengan mendatangkan Kreditur dari Dalan maupun Luar Negeri untuk Pembiayaannya ','KS','5423',NULL,'2013-10-29 02:07:42',NULL),(98,6230101,98,'Memikirkan, merumuskan, merekomendasikan dan melaksanakan strategi serta kebijakan rancangan struktur organisasi, program pengembangan & peningkatan kualitas modan insani, talent management dan pelaksanaan pendidikan & pelatihan sesuai visi dan strategi bisnis korporasi jangka pendek dan jangka panjang.','KS','8655A','8655A','2013-10-09 10:40:05','2013-10-21 07:54:46'),(99,6350101,85,'\'Melakukan program pelatihan dan internal expert  ','KS','3723',NULL,'2013-10-28 06:45:41',NULL);

#
# Structure for table "tblprosedur"
#

DROP TABLE IF EXISTS `tblprosedur`;
CREATE TABLE `tblprosedur` (
  `idProcedure` int(10) NOT NULL AUTO_INCREMENT,
  `kodeprocedure` char(20) DEFAULT NULL,
  `namaprocedure` varchar(100) DEFAULT NULL,
  `idPerusahaan` char(10) NOT NULL DEFAULT '',
  `creator` char(10) DEFAULT NULL,
  `modifier` char(10) DEFAULT NULL,
  `tgl_creator` datetime DEFAULT NULL,
  `tgl_modifier` datetime DEFAULT NULL,
  `document` varchar(255) DEFAULT NULL,
  `file_pendukung` varchar(255) DEFAULT NULL,
  PRIMARY KEY (`idProcedure`,`idPerusahaan`)
) ENGINE=InnoDB AUTO_INCREMENT=2140 DEFAULT CHARSET=latin1 ROW_FORMAT=COMPACT;

#
# Data for table "tblprosedur"
#

INSERT INTO `tblprosedur` VALUES (1427,'BIS-01','PROSEDUR PERENCANAAN STRATEGIS PERUSAHAAN','KS','1',NULL,'2013-10-01 00:00:00',NULL,NULL,NULL),(1428,'BIS-02','PERENCANAAN TAHUNAN PERUSAHAAN','KS','1',NULL,'2013-10-01 00:00:00',NULL,NULL,NULL),(1429,'BIS-03','PROSEDUR PENJABARAN SASARAN TAHUNAN','KS','1',NULL,'2013-10-01 00:00:00',NULL,NULL,NULL),(1430,'BIS-04','PERSIAPAN PENGEMBANGAN BISNIS','KS','1',NULL,'2013-10-01 00:00:00',NULL,NULL,NULL),(1431,'BNC-01','TRADING','KS','1',NULL,'2013-10-01 00:00:00',NULL,NULL,NULL),(1432,'BNC-02','PENJUALAN JASA MANAJEMEN DAN TEKNOLOGI','KS','1',NULL,'2013-10-01 00:00:00',NULL,NULL,NULL),(1433,'BNC-03','PENJUALAN BY PRODUCT','KS','1',NULL,'2013-10-01 00:00:00',NULL,NULL,NULL),(1434,'CPB/3/BP/001','EVALUASI DAN INTEGRASI DRAFT RJPP ANAK PERUSAHAAN','KS','1',NULL,'2013-10-01 00:00:00',NULL,NULL,NULL),(1435,'CPB/3/SB/001','PENGELOLAAN DOKUMEN DAN SHARING PENGETAHUAN MENGGUNAKAN KNOWLEDGE TREE','KS','1',NULL,'2013-10-01 00:00:00',NULL,NULL,NULL),(1436,'CPB/3/SB/002','PENYUSUNAN FEASIBILITY STUDY PROYEK STRATEGIS','KS','1',NULL,'2013-10-01 00:00:00',NULL,NULL,NULL),(1437,'CPB/3/TM/001','SELEKSI ANGGARAN PEMBANGUNAN RUTIN','KS','1',NULL,'2013-10-01 00:00:00',NULL,NULL,NULL),(1438,'DP06 CP00 001','PENYECRAPAN DAN RECYCLING HASIL PRODUKSI HSM & CRM','KS','1',NULL,'2013-10-01 00:00:00',NULL,NULL,NULL),(1439,'FIN/3/AF/003','WORK INSTRUCTION PENYETORAN & PELAPORAN PPH POTPUT (WITHOLDING TAXES)','KS','1',NULL,'2013-10-01 00:00:00',NULL,NULL,NULL),(1440,'FIN/3/AF/004','PEMUNGUTAN,PENYETORAN DAN PELAPORAN PPN WAPU','KS','1',NULL,'2013-10-01 00:00:00',NULL,NULL,NULL),(1441,'FIN/3/AF/005','SPT MASA PPN','KS','1',NULL,'2013-10-01 00:00:00',NULL,NULL,NULL),(1442,'FIN/3/AF/006','WI PENUTUPAN ASURANSIPROPERTY ALL RISK','KS','1',NULL,'2013-10-01 00:00:00',NULL,NULL,NULL),(1443,'FIN/3/AF/007','KLAIM ASURANSI PROPERTY ALL RISK','KS','1',NULL,'2013-10-01 00:00:00',NULL,NULL,NULL),(1444,'FIN/3/AF/008','KLAIM ASURANSI MARINE CARGO','KS','1',NULL,'2013-10-01 00:00:00',NULL,NULL,NULL),(1445,'FIN/3/AF/009','PENUTUPAN ASURANSI MARINE CARGO','KS','1',NULL,'2013-10-01 00:00:00',NULL,NULL,NULL),(1446,'FIN/3/AF/010','PEMBAYARAN BEA IMPOR','KS','1',NULL,'2013-10-01 00:00:00',NULL,NULL,NULL),(1447,'FIN/3/AF/011','LAPORAN PENERBITAN FAKTUR','KS','1',NULL,'2013-10-01 00:00:00',NULL,NULL,NULL),(1448,'FIN/3/AF/012','BILLING PROCESS (PROSES PENERBITAN INVOICE DENGAN SAP)','KS','1',NULL,'2013-10-01 00:00:00',NULL,NULL,NULL),(1449,'FIN/3/AF/013','PENERBITAN CREDIT NOTE (Koreksi Invoice dengan SAP)','KS','1',NULL,'2013-10-01 00:00:00',NULL,NULL,NULL),(1450,'FIN/3/AF/014','INVOICE FI ( FINANCIAL )','KS','1',NULL,'2013-10-01 00:00:00',NULL,NULL,NULL),(1451,'FIN/3/AK/001','PENYELESAIAN TAGIHAN BERMASALAH','KS','1',NULL,'2013-10-01 00:00:00',NULL,NULL,NULL),(1452,'FIN/3/AK/037','PROSES PENCATATAN DAN PELAPORAN AKTIVA TETAP','KS','1',NULL,'2013-10-01 00:00:00',NULL,NULL,NULL),(1453,'FIN/3/AK/038','PENERBITAN LAP.BIAYA DLM PEMB. PROYEK PERLUAS.MODRN.PENG.LINGK.& OPT.','KS','1',NULL,'2013-10-01 00:00:00',NULL,NULL,NULL),(1454,'FIN/3/AK/039','PENERBITAN LAPORAN AKTIVA DALAM PEMBANGUNAN RUTIN','KS','1',NULL,'2013-10-01 00:00:00',NULL,NULL,NULL),(1455,'FIN/3/AK/040','PENERBITAN LAPORAN KEUANGAN KONSTRUKSI DAN POSISI AKTIVA TETAP','KS','1',NULL,'2013-10-01 00:00:00',NULL,NULL,NULL),(1456,'FIN/3/AK/045','SISTEM RECORD SHEET DIVISI AKUTANSI KEUANGAN','KS','1',NULL,'2013-10-01 00:00:00',NULL,NULL,NULL),(1457,'FIN/3/AK/047','PROSES BUKU BESAR','KS','1',NULL,'2013-10-01 00:00:00',NULL,NULL,NULL),(1458,'FIN/3/AK/048','PENYUSUNAN LAPORAN KEUANGAN','KS','1',NULL,'2013-10-01 00:00:00',NULL,NULL,NULL),(1459,'FIN/3/AK/049','PENYUSUNAN LAPORAN KEUANGAN KONSOLIDASI','KS','1',NULL,'2013-10-01 00:00:00',NULL,NULL,NULL),(1460,'FIN/3/AK/050','PETTY CASH','KS','1',NULL,'2013-10-01 00:00:00',NULL,NULL,NULL),(1461,'FIN/3/AK/051','PROSES VERIFIKASI PEMBAYARAN MENGGUNAKAN SISITEM SAP-R3','KS','1',NULL,'2013-10-01 00:00:00',NULL,NULL,NULL),(1462,'FIN/3/AK/052','REKONSILIASI INTERCOMPANY ACCOUNT PT. KRAKATAU STEEL DENGAN ANAK PERUSAHAAN','KS','1',NULL,'2013-10-01 00:00:00',NULL,NULL,NULL),(1463,'FIN/3/AK/053','UANG MUKA KARYAWAN DENGAN SISTEM SAP R/3','KS','1',NULL,'2013-10-01 00:00:00',NULL,NULL,NULL),(1464,'FIN/3/AK/054','PENYUSUNAN LAPORAN KEUANGAN INDUK (PT.KS)','KS','1',NULL,'2013-10-01 00:00:00',NULL,NULL,NULL),(1465,'FIN/3/AK/055','PENYUSUNAN APLIKASI DATA LINK','KS','1',NULL,'2013-10-01 00:00:00',NULL,NULL,NULL),(1466,'FIN/3/AK/056','PENGARSIPAN DOKUMEN PEMBAYARAN','KS','1',NULL,'2013-10-01 00:00:00',NULL,NULL,NULL),(1467,'FIN/3/AK/057','CONSOLE PACKAGE','KS','1',NULL,'2013-10-01 00:00:00',NULL,NULL,NULL),(1468,'FIN/3/AK/058','PROSES TUTUP BUKU PT. KRAKATAU STEEL (Persero) Tbk','KS','1',NULL,'2013-10-01 00:00:00',NULL,NULL,NULL),(1469,'FIN/3/AM/002','LAPORAN BIAYA OVERHEAD TETAP','KS','1',NULL,'2013-10-01 00:00:00',NULL,NULL,NULL),(1470,'FIN/3/AM/003','ANALISA VARIAN','KS','1',NULL,'2013-10-01 00:00:00',NULL,NULL,NULL),(1471,'FIN/3/AM/005','VERIFIKASI INTERNAL REALISASI ANGGARAN BARANG MODAL','KS','1',NULL,'2013-10-01 00:00:00',NULL,NULL,NULL),(1472,'FIN/3/AM/006','PENGISIAN FORMULIR RENCANA KERJA DAN ANGGARAN PERUSAHAAN (RKAP)','KS','1',NULL,'2013-10-01 00:00:00',NULL,NULL,NULL),(1473,'FIN/3/AM/007','CREATE REALISASI ANGGARAN','KS','1',NULL,'2013-10-01 00:00:00',NULL,NULL,NULL),(1474,'FIN/3/AP/001','PEMBEBANAN MUTASI PERSEDIAAN DAN BIAYA','KS','1',NULL,'2013-10-01 00:00:00',NULL,NULL,NULL),(1475,'FIN/3/AP/002','PERHITUNGAN FISIK PERSEDIAAN DAN AKTIVA TETAP','KS','1',NULL,'2013-10-01 00:00:00',NULL,NULL,NULL),(1476,'FIN/3/AP/003','APLIKASI SAP SEBAGAI SUPPORTING DATA JURNAL ENTRY','KS','1',NULL,'2013-10-01 00:00:00',NULL,NULL,NULL),(1477,'FIN/3/AP/005','PENENTUAN PENILAIAN PERSEDIAAN WORK INTRUCTION','KS','1',NULL,'2013-10-01 00:00:00',NULL,NULL,NULL),(1478,'FIN/3/AP/006','REKONSILIASI SUB.LEADGER DAN GENERAL LEDGER','KS','1',NULL,'2013-10-01 00:00:00',NULL,NULL,NULL),(1479,'FIN/3/AP/007','LAPORAN PERSEDIAAN WORK INTRUCTION','KS','1',NULL,'2013-10-01 00:00:00',NULL,NULL,NULL),(1480,'FIN/3/AP/008','ANALISA BIAYA PRODUKSI DAN PERAWATAN','KS','1',NULL,'2013-10-01 00:00:00',NULL,NULL,NULL),(1481,'FIN/3/AP/009','PELAPORAN MANAJEMEN BIAYA DAN PERSEDIAAN','KS','1',NULL,'2013-10-01 00:00:00',NULL,NULL,NULL),(1482,'FIN/3/AP/012','SISTEM RECORD SHEET DIVISI AKUNTASI PABRIK','KS','1',NULL,'2013-10-01 00:00:00',NULL,NULL,NULL),(1483,'FIN/3/AP/013','STOCK TAKE INVENTORY','KS','1',NULL,'2013-10-01 00:00:00',NULL,NULL,NULL),(1484,'FIN/3/AP/014','PEMBEBANAN BIAYA','KS','1',NULL,'2013-10-01 00:00:00',NULL,NULL,NULL),(1485,'FIN/3/AP/015','PERIODE MONTH END CLOSING','KS','1',NULL,'2013-10-01 00:00:00',NULL,NULL,NULL),(1486,'FIN/3/AP/016','PENCATATAN DAN PENGENDALIAN PERSEDIAAN','KS','1',NULL,'2013-10-01 00:00:00',NULL,NULL,NULL),(1487,'FIN/3/BE/001','PENGELOLAAN SUPPORT OPERASIONAL APLIKASI','KS','1',NULL,'2013-10-01 00:00:00',NULL,NULL,NULL),(1488,'FIN/3/BE/002','PENYUSUNAN WORK INSTRUCTION','KS','1',NULL,'2013-10-01 00:00:00',NULL,NULL,NULL),(1489,'FIN/3/BPL/001','PROSES PEMBUTAN & PENARIKAN KARTU PESERTA','KS','1',NULL,'2013-10-01 00:00:00',NULL,NULL,NULL),(1490,'FIN/3/BPL/003','PROSES PEMBUATAN PERJANJIAN KERJA SAMA PROVIDER PALAYANAN KESEHATAN','KS','1',NULL,'2013-10-01 00:00:00',NULL,NULL,NULL),(1491,'FIN/3/BPL/004','PENANGANAN KELUHAN & KOMPLAIN PROVIDER PELAYANAN KESEHATAN','KS','1',NULL,'2013-10-01 00:00:00',NULL,NULL,NULL),(1492,'FIN/3/BPL/006','PENERIMAAN DOKUMEN DAN PENERBITAN LAPORAN KLAIM SEMENTARA (LKS)','KS','1',NULL,'2013-10-01 00:00:00',NULL,NULL,NULL),(1493,'FIN/3/BPL/007','PROSES ANALISA KLAIM ','KS','1',NULL,'2013-10-01 00:00:00',NULL,NULL,NULL),(1494,'FIN/3/BPL/008','PENERBITAN SURAT JAMINAN RAWAT INAP','KS','1',NULL,'2013-10-01 00:00:00',NULL,NULL,NULL),(1495,'FIN/3/BPL/009','VERIFIKASI PEMBAYARAN KLAIM PEMELIHARAAN','KS','1',NULL,'2013-10-01 00:00:00',NULL,NULL,NULL),(1496,'FIN/3/BPL/010','PEMBAYARAN KLAIM PEMELIHARAAN KESEHATAN','KS','1',NULL,'2013-10-01 00:00:00',NULL,NULL,NULL),(1497,'FIN/3/BPL/011','PENERIMAAN KAS BAPELKES','KS','1',NULL,'2013-10-01 00:00:00',NULL,NULL,NULL),(1498,'FIN/3/BPL/012','VERIFIKASI PEMBAYARAN TAGIHAN NON PEMELIHARAN KESEHATAN','KS','1',NULL,'2013-10-01 00:00:00',NULL,NULL,NULL),(1499,'FIN/3/BPL/014','PENYUSUNAN LAPORAN MANAJEMEN','KS','1',NULL,'2013-10-01 00:00:00',NULL,NULL,NULL),(1500,'FIN/3/BPL/015','PROSD.PELY.BG PESERT.BAPELKES KS YG MENDT GAGAL GINJAL','KS','1',NULL,'2013-10-01 00:00:00',NULL,NULL,NULL),(1501,'FIN/3/BPL/016','PENGHARGAAN EFISIENSI BIAYA KESEHATAN','KS','1',NULL,'2013-10-01 00:00:00',NULL,NULL,NULL),(1502,'FIN/3/BPL/017','ROUTING SURAT MASUK ','KS','1',NULL,'2013-10-01 00:00:00',NULL,NULL,NULL),(1503,'FIN/3/ED/005','PERMINTAAN PERANGKAT KOMPUTER','KS','1',NULL,'2013-10-01 00:00:00',NULL,NULL,NULL),(1504,'FIN/3/ED/006','PENGELOLAAN USER ACCOUNT EMAIL DAN INTERNET','KS','1',NULL,'2013-10-01 00:00:00',NULL,NULL,NULL),(1505,'FIN/3/ED/007','PENANGANAN BARANG DIVISI IT/IS SERVICES P & C','KS','1',NULL,'2013-10-01 00:00:00',NULL,NULL,NULL),(1506,'FIN/3/JK/002','PEMBAYARAN KEUANGAN JAKARTA','KS','1',NULL,'2013-10-01 00:00:00',NULL,NULL,NULL),(1507,'FIN/3/KP/003','CLEARANCE JAMINAN ATAS PENJUALAN PRODUK PT. KRAKATAU STEEL','KS','1',NULL,'2013-10-01 00:00:00',NULL,NULL,NULL),(1508,'FIN/3/KP/004','PENETAPAN CUSTOMER RATING DAN CUSTOMER LIMIT','KS','1',NULL,'2013-10-01 00:00:00',NULL,NULL,NULL),(1509,'FIN/3/KP/006','PELEPASAN ASET NONPRODUKTIF','KS','1',NULL,'2013-10-01 00:00:00',NULL,NULL,NULL),(1510,'FIN/3/KP/007','WORK INSTRUCTION ANALISIS KREDIT PT. KRAKATAU STEEL','KS','1',NULL,'2013-10-01 00:00:00',NULL,NULL,NULL),(1511,'FIN/3/KP/008','WORK INSTRUCTION PENAGIHAN','KS','1',NULL,'2013-10-01 00:00:00',NULL,NULL,NULL),(1512,'FIN/3/KP/009','PENANGANAN KLAIM DAN LEBIH BAYAR KONSUMEN','KS','1',NULL,'2013-10-01 00:00:00',NULL,NULL,NULL),(1513,'FIN/3/MR/001','ANALISIS DAN PENGENDALIAN RISIKO','KS','1',NULL,'2013-10-01 00:00:00',NULL,NULL,NULL),(1514,'FIN/3/MR/002','PEMANTAUAN DAN PELAPORAN RISIKO','KS','1',NULL,'2013-10-01 00:00:00',NULL,NULL,NULL),(1515,'FIN/3/PB/001','PERCEPATAN & PENUNDAAN PEMBAYARAN KONSUMEN PT.KRAKATAU STEEL','KS','1',NULL,'2013-10-01 00:00:00',NULL,NULL,NULL),(1516,'FIN/3/PB/002','PENGGUNAAN FASILITAS NON CASH LOAN PT KRAKATAU STEEL (PERSERO)','KS','1',NULL,'2013-10-01 00:00:00',NULL,NULL,NULL),(1517,'FIN/3/PB/003','NOTIONAL POOLING PT KRAKATAU  STEEL (PERSERO)','KS','1',NULL,'2013-10-01 00:00:00',NULL,NULL,NULL),(1518,'FIN/3/PF/001','PENGELOLAAN SITUS WEB KMKS (KNOWLEDGE MANAGEMENT KRAKATAU STEEL)','KS','1',NULL,'2013-10-01 00:00:00',NULL,NULL,NULL),(1519,'FIN/3/PN/001','PENANGANAN SURAT BERHARGA','KS','1',NULL,'2013-10-01 00:00:00',NULL,NULL,NULL),(1520,'FIN/3/PN/002','PENGENDALIAN QUALITY RECORD','KS','1',NULL,'2013-10-01 00:00:00',NULL,NULL,NULL),(1521,'FIN/3/PN/005','LAPORAN KAS HARIAN','KS','1',NULL,'2013-10-01 00:00:00',NULL,NULL,NULL),(1522,'FIN/3/PN/006','ADJUSMENT','KS','1',NULL,'2013-10-01 00:00:00',NULL,NULL,NULL),(1523,'FIN/3/PN/007','REKONSILIASI BANK','KS','1',NULL,'2013-10-01 00:00:00',NULL,NULL,NULL),(1524,'FIN/3/PN/008','DIRECT PAYMENT','KS','1',NULL,'2013-10-01 00:00:00',NULL,NULL,NULL),(1525,'FIN/3/PN/011','PENYUSUNAN LAPORAN TARGET & REALISASI PENERIMAAN PIUTANG','KS','1',NULL,'2013-10-01 00:00:00',NULL,NULL,NULL),(1526,'FIN/3/PN/014','PENGELOLAAN BANK GARANSI ATAS PENGADAAN BARANG DAN JASA','KS','1',NULL,'2013-10-01 00:00:00',NULL,NULL,NULL),(1527,'FIN/3/PN/018','PENERBITAN CASH RECEIPT DENGAN SISTEM SAP','KS','1',NULL,'2013-10-01 00:00:00',NULL,NULL,NULL),(1528,'FIN/3/PN/019','PEMBAYARAN DENGAN SISTEM SAP','KS','1',NULL,'2013-10-01 00:00:00',NULL,NULL,NULL),(1529,'FIN/3/PN/020','PENANGANAN LETTER OF CREDIT DENGAN SISTEM SAP','KS','1',NULL,'2013-10-01 00:00:00',NULL,NULL,NULL),(1530,'FIN/3/PN/021','LAPORAN ARUS KAS BULANAN DENGAN SAP','KS','1',NULL,'2013-10-01 00:00:00',NULL,NULL,NULL),(1531,'FIN/3/PN/022','PENGGUNAAN DAN PENGELOLAAN INTERNET BANKING','KS','1',NULL,'2013-10-01 00:00:00',NULL,NULL,NULL),(1532,'FIN/3/PN/023','PENGELOLAAN DOKUMEN LC DAN LAPORAN MELALUI E-FILLING','KS','1',NULL,'2013-10-01 00:00:00',NULL,NULL,NULL),(1533,'FIN/3/PP/001','PROSES PENANGANAN LC DI DIVISI OPERASI PENDANAAN','KS','1',NULL,'2013-10-01 00:00:00',NULL,NULL,NULL),(1534,'FIN/3/PP/006','PROSES PENANGANAN,DESPATCH & DEMURRAGE PELABUHAN MUAT.','KS','1',NULL,'2013-10-01 00:00:00',NULL,NULL,NULL),(1535,'FIN/3/PP/007','PROSES PENANG.NOTA DEBET,DOK.PENYIMPANGAN LC & PENERIMAAN DOK.LC.','KS','1',NULL,'2013-10-01 00:00:00',NULL,NULL,NULL),(1536,'FIN/3/PT/002','PENYUSUNAN LAPORAN KINERJA BULANAN ANAK PERUSAHAAN & PERUSAHAAN PATUNGAN PT. KS','KS','1',NULL,'2013-10-01 00:00:00',NULL,NULL,NULL),(1537,'FIN/3/PT/003','PENYUSUNAN LAPORAN KINERJA TRIWULAN ANAK PERUSAHAAN  PT. KRAKATAU STEEL (PERSERO) Tbk','KS','1',NULL,'2013-10-01 00:00:00',NULL,NULL,NULL),(1538,'FIN/3/PT/004','PELAKSANAAN RUPS ANAK PERUSAHAAN PT. KRAKATAU STEEL (PERSERO) Tbk','KS','1',NULL,'2013-10-01 00:00:00',NULL,NULL,NULL),(1539,'FIN/3/PWK/001','VERIFIKASI DOKUMEN PEMBAYARAN DENGAN SAP','KS','1',NULL,'2013-10-01 00:00:00',NULL,NULL,NULL),(1540,'FIN/3/SN/001','PENYUSUNAN CASHFLOW MINGGUAN','KS','1',NULL,'2013-10-01 00:00:00',NULL,NULL,NULL),(1541,'FIN/3/SN/002','TRANSAKSI DEPOSITO','KS','1',NULL,'2013-10-01 00:00:00',NULL,NULL,NULL),(1542,'FIN/3/SN/003','TRANSAKSI VALUTA ASING','KS','1',NULL,'2013-10-01 00:00:00',NULL,NULL,NULL),(1543,'FIN/3/SN/004','TRANSAKSI HEDGING','KS','1',NULL,'2013-10-01 00:00:00',NULL,NULL,NULL),(1544,'FIN/3/SN/005','MARKET UPDATE','KS','1',NULL,'2013-10-01 00:00:00',NULL,NULL,NULL),(1545,'FIN/3/SN/007','KREDIT MODAL KERJA','KS','1',NULL,'2013-10-01 00:00:00',NULL,NULL,NULL),(1546,'FIN/3/SN/008','LAPORAN CASH FLOW HARIAN','KS','1',NULL,'2013-10-01 00:00:00',NULL,NULL,NULL),(1547,'FIN/3/SN/009','WI, BORROWING UNTUK PEMBIAYAAN PROYEK','KS','1',NULL,'2013-10-01 00:00:00',NULL,NULL,NULL),(1548,'FIN/3/SN/010','NEGO / DISKONTO ATAS L/C SKBDN','KS','1',NULL,'2013-10-01 00:00:00',NULL,NULL,NULL),(1549,'FIN/3/SN/011','TRANSKASI TRADE FINANCING ATAS PENGADAAN BAHAN BAKU IMPOR','KS','1',NULL,'2013-10-01 00:00:00',NULL,NULL,NULL),(1550,'FIN/3/TK/001','ASSESSMENT TATA KELOLA SISTEM INFORMASI','KS','1',NULL,'2013-10-01 00:00:00',NULL,NULL,NULL),(1551,'FIN/3/UB/001','PENYUSUNAN RJPP ANAK PERUSAHAAN PT KRAKATAU STEEL','KS','1',NULL,'2013-10-01 00:00:00',NULL,NULL,NULL),(1552,'FIN/3/UB/002','PENYUSUNAN RKAP ANAK PERUSAHAAN PT KRAKATAU STEEL','KS','1',NULL,'2013-10-01 00:00:00',NULL,NULL,NULL),(1553,'FIN/3/UB/003','EVALUASI STUDI KELAYAKAN ANAK PERUSAHAAN PT. KRAKATAU STEEL','KS','1',NULL,'2013-10-01 00:00:00',NULL,NULL,NULL),(1554,'FIN/3/UB/005','MANAGEMENT MEETING ANAK PERUSAHAAN PT KS','KS','1',NULL,'2013-10-01 00:00:00',NULL,NULL,NULL),(1555,'FIN/3KP/005','PENANGANAN KOREKSI INVOICE & KELEBIHAN BAYAR','KS','1',NULL,'2013-10-01 00:00:00',NULL,NULL,NULL),(1556,'HCM-01','PERENCANAAN ORGANISASI & MODAL INSANI','KS','1',NULL,'2013-10-01 00:00:00',NULL,NULL,NULL),(1557,'HCM-02','PENGEMBANGAN MODAL INSANI','KS','1',NULL,'2013-10-01 00:00:00',NULL,NULL,NULL),(1558,'HCM-03','PENDIDIKAN,PELATIHAN DAN KNOWLEDGE MANAGEMENT','KS','1',NULL,'2013-10-01 00:00:00',NULL,NULL,NULL),(1559,'HCM-04','MANAJEMEN KINERJA DAN KOMPENSASI','KS','1',NULL,'2013-10-01 00:00:00',NULL,NULL,NULL),(1560,'HCM-05','PENGELOLAAN HUBUNGAN KEKARYAWANAN','KS','1',NULL,'2013-10-01 00:00:00',NULL,NULL,NULL),(1561,'HCM-06','PERLINDUNGAN KESELAMATAN & KESEHATAN KERJA ','KS','1',NULL,'2013-10-01 00:00:00',NULL,NULL,NULL),(1562,'INA/3/OA/002','PELAKSANAAN AUDIT','KS','1',NULL,'2013-10-01 00:00:00',NULL,NULL,NULL),(1563,'INA/3/OA/003','MONITORING DAN EVALUASI TINDAK LANJUT','KS','1',NULL,'2013-10-01 00:00:00',NULL,NULL,NULL),(1564,'INA/3/OA/004','PETUNJUK PEMBUATAN KODE PEMERIKSAAN','KS','1',NULL,'2013-10-01 00:00:00',NULL,NULL,NULL),(1565,'INA/3/OA/005','PENYUSUNAN KERTAS AUDIT','KS','1',NULL,'2013-10-01 00:00:00',NULL,NULL,NULL),(1566,'INA/3/OA/006','PETUNJUK PEMBUATAN DAFTAR PERTANYAAN','KS','1',NULL,'2013-10-01 00:00:00',NULL,NULL,NULL),(1567,'INA/3/OA/007','PETUNJUK PENYUSUNAN LAPORAN HASIL AUDIT ','KS','1',NULL,'2013-10-01 00:00:00',NULL,NULL,NULL),(1568,'INA/3/OA/009','PENGENDALIAN QUALITY RECORD','KS','1',NULL,'2013-10-01 00:00:00',NULL,NULL,NULL),(1569,'INA/3/OA/010','WI PELAKSANAAN AUDIT KHUSUS','KS','1',NULL,'2013-10-01 00:00:00',NULL,NULL,NULL),(1570,'INA/3/OA/011','PENYUSUNAN PROGRAM KERJA AUDIT TAHUNAN (PKAT)','KS','1',NULL,'2013-10-01 00:00:00',NULL,NULL,NULL),(1571,'INA/3/OA/012','PENILAIAN INTERNAL (SELF ASSESSMENT) SATUAN PENGAWAS INTERN','KS','1',NULL,'2013-10-01 00:00:00',NULL,NULL,NULL),(1572,'INA/3/OA/013','EVALUASI PENGENDALIAN INTERN (INTERNAL CONTROL)','KS','1',NULL,'2013-10-01 00:00:00',NULL,NULL,NULL),(1573,'KEU-01','PENERIMAAN DANA','KS','1',NULL,'2013-10-01 00:00:00',NULL,NULL,NULL),(1574,'KEU-02','PROSEDUR PENGELUARAN DANA','KS','1',NULL,'2013-10-01 00:00:00',NULL,NULL,NULL),(1575,'KEU-03','AKUNTANSI','KS','1',NULL,'2013-10-01 00:00:00',NULL,NULL,NULL),(1576,'KEU-04','PERENCANAAN DAN PENGENDALIAN ANGGARAN','KS','1',NULL,'2013-10-01 00:00:00',NULL,NULL,NULL),(1577,'KEU-05','PENGENDALIAN ANAK PERUSAHAAN DAN PERUSAHAAN PATUNGAN','KS','1',NULL,'2013-10-01 00:00:00',NULL,NULL,NULL),(1578,'KEU-06','PENGELOLAAN RESIKO KEUANGAN','KS','1',NULL,'2013-10-01 00:00:00',NULL,NULL,NULL),(1579,'LAP AUDIT','LAPORAN AUDIT BERKALA','KS','1',NULL,'2013-10-01 00:00:00',NULL,NULL,NULL),(1580,'LOG/3/CH/004','MAINTAIN HPS/OE BY SERVICE NUMBER','KS','1',NULL,'2013-10-01 00:00:00',NULL,NULL,NULL),(1581,'LOG/3/CH/005','MAINTAIN ITEM MASTER SAP R3','KS','1',NULL,'2013-10-01 00:00:00',NULL,NULL,NULL),(1582,'LOG/3/CH/006','LEMBAR PENDAFTARAN/PERUBAHAN MATERIAL (LPPM)','KS','1',NULL,'2013-10-01 00:00:00',NULL,NULL,NULL),(1583,'LOG/3/CH/007','PEMBUATAN/PERBAIKAN HARGA PERKIRAAN SENDIRI/OWNER ESTIMATE (HPS/OE) RAW MATERIAL','KS','1',NULL,'2013-10-01 00:00:00',NULL,NULL,NULL),(1584,'LOG/3/EP/002','JUKLAK PENERIMA/PEMBONGKAR, PENYIMPAN & PEMINDAH BRG-BRG IMPORT','KS','1',NULL,'2013-10-01 00:00:00',NULL,NULL,NULL),(1585,'LOG/3/EP/102','TRANSPORTASI (LOKAL) BARANG-BARANG IMPOR','KS','1',NULL,'2013-10-01 00:00:00',NULL,NULL,NULL),(1586,'LOG/3/JS/001',' WORK  INSTRUCTION PROSES PEMBUATAN SPK, JO ORDER ','KS','1',NULL,'2013-10-01 00:00:00',NULL,NULL,NULL),(1587,'LOG/3/JS/003','PROSES AMANDEMEN KONTRAK','KS','1',NULL,'2013-10-01 00:00:00',NULL,NULL,NULL),(1588,'LOG/3/JS/008','PENGENDALIAN RECORD SHEET','KS','1',NULL,'2013-10-01 00:00:00',NULL,NULL,NULL),(1589,'LOG/3/JS/009','PEMILIHAN & PENUNJUKAN LANGSUNG REKANAN','KS','1',NULL,'2013-10-01 00:00:00',NULL,NULL,NULL),(1590,'LOG/3/KL/003','PEMINJAMAN & MONITORING BERKAS PENGADAAN BARANG','KS','1',NULL,'2013-10-01 00:00:00',NULL,NULL,NULL),(1591,'LOG/3/KL/006','DISTRIBUSI PC/PSA, JO/KONTRAK DAN APLIKASI L/C','KS','1',NULL,'2013-10-01 00:00:00',NULL,NULL,NULL),(1592,'LOG/3/KL/007','SERTIFIKAT PEMBAYARAN (T/T ) BARANG IMPOR','KS','1',NULL,'2013-10-01 00:00:00',NULL,NULL,NULL),(1593,'LOG/3/KL/009','TRIAL LABEL BARCODE','KS','1',NULL,'2013-10-01 00:00:00',NULL,NULL,NULL),(1594,'LOG/3/KL/011','VENDOR REGISTRATION','KS','1',NULL,'2013-10-01 00:00:00',NULL,NULL,NULL),(1595,'LOG/3/KL/012','KLAIM PENGADAAN BARANG DAN JASA NON PEMBANGUNAN','KS','1',NULL,'2013-10-01 00:00:00',NULL,NULL,NULL),(1596,'LOG/3/KL/013','VENDOR PERFORMANCE','KS','1',NULL,'2013-10-01 00:00:00',NULL,NULL,NULL),(1597,'LOG/3/KL/014','IMPORT MANAGEMENT','KS','1',NULL,'2013-10-01 00:00:00',NULL,NULL,NULL),(1598,'LOG/3/LB/002','PERMINTAAN JASA PEMERIKSAAN BAHAN BAKU PT KRAKATAU STEEL (Persero) OLEH INDEPENDENT INSPEKT','KS','1',NULL,'2013-10-01 00:00:00',NULL,NULL,NULL),(1599,'LOG/3/LB/003','PENGADAAN BARANG DAN JASA NON PEMBANGUNAN DENGAN E-AUCTION','KS','1',NULL,'2013-10-01 00:00:00',NULL,NULL,NULL),(1600,'LOG/3/LB/009','PENERBITAN & DISTRI.DOK.UTK.PEMERIKSAAN SCRAP IMPORT OLEH INSP.SGS','KS','1',NULL,'2013-10-01 00:00:00',NULL,NULL,NULL),(1601,'LOG/3/LP/001','STOCK LEVEL CONTROL MATERIAL NON SUKU CADANG','KS','1',NULL,'2013-10-01 00:00:00',NULL,NULL,NULL),(1602,'LOG/3/LP/004','HARGA PERKIRAAN SENDIRI/OWNERS ESTIMATE (HPS/OE)','KS','1',NULL,'2013-10-01 00:00:00',NULL,NULL,NULL),(1603,'LOG/3/LP/005','PERHITUNGAN TARIF UPAH TENAGA KERJA BORONGAN','KS','1',NULL,'2013-10-01 00:00:00',NULL,NULL,NULL),(1604,'LOG/3/LP/006','PEMBUATAN SDP (SERVICE DESCRIPTION PATTERN)','KS','1',NULL,'2013-10-01 00:00:00',NULL,NULL,NULL),(1605,'LOG/3/LP/007','PENYUSUNAN HARGA SATUAN DASAR (HSD)','KS','1',NULL,'2013-10-01 00:00:00',NULL,NULL,NULL),(1606,'LOG/3/LP/008','PEMBUATAN LAPORAN HSIL PEKERJAAN PADA PROSES WO KODE 2 (PROSES LUAR)','KS','1',NULL,'2013-10-01 00:00:00',NULL,NULL,NULL),(1607,'LOG/3/LP/009','PERENCANAAN DAN PENGENDALIAN PENGADAAN MATERIAL NSC','KS','1',NULL,'2013-10-01 00:00:00',NULL,NULL,NULL),(1608,'LOG/3/LP/010','PENYUSUNAN BESTEK TEKNIK','KS','1',NULL,'2013-10-01 00:00:00',NULL,NULL,NULL),(1609,'LOG/3/LP/011','PENYUSUNAN TERM OF REFERENCE (TOR)','KS','1',NULL,'2013-10-01 00:00:00',NULL,NULL,NULL),(1610,'LOG/3/LP/012','PENYUSUSNAN PURCHASE REQUESITION (PR)','KS','1',NULL,'2013-10-01 00:00:00',NULL,NULL,NULL),(1611,'LOG/3/LP/014','TOLLING ALUMINIUM INGOT EX SCAP NON FERROUS (ALUMINIUM)','KS','1',NULL,'2013-10-01 00:00:00',NULL,NULL,NULL),(1612,'LOG/3/LP/015','PENYUSUNAN PURCHASE REQUISITION (PR) JASA NON PERAWATAN PABRIK','KS','1',NULL,'2013-10-01 00:00:00',NULL,NULL,NULL),(1613,'LOG/3/LP/016','PENYUSUNAN ENGINEERING ESTIMATE (EE)  JASA NON PERAWATAN PABRIK','KS','1',NULL,'2013-10-01 00:00:00',NULL,NULL,NULL),(1614,'LOG/3/LP/017','PENYUSUNAN TERM OF REFERENCE','KS','1',NULL,'2013-10-01 00:00:00',NULL,NULL,NULL),(1615,'LOG/3/LR/002','IMPOR SLAB & BILLET','KS','1',NULL,'2013-10-01 00:00:00',NULL,NULL,NULL),(1616,'LOG/3/LR/003','PENGADAAN BARANG NON SUKU CADANG DENGAN JUST IN TIME DAN KONSINYASI','KS','1',NULL,'2013-10-01 00:00:00',NULL,NULL,NULL),(1617,'LOG/3/LR/004','ANALISA HARGA PENGADAAN (BAHAN BAKU UTAMA, SEMIFINISH & FINISH PRODUCT) DAN ANGKUTAN IOP','KS','1',NULL,'2013-10-01 00:00:00',NULL,NULL,NULL),(1618,'LOG/3/PC/012','PEMBELIAN BARANG NON SUKU CADANG KONTRAK JANGKA PANJANG','KS','1',NULL,'2013-10-01 00:00:00',NULL,NULL,NULL),(1619,'LOG/3/RC/001','PENERBITAN SPARE MASTER FILE MUTATION (SMFM)','KS','1',NULL,'2013-10-01 00:00:00',NULL,NULL,NULL),(1620,'LOG/3/RC/002','PENERBITAN PURCHASE REQUISITION','KS','1',NULL,'2013-10-01 00:00:00',NULL,NULL,NULL),(1621,'LOG/3/RC/006','PENERBITAN VARIATION PURCHASE REQUESTATION (PR)/PURCHASE COTRACT (PC)','KS','1',NULL,'2013-10-01 00:00:00',NULL,NULL,NULL),(1622,'LOG/3/RC/010','PENERBITAN LEMBAR BATAL PURCHASE REQUESTATION (PR)','KS','1',NULL,'2013-10-01 00:00:00',NULL,NULL,NULL),(1623,'LOG/3/RC/020','PENERBITAN LEMBAR PENERBITAN PURCHASE REQUESTATION INSURANCE','KS','1',NULL,'2013-10-01 00:00:00',NULL,NULL,NULL),(1624,'LOG/3/RC/021','PENGENDALIAN RECORD SHEET SUKU CADANG','KS','1',NULL,'2013-10-01 00:00:00',NULL,NULL,NULL),(1625,'LOG/3/RC/025','PENGADAAN SUKU CADANG MELALUI WORK SHOP DALAM NEGERI (WSDN)','KS','1',NULL,'2013-10-01 00:00:00',NULL,NULL,NULL),(1626,'LOG/3/SP/004','PEMBELIAN BARANG LANGSUNG','KS','1',NULL,'2013-10-01 00:00:00',NULL,NULL,NULL),(1627,'LOG/3/WH/001','PENEMPATAN BARANG NON SUKU CADANG','KS','1',NULL,'2013-10-01 00:00:00',NULL,NULL,NULL),(1628,'LOG/3/WH/002','PENYERAHAN BAHAN KIMIA','KS','1',NULL,'2013-10-01 00:00:00',NULL,NULL,NULL),(1629,'LOG/3/WH/003','PENANGANAN TUMPAHAN BAHAN BERBAHAYA DAN BERACUN','KS','1',NULL,'2013-10-01 00:00:00',NULL,NULL,NULL),(1630,'LOG/3/WH/004','PERAWATAN BARANG SUKU CADANG','KS','1',NULL,'2013-10-01 00:00:00',NULL,NULL,NULL),(1631,'LOG/3/WH/008','PELAYANAN DAN PENGIRIMAN BARANG SUKU CADANG/NON SUKU CADANG','KS','1',NULL,'2013-10-01 00:00:00',NULL,NULL,NULL),(1632,'LOG/3/WH/009','PENYIMPANAN BARANG SUKU CADANG','KS','1',NULL,'2013-10-01 00:00:00',NULL,NULL,NULL),(1633,'LOG/3/WH/010','PENANGANAN BARANG DEAD STOCK','KS','1',NULL,'2013-10-01 00:00:00',NULL,NULL,NULL),(1634,'LOG/3/WH/011','PERHITUNGAN PEMERIKSAAN BARANG DENGAN SISTEM RANDOM','KS','1',NULL,'2013-10-01 00:00:00',NULL,NULL,NULL),(1635,'LOG/3/WH/012','PENERIMAAN DAN PENEMPATAN BAHAN BAKU STEEL SCRAP LOKAL CURAG DAN BUNDEL','KS','1',NULL,'2013-10-01 00:00:00',NULL,NULL,NULL),(1636,'LOG/3/WH/013','PELEPASAN DAN PEMINJAMAN BRG ANTARA PT.KS DAN GROUP','KS','1',NULL,'2013-10-01 00:00:00',NULL,NULL,NULL),(1637,'LOG/3/WH/014','AREA TERBATAS WAREHOUSING MANAGEMENT','KS','1',NULL,'2013-10-01 00:00:00',NULL,NULL,NULL),(1638,'LOG/3/WH/031','PENGENDALIAN STOCK FISIK BARANG SUKU CADANG DAN NON SUKU CADANG','KS','1',NULL,'2013-10-01 00:00:00',NULL,NULL,NULL),(1639,'LOG/3/WH/052','FORM STANDARD PEMERIKSAAN BARANG (STANDARD TEXT PADA SAP)','KS','1',NULL,'2013-10-01 00:00:00',NULL,NULL,NULL),(1640,'LOG/3/WH/053','SISTEM KALIBRASI ALAT UKUR','KS','1',NULL,'2013-10-01 00:00:00',NULL,NULL,NULL),(1641,'LOG/3/WH/055','PENERIMAAN, PEMERIKSAAN, TRANSFER DAN PENGELUARAN BARANG','KS','1',NULL,'2013-10-01 00:00:00',NULL,NULL,NULL),(1642,'MKT/3/GM/001','PENERIMAAN KONSUMEN BARU DOMISTIK','KS','1',NULL,'2013-10-01 00:00:00',NULL,NULL,NULL),(1643,'MKT/3/IP/001','MEMBUAT LAPORAN MINGGUAN','KS','1',NULL,'2013-10-01 00:00:00',NULL,NULL,NULL),(1644,'MKT/3/IP/002','MEMBUAT LAP. EVALUASI & RENCANA KERJA DIR. PEMASARAN (LAP. BULANAN)','KS','1',NULL,'2013-10-01 00:00:00',NULL,NULL,NULL),(1645,'MKT/3/IP/004','SISTEM PELAYANAN INFORMASI PASAR','KS','1',NULL,'2013-10-01 00:00:00',NULL,NULL,NULL),(1646,'MKT/3/IP/005','PENUTUPAN ORDER','KS','1',NULL,'2013-10-01 00:00:00',NULL,NULL,NULL),(1647,'MKT/3/IP/006','PELAYANAN PERMINTAAN INFORMASI PENJUALAN','KS','1',NULL,'2013-10-01 00:00:00',NULL,NULL,NULL),(1648,'MKT/3/IP/007','PENYIAPAN INFORMASI TRANSAKSI PENJUALAN','KS','1',NULL,'2013-10-01 00:00:00',NULL,NULL,NULL),(1649,'MKT/3/MD/002','PENELITIAN PASAR','KS','1',NULL,'2013-10-01 00:00:00',NULL,NULL,NULL),(1650,'MKT/3/MD/003','PENYELIDIKAN PASAR','KS','1',NULL,'2013-10-01 00:00:00',NULL,NULL,NULL),(1651,'MKT/3/MD/004','TRIAL ORDER','KS','1',NULL,'2013-10-01 00:00:00',NULL,NULL,NULL),(1652,'MKT/3/S2/001','TOLLING H-BEAM','KS','1',NULL,'2013-10-01 00:00:00',NULL,NULL,NULL),(1653,'MKT/3/S4/001','PERENCANAAN PENGAPALAN DAN OPERASI PENGAPALAN EKSPOR','KS','1',NULL,'2013-10-01 00:00:00',NULL,NULL,NULL),(1654,'MKT/3/S4/002','PENETAPAN HARGA JUAL EKSPOR DAN APLIKASINYA','KS','1',NULL,'2013-10-01 00:00:00',NULL,NULL,NULL),(1655,'MKT/3/S4/003','PERENCANAAN DAN PENGADAAN JASA ANGKUTAN CARGO EKSPOR','KS','1',NULL,'2013-10-01 00:00:00',NULL,NULL,NULL),(1656,'MKT/3/S7/001','PENJUALAN NON FERROUS','KS','1',NULL,'2013-10-01 00:00:00',NULL,NULL,NULL),(1657,'MKT/3/S7/002','PENJUALAN BAJA TULANGAN','KS','1',NULL,'2013-10-01 00:00:00',NULL,NULL,NULL),(1658,'MKT/3/S8/004','ANALISIS PROFIT & LOSS','KS','1',NULL,'2013-10-01 00:00:00',NULL,NULL,NULL),(1659,'MKT/3/S8/006','PENETAPAN HARGA JUAL PRODUK UTAMA','KS','1',NULL,'2013-10-01 00:00:00',NULL,NULL,NULL),(1660,'MKT/3/S9/003','WORK INSTRUCTION ANTI DUMPING','KS','1',NULL,'2013-10-01 00:00:00',NULL,NULL,NULL),(1661,'MKT/3/S9/004','WORK INSTRUCTION TUDUHAN DUMPING','KS','1',NULL,'2013-10-01 00:00:00',NULL,NULL,NULL),(1662,'MKT/3/S9/005','WORK INSTRUCTION, PENYUSUNAN LAPORAN BULANAN','KS','1',NULL,'2013-10-01 00:00:00',NULL,NULL,NULL),(1663,'MKT/3/S9/006','WORK INSTRUCTION, PENYUSUNAN LAPORAN INTERNASIONAL','KS','1',NULL,'2013-10-01 00:00:00',NULL,NULL,NULL),(1664,'MKT/3/S9/007','WORK INSTRUCTION, PENYUSUNAN LAPORAN KWARTALAN','KS','1',NULL,'2013-10-01 00:00:00',NULL,NULL,NULL),(1665,'MKT/3/S9/008','PENETRASI PASAR','KS','1',NULL,'2013-10-01 00:00:00',NULL,NULL,NULL),(1666,'MKT/3/SO/001','PENANGANAN INQUIRY','KS','1',NULL,'2013-10-01 00:00:00',NULL,NULL,NULL),(1667,'MKT/3/SO/002','PENYIAPAN SALES CONTRACT DAN SURAT PERJANJIAN JUAL BELI','KS','1',NULL,'2013-10-01 00:00:00',NULL,NULL,NULL),(1668,'MKT/3/SO/003','PENYIAPAN DAN TRANSFER ORDER SHEET','KS','1',NULL,'2013-10-01 00:00:00',NULL,NULL,NULL),(1669,'MKT/3/SO/004','PENANGANAN KLAIM / KOMPLAIN NON TEKNIS','KS','1',NULL,'2013-10-01 00:00:00',NULL,NULL,NULL),(1670,'MKT/3/SO/005','PENYUSUNAN SALES PLAN','KS','1',NULL,'2013-10-01 00:00:00',NULL,NULL,NULL),(1671,'MKT/3/SO/006','PENANGANAN DAN PENYELESAIAN PRODUK EKS KLAIM','KS','1',NULL,'2013-10-01 00:00:00',NULL,NULL,NULL),(1672,'MKT/3/SO/007','PERUBAAHAN ORDER','KS','1',NULL,'2013-10-01 00:00:00',NULL,NULL,NULL),(1673,'MKT/3/SO/008','PENJUALAN BUFFER STOCK DAN READY STOCK','KS','1',NULL,'2013-10-01 00:00:00',NULL,NULL,NULL),(1674,'MKT/3/SO/009','OPTIMALISASI BABY COIL COLD ROLLED STEEL','KS','1',NULL,'2013-10-01 00:00:00',NULL,NULL,NULL),(1675,'MKT/3/ST/003','PENJUALAN PRODUK UNTUK SEKTOR PROYEK DAN RETAIL','KS','1',NULL,'2013-10-01 00:00:00',NULL,NULL,NULL),(1676,'MKT/3/ST/004','PENERIMA DAN PENEMPATAN PLATE/SHEET GUDANG SURABAYA','KS','1',NULL,'2013-10-01 00:00:00',NULL,NULL,NULL),(1677,'MKT/3/ST/005','PENGIRIMAN PLATE / SHEET KE KONSUMEN','KS','1',NULL,'2013-10-01 00:00:00',NULL,NULL,NULL),(1678,'MKT/3/SY/001','PENANGANAN DAN PELAYANAN BAHAN BAKU INDUSTRI KECIL','KS','1',NULL,'2013-10-01 00:00:00',NULL,NULL,NULL),(1679,'MKT/3/TS/001','PENANGANAN KLAIM / KOMPLAIN TEKNIS','KS','1',NULL,'2013-10-01 00:00:00',NULL,NULL,NULL),(1680,'MKT-P01','PEDOMAN PELAKSANAAN OPERASIONAL KANTOR CABANG PT KRAKATAU STEEL DI KOTA BATAM PROP KEP.RIAU','KS','1',NULL,'2013-10-01 00:00:00',NULL,NULL,NULL),(1681,'MKT-P02','PEDOMAN PELAKSANAAN OPERASIONAL KANTOR CABANG PENJUALAN PT.KRAKATAU STEEL (PERSERO) DI KOTA','KS','1',NULL,'2013-10-01 00:00:00',NULL,NULL,NULL),(1682,'MKT-P03','PEDOMAN SISTEM PENJUALAN DENGAN MENYEDIAKAN STOCK PRODUK DI LOKASI/GUDANG KONSUMEN','KS','1',NULL,'2013-10-01 00:00:00',NULL,NULL,NULL),(1683,'MP0/4/1/01','PROSEDUR KEMANDIRIAN DAN INTEGRITAS PERSONIL','KS','1',NULL,'2013-10-01 00:00:00',NULL,NULL,NULL),(1684,'MP0/4/10/01','PROSEDUR PENINGKATAN','KS','1',NULL,'2013-10-01 00:00:00',NULL,NULL,NULL),(1685,'MP0/4/11/01','PROSEDUR TINDAKAN PERBAIKAN','KS','1',NULL,'2013-10-01 00:00:00',NULL,NULL,NULL),(1686,'MP0/4/12/01','PROSEDUR TINDAKAN PENCEGAHAN','KS','1',NULL,'2013-10-01 00:00:00',NULL,NULL,NULL),(1687,'MP0/4/14/01','PROSEDUR AUDIT INTERNAL','KS','1',NULL,'2013-10-01 00:00:00',NULL,NULL,NULL),(1688,'MP0/4/15/01','PROSEDUR KAJI ULANG MANAJEMEN','KS','1',NULL,'2013-10-01 00:00:00',NULL,NULL,NULL),(1689,'MP0/4/3/01','PROSEDUR PENGENDALIAN DOKUMEN','KS','1',NULL,'2013-10-01 00:00:00',NULL,NULL,NULL),(1690,'MP0/5/2/01','PROSEDUR PELATIHAN LABORATORIUM','KS','1',NULL,'2013-10-01 00:00:00',NULL,NULL,NULL),(1691,'MP1/4/13/01','PROSEDUR PENGENDALIAN REKAMAN','KS','1',NULL,'2013-10-01 00:00:00',NULL,NULL,NULL),(1692,'MP1/4/4/01','PROSEDUR PENERIMAAN ORDER PENGUJIAN DI LABORATORIUM UJI','KS','1',NULL,'2013-10-01 00:00:00',NULL,NULL,NULL),(1693,'MP1/4/7/01','PROSEDUR AKSES PELANGGAN MENYAKSIKAN PENGUJIAN DI LABORATORIUM PENGUJIAN KIMIA & MEKANIK','KS','1',NULL,'2013-10-01 00:00:00',NULL,NULL,NULL),(1694,'MP1/4/7/02','PROSEDUR PENGUKURAN KEPUASAN PELANGGAN','KS','1',NULL,'2013-10-01 00:00:00',NULL,NULL,NULL),(1695,'MP1/4/8/01','PROSEDUR PENANGANAN KELUHAN PELANGGAN DI LABORATORIUM PENGUJI','KS','1',NULL,'2013-10-01 00:00:00',NULL,NULL,NULL),(1696,'MP1/4/9/01','PROSEDUR PENGENDALIAN PEKERJAAN PENGUJIAN YANG TIDAK SESUAI DI LABORATORIUM PENGUJIAN ','KS','1',NULL,'2013-10-01 00:00:00',NULL,NULL,NULL),(1697,'MP1/5/10/01','PROSEDUR PENGENDALIAN KEAMANAN DATA ELEKTRONIK DAN KERAHASIAAN DATA PELANGGAN DI LAB. PENGU','KS','1',NULL,'2013-10-01 00:00:00',NULL,NULL,NULL),(1698,'MP1/5/10/02','PROSEDUR PELAPORAN HASIL PENGUJIAN DI LABORATORIUM PENGUJIAN KIMIA & MEKANIK','KS','1',NULL,'2013-10-01 00:00:00',NULL,NULL,NULL),(1699,'MP1/5/3/01','PROSEDUR PEMANTAUAN KONDISI LINGKUNGAN','KS','1',NULL,'2013-10-01 00:00:00',NULL,NULL,NULL),(1700,'MP1/5/4/02','PROSEDUR PELAKSANAAN PENGJIAN','KS','1',NULL,'2013-10-01 00:00:00',NULL,NULL,NULL),(1701,'MP1/5/4/03','PROSEDUR ESTIMASI KETIDAKPASTIAN PENGUJIAN','KS','1',NULL,'2013-10-01 00:00:00',NULL,NULL,NULL),(1702,'MP1/5/5/01','PROSEDUR PENGENDALIAN MUTU ALAT PENGUJI','KS','1',NULL,'2013-10-01 00:00:00',NULL,NULL,NULL),(1703,'MP1/5/5/02','PROSEDUR PERAWATAN ALAT PENGUJIAN DI LABORATORIUM PENGUJIAN','KS','1',NULL,'2013-10-01 00:00:00',NULL,NULL,NULL),(1704,'MP1/5/7/01','PROSEDUR PENGAMBILAN CONTOH UJI LAB UJI KIMIA & MEKANIK','KS','1',NULL,'2013-10-01 00:00:00',NULL,NULL,NULL),(1705,'MP1/5/8/01','PROSEDUR PENANGANAN CONTOH PENGUJIAN MILIK PELANGGAN','KS','1',NULL,'2013-10-01 00:00:00',NULL,NULL,NULL),(1706,'MP1/5/9/01','PROSEDUR PENGENDALIAN MUTU HASIL PENGUJIAN DI LABORATORIUM PENGUJIAN','KS','1',NULL,'2013-10-01 00:00:00',NULL,NULL,NULL),(1707,'MP2/4/13/01','PROSEDUR PENGENDALIAN REKAMAN','KS','1',NULL,'2013-10-01 00:00:00',NULL,NULL,NULL),(1708,'MP2/4/4/01','PROSEDUR PENERIMAAN ORDER, TENDER & KONTRAK','KS','1',NULL,'2013-10-01 00:00:00',NULL,NULL,NULL),(1709,'MP2/4/5/01','PROSEDUR SUBKONTRAK KALIBRASI','KS','1',NULL,'2013-10-01 00:00:00',NULL,NULL,NULL),(1710,'MP2/4/6/01','PENGADAAN MATERIAL /BARANG LABORATORIUM KALIBRASI','KS','1',NULL,'2013-10-01 00:00:00',NULL,NULL,NULL),(1711,'MP2/4/7/01','PROSEDUR AKSES PELANGGAN MENYAKSIKAN KALIBRASI LABORATORIUM KALIBRASI','KS','1',NULL,'2013-10-01 00:00:00',NULL,NULL,NULL),(1712,'MP2/4/7/02','PROSEDUR PENGUKURAN KEPUASAN PELANGGAN LABORATORIUM KALIBRASI','KS','1',NULL,'2013-10-01 00:00:00',NULL,NULL,NULL),(1713,'MP2/4/8/01','PENANGANAN KELUHAN PELANGGAN LABORATORIUM KALIBRASI','KS','1',NULL,'2013-10-01 00:00:00',NULL,NULL,NULL),(1714,'MP2/4/9/01','PROSEDUR PENGENDALIAN PEKERJAAN KALIBRASI YANG TIDAK SESUAI LABORATORIUM KALIBRASI','KS','1',NULL,'2013-10-01 00:00:00',NULL,NULL,NULL),(1715,'MP2/5/10/01','PROSEDUR PENGENDALIAN KEAMANAN DATA ELEKTRONIK DAN KERAHASIAAN DATA PELANGGAN','KS','1',NULL,'2013-10-01 00:00:00',NULL,NULL,NULL),(1716,'MP2/5/10/02','PROSEDUR PEMBUATAN SERTIFIKAT KALIBRASI LABORATORIUM KALIBRASI','KS','1',NULL,'2013-10-01 00:00:00',NULL,NULL,NULL),(1717,'MP2/5/3/01','PROSEDUR PENGENDALIAN AKOMODASI & KONDISI LINGK. KERJA LAB. KALIBRASI','KS','1',NULL,'2013-10-01 00:00:00',NULL,NULL,NULL),(1718,'MP2/5/4/01','PENGENDALIAN DESAIN METODA KALIBRASI LABORATORIUM KALIBRASI','KS','1',NULL,'2013-10-01 00:00:00',NULL,NULL,NULL),(1719,'MP2/5/4/02','PELAKSANAAN KALIBRASI LABORATORIUM KALIBRASI','KS','1',NULL,'2013-10-01 00:00:00',NULL,NULL,NULL),(1720,'MP2/5/4/03','ESTIMASI KETIDAKPASTIAN PENGUKURAN','KS','1',NULL,'2013-10-01 00:00:00',NULL,NULL,NULL),(1721,'MP2/5/5/02','PERAWATAN ALAT KALIBRASI LOBORATORIUM KALIBRASI','KS','1',NULL,'2013-10-01 00:00:00',NULL,NULL,NULL),(1722,'MP2/5/6/01','PROSEDUR KALIBRASI EKSTERNAL UNTUK KALIBRATOR, ALAT UKUR/INSPEKSI, ALAT UJI DAN INSTRUMEN A','KS','1',NULL,'2013-10-01 00:00:00',NULL,NULL,NULL),(1723,'MP2/5/8/01','PROSEDUR PENANGANAN BARANG YANG DIKALIBRASI','KS','1',NULL,'2013-10-01 00:00:00',NULL,NULL,NULL),(1724,'MP2/5/9/01','PROSEDUR JAMINAN MUTU HASIL KALIBRASI','KS','1',NULL,'2013-10-01 00:00:00',NULL,NULL,NULL),(1725,'MP3/4/13/01','PROSEDUR PENGENDALIAN REKAMAN MUTU PENGUJIAN','KS','1',NULL,'2013-10-01 00:00:00',NULL,NULL,NULL),(1726,'MP3/4/4/01','PROSEDUR PENERIMAAN ORDER PENGUJIAN','KS','1',NULL,'2013-10-01 00:00:00',NULL,NULL,NULL),(1727,'MP3/4/5/01','PROSEDUR INDENTIFIKASI DAN EVALUASI SUB.KONTRAKTOR','KS','1',NULL,'2013-10-01 00:00:00',NULL,NULL,NULL),(1728,'MP3/4/7/01','AKSES PELANGGAN MENYAKSIKAN PENGUJIAN ','KS','1',NULL,'2013-10-01 00:00:00',NULL,NULL,NULL),(1729,'MP3/4/7/02','PROSEDUR PENGUKURAN KEPUASAN PELANGGAN','KS','1',NULL,'2013-10-01 00:00:00',NULL,NULL,NULL),(1730,'MP3/4/8/01','PROSEDUR KELUHAN PELANGGAN','KS','1',NULL,'2013-10-01 00:00:00',NULL,NULL,NULL),(1731,'MP3/4/9/01','PROSEDUR PEKERJAAN HASIL UJI TIDAK SESUAI','KS','1',NULL,'2013-10-01 00:00:00',NULL,NULL,NULL),(1732,'MP3/5/10/01','PROSEDUR KERAHASHAN DATA PELANGGAN','KS','1',NULL,'2013-10-01 00:00:00',NULL,NULL,NULL),(1733,'MP3/5/10/02','PEMBUATAN SERTIFIKAT HASIL UJI','KS','1',NULL,'2013-10-01 00:00:00',NULL,NULL,NULL),(1734,'MP3/5/3/01','PROSEDUR IDENTIFIKASI FASILITAS & LINGKUNGAN ','KS','1',NULL,'2013-10-01 00:00:00',NULL,NULL,NULL),(1735,'MP3/5/4/02','PROSEDUR PELAKSANAAN PENGUJIAN CAIRAN, GAS & PADATAN LABORATORIUM LINGKUNGAN','KS','1',NULL,'2013-10-01 00:00:00',NULL,NULL,NULL),(1736,'MP3/5/4/03','PROSEDUR ESTIMASI KETIDAKPASTIAN PENGUJIAN','KS','1',NULL,'2013-10-01 00:00:00',NULL,NULL,NULL),(1737,'MP3/5/5/01','PROSEDUR PERAWATAN & KALIBRASI ALAT UJI LAB. LINGKUNGAN','KS','1',NULL,'2013-10-01 00:00:00',NULL,NULL,NULL),(1738,'MP3/5/7/01','PROSEDUR PENGAMBILAN SAMPEL','KS','1',NULL,'2013-10-01 00:00:00',NULL,NULL,NULL),(1739,'MP3/5/8/01','PROSEDUR PENANGANAN SAMPLE UJI LABORATORIUM LINGKUNGAN','KS','1',NULL,'2013-10-01 00:00:00',NULL,NULL,NULL),(1740,'MP3/5/9/01','PROSEDUR PENGENDALIAN MUTU HASIL UJI LAB.LINGKUNGAN','KS','1',NULL,'2013-10-01 00:00:00',NULL,NULL,NULL),(1741,'MRI-01','PENGUKURAN KINERJA BISNIS DAN LINGKUNGAN PERUSAHAAN','KS','1',NULL,'2013-10-01 00:00:00',NULL,NULL,NULL),(1742,'MRI-02','PROSEDUR AUDIT INTERNAL','KS','1',NULL,'2013-10-01 00:00:00',NULL,NULL,NULL),(1743,'MRI-03','PROSEDUR TINDAKAN PERBAIKAN DAN PENCEGAHAN','KS','1',NULL,'2013-10-01 00:00:00',NULL,NULL,NULL),(1744,'MRI-04','TINJAUAN MANAJEMEN','KS','1',NULL,'2013-10-01 00:00:00',NULL,NULL,NULL),(1745,'MRI-05','PENGENDALIAN DOKUMEN','KS','1',NULL,'2013-10-01 00:00:00',NULL,NULL,NULL),(1746,'MRI-06','PROSEDUR PENGENDALIAN RECORD','KS','1',NULL,'2013-10-01 00:00:00',NULL,NULL,NULL),(1747,'PAI/3/BD/003','LAPORAN KE BKPMD','KS','1',NULL,'2013-10-01 00:00:00',NULL,NULL,NULL),(1748,'PAI/3/BD/005','INVESTMENT PROJECT PRE/POST CONTRACT REVIEW','KS','1',NULL,'2013-10-01 00:00:00',NULL,NULL,NULL),(1749,'PAI/3/PC/001','KOMPUTERISASI PENGENDALIAN PROSES','KS','1',NULL,'2013-10-01 00:00:00',NULL,NULL,NULL),(1750,'PBR-01','PERENCANAAN DAN PERSIAPAN PENGADAAN BARANG','KS','1',NULL,'2013-10-01 00:00:00',NULL,NULL,NULL),(1751,'PBR-02','PROSEDUR PENGADAAN BARANG','KS','1',NULL,'2013-10-01 00:00:00',NULL,NULL,NULL),(1752,'PBR-03','PENERIMAAN,PEMERIKSAAN BARANG & KLAIM','KS','1',NULL,'2013-10-01 00:00:00',NULL,NULL,NULL),(1753,'PBR-04','PENYIMPANAN DAN PELAYANAN BARANG','KS','1',NULL,'2013-10-01 00:00:00',NULL,NULL,NULL),(1754,'PBR-05','PENGELOLAAN REKANAN BARANG DAN JASA NON PEMBANGUNAN','KS','1',NULL,'2013-10-01 00:00:00',NULL,NULL,NULL),(1755,'PER/3/BLK/001','PEMBERIAN BANTUAN BERUPA DANA','KS','1',NULL,'2013-10-01 00:00:00',NULL,NULL,NULL),(1756,'PER/3/BLK/002','PEMBERIAN BANTUAN BERUPA FISIK','KS','1',NULL,'2013-10-01 00:00:00',NULL,NULL,NULL),(1757,'PER/3/BLK/003','PEMBERIAN BANTUAN DANA BEA SISWA DHUAFA','KS','1',NULL,'2013-10-01 00:00:00',NULL,NULL,NULL),(1758,'PER/3/BLK/004','PEMBINAAN DAN SILATURAHMI','KS','1',NULL,'2013-10-01 00:00:00',NULL,NULL,NULL),(1759,'PER/3/BLK/005','PENYALURAN BANTUAN PROGRAM BINA LINGKUNGAN','KS','1',NULL,'2013-10-01 00:00:00',NULL,NULL,NULL),(1760,'PER/3/DU/001','IMPLEMENTASI DAN EVALUASI BUDAYA PERUSAHAAN','KS','1',NULL,'2013-10-01 00:00:00',NULL,NULL,NULL),(1761,'PER/3/KD/001','PEMBERIAN PAS MASUK KENDARAAN','KS','1',NULL,'2013-10-01 00:00:00',NULL,NULL,NULL),(1762,'PER/3/KD/002','TINDAKAN PERTAMA PADA TEMPAT KEJADIAN PERKARA','KS','1',NULL,'2013-10-01 00:00:00',NULL,NULL,NULL),(1763,'PER/3/KD/003','PEMERIKSAAN DOKUMEN DI POS PENJAGAAN PLANT SITE PT. KRAKATAU STEEL','KS','1',NULL,'2013-10-01 00:00:00',NULL,NULL,NULL),(1764,'PER/3/KD/004','PELAKSANAAN PATROLI','KS','1',NULL,'2013-10-01 00:00:00',NULL,NULL,NULL),(1765,'PER/3/KD/005','PENANGANAN KASUS','KS','1',NULL,'2013-10-01 00:00:00',NULL,NULL,NULL),(1766,'PER/3/KD/007','PENANGANAN BARANG BUKTI','KS','1',NULL,'2013-10-01 00:00:00',NULL,NULL,NULL),(1767,'PER/3/KD/008','PENANGANAN UNJUK RASA ITERNAL PT.KRAKATAU STEEL','KS','1',NULL,'2013-10-01 00:00:00',NULL,NULL,NULL),(1768,'PER/3/KD/009','PENANGANAN UNJUK RASA EKSTERNAL DI PT. KRAKATAU STEEL','KS','1',NULL,'2013-10-01 00:00:00',NULL,NULL,NULL),(1769,'PER/3/KD/010','IDENTIFIKASI POTENSI KEADAAN DARURAT','KS','1',NULL,'2013-10-01 00:00:00',NULL,NULL,NULL),(1770,'PER/3/KD/011','PENANGGULANGAN KEADAAN DARURAT','KS','1',NULL,'2013-10-01 00:00:00',NULL,NULL,NULL),(1771,'PER/3/KD/012','PENGGUNAAN PERALATAN SAR','KS','1',NULL,'2013-10-01 00:00:00',NULL,NULL,NULL),(1772,'PER/3/KD/013','PEMERIKSAAN PERSONIL DAN TAMU MASUK / KELUAR AREA PLANT SITE & GEDUNG PERKANTORAN','KS','1',NULL,'2013-10-01 00:00:00',NULL,NULL,NULL),(1773,'PER/3/KD/014','OPERASIONAL DAN PERAWATAN TSUNAMI EARLY WARNING','KS','1',NULL,'2013-10-01 00:00:00',NULL,NULL,NULL),(1774,'PER/3/KD/015','PELAYANAN TAMU KE AREA PLANT SITE','KS','1',NULL,'2013-10-01 00:00:00',NULL,NULL,NULL),(1775,'PER/3/LT/001','INPUT DATA DI SAP R3 UNTUK PENYELESAIAN GAP KOMPETENSI HARD','KS','1',NULL,'2013-10-01 00:00:00',NULL,NULL,NULL),(1776,'PER/3/LT/002','TALENT MANAGEMENT','KS','1',NULL,'2013-10-01 00:00:00',NULL,NULL,NULL),(1777,'PER/3/PI/002','WI, PEMBERIAN PENGHARGAAN MUTU','KS','1',NULL,'2013-10-01 00:00:00',NULL,NULL,NULL),(1778,'PER/3/PI/003','WI PENELITIAN SDM','KS','1',NULL,'2013-10-01 00:00:00',NULL,NULL,NULL),(1779,'PER/3/PI/004','PERSONEL ASSESSMENT','KS','1',NULL,'2013-10-01 00:00:00',NULL,NULL,NULL),(1780,'PER/3/PI/005','WORK INSTRUCTION  PETUNJUK PELAKSANAAN 5 R','KS','1',NULL,'2013-10-01 00:00:00',NULL,NULL,NULL),(1781,'PER/3/PI/008','WORK INSTRUCTION PETUNJUK PELAKSANAAN KONVENSI TINGKAT PERUSAHAAN','KS','1',NULL,'2013-10-01 00:00:00',NULL,NULL,NULL),(1782,'PER/3/PI/011','WORK INSTRUKTION PETUNJUK PELAKSANAAN GUGUS KENDALI MUTU','KS','1',NULL,'2013-10-01 00:00:00',NULL,NULL,NULL),(1783,'PER/3/PI/015','Penyusunan Katalog Kompetensi','KS','1',NULL,'2013-10-01 00:00:00',NULL,NULL,NULL),(1784,'PER/3/PI/017','PROGRAM BEA SISWA','KS','1',NULL,'2013-10-01 00:00:00',NULL,NULL,NULL),(1785,'PER/3/PI/018','INTERNAL EXPERT ASSESSMENT (IEA)','KS','1',NULL,'2013-10-01 00:00:00',NULL,NULL,NULL),(1786,'PER/3/PI/019','PENYUSUNAN REKOMDASI PELATIHAN','KS','1',NULL,'2013-10-01 00:00:00',NULL,NULL,NULL),(1787,'PER/3/PI/301','PERMOHONAN INTRA-PELATIHAN','KS','1',NULL,'2013-10-01 00:00:00',NULL,NULL,NULL),(1788,'PER/3/PK/001','PELAPORAN PENCAPAIAN SASARAN KERJA UNIT','KS','1',NULL,'2013-10-01 00:00:00',NULL,NULL,NULL),(1789,'PER/3/PK/002','PENYUSUNAN & PENILAIAN SASARAN KERJA KARYAWAN DAN PENGHARGAAN KINERJA','KS','1',NULL,'2013-10-01 00:00:00',NULL,NULL,NULL),(1790,'PER/3/PK/003','PETUNJUK PELAKSANAAN QUALITY DAY','KS','1',NULL,'2013-10-01 00:00:00',NULL,NULL,NULL),(1791,'PER/3/PK/004','INSENTIF BERBASIS KINERJA','KS','1',NULL,'2013-10-01 00:00:00',NULL,NULL,NULL),(1792,'PER/3/PK/005','PENJABARAN & PENYUSUNAN SASARAN KERJA UNIT ( S / RK )','KS','1',NULL,'2013-10-01 00:00:00',NULL,NULL,NULL),(1793,'PER/3/PK/007','DISTRIBUSI POTONGAN INSENTIF KARYAWAN','KS','1',NULL,'2013-10-01 00:00:00',NULL,NULL,NULL),(1794,'PER/3/PK/008','INSENTIF PREMIUM','KS','1',NULL,'2013-10-01 00:00:00',NULL,NULL,NULL),(1795,'PER/3/PK/009','INSENTIF PROYEK','KS','1',NULL,'2013-10-01 00:00:00',NULL,NULL,NULL),(1796,'PER/3/PK/011','ASSESSMENT TIM IMPROVEMENT,INOVASI,DAN ASSESSMENT PENGHEMATAN PASCA PDCA','KS','1',NULL,'2013-10-01 00:00:00',NULL,NULL,NULL),(1797,'PER/3/PK/013','INSENTIF INOVASI DAN IMPROVEMENT','KS','1',NULL,'2013-10-01 00:00:00',NULL,NULL,NULL),(1798,'PER/3/PK/014','PEMILIHAN DAN PEMBERIAN PENGHARGAAN KARYAWAN DAN DIVISI TERBAIK','KS','1',NULL,'2013-10-01 00:00:00',NULL,NULL,NULL),(1799,'PER/3/PK/015','TINDAK LANJUT OFI & PENYUSUNAN DOKUMEN APPLICATION SUMMARY','KS','1',NULL,'2013-10-01 00:00:00',NULL,NULL,NULL),(1800,'PER/3/PK/020','PELAKSANAN IMPROVEMENT (GKM/SGA/PKM/FMM/SS)','KS','1',NULL,'2013-10-01 00:00:00',NULL,NULL,NULL),(1801,'PER/3/PK/021','PENGIRIMAN TIM IMPROVEMENT KE KONVENSI MUTU NASIONAL DAN INTERNASIONAL','KS','1',NULL,'2013-10-01 00:00:00',NULL,NULL,NULL),(1802,'PER/3/PL/001','PROSEDUR IDENTIFIKASI ASPEK DAN PENILAIAN DAMPAK LINGKUNGAN','KS','1',NULL,'2013-10-01 00:00:00',NULL,NULL,NULL),(1803,'PER/3/PL/002','PROSEDUR IDENTIFIKASI BAHAYA, PENILAIAN DAN PENGENDALIAN RISIKO','KS','1',NULL,'2013-10-01 00:00:00',NULL,NULL,NULL),(1804,'PER/3/PL/003','PEMANTAUAN LINGKUNGAN','KS','1',NULL,'2013-10-01 00:00:00',NULL,NULL,NULL),(1805,'PER/3/PL/004','KETIDAKSESUAIAN;TINDAK PERBAIKAN DAN PENCEGAHAN BIDANG K3LH','KS','1',NULL,'2013-10-01 00:00:00',NULL,NULL,NULL),(1806,'PER/3/PL/005','PENGAWASAN K.3','KS','1',NULL,'2013-10-01 00:00:00',NULL,NULL,NULL),(1807,'PER/3/PL/006','PENANGANAN KECELAKAAN KERJA','KS','1',NULL,'2013-10-01 00:00:00',NULL,NULL,NULL),(1808,'PER/3/PL/007','PENYULUHAN K3','KS','1',NULL,'2013-10-01 00:00:00',NULL,NULL,NULL),(1809,'PER/3/PL/008','PENYUSUNAN STANDAR K3','KS','1',NULL,'2013-10-01 00:00:00',NULL,NULL,NULL),(1810,'PER/3/PL/009','PENELITIAN KESELAMATAN DAN KESEHATAN KERJA ( K.3 )','KS','1',NULL,'2013-10-01 00:00:00',NULL,NULL,NULL),(1811,'PER/3/PL/010','PENYELENGGARAAN P2K3','KS','1',NULL,'2013-10-01 00:00:00',NULL,NULL,NULL),(1812,'PER/3/PL/011','PENGUJIAN ULANG / SERTIFIKASI PERALATAN / INSTALASI BERBAHAYA','KS','1',NULL,'2013-10-01 00:00:00',NULL,NULL,NULL),(1813,'PER/3/PL/012','PEMBATASAN AKSES DAERAH BERBAHAYA','KS','1',NULL,'2013-10-01 00:00:00',NULL,NULL,NULL),(1814,'PER/3/PL/013','PENGGUNAAN SISTEM PENANDAAN','KS','1',NULL,'2013-10-01 00:00:00',NULL,NULL,NULL),(1815,'PER/3/PL/014','PELAYANAN PERLENGKAPAN P2K3','KS','1',NULL,'2013-10-01 00:00:00',NULL,NULL,NULL),(1816,'PER/3/PL/015','PEMBUATAN,PENDISTRIBUSIAN DAN PEMASANGAN RAMBU / POSTER K3','KS','1',NULL,'2013-10-01 00:00:00',NULL,NULL,NULL),(1817,'PER/3/PL/016','PENGAWASAN RADIOAKTIF','KS','1',NULL,'2013-10-01 00:00:00',NULL,NULL,NULL),(1818,'PER/3/PL/017','KEDARURATAN RADIOAKTIF','KS','1',NULL,'2013-10-01 00:00:00',NULL,NULL,NULL),(1819,'PER/3/PL/018','KOMUNIKASI DAN PELAPORAN K3LH','KS','1',NULL,'2013-10-01 00:00:00',NULL,NULL,NULL),(1820,'PER/3/PL/019','PENGAWASAN KESEHATAN KARYAWAN','KS','1',NULL,'2013-10-01 00:00:00',NULL,NULL,NULL),(1821,'PER/3/PL/020','PENGUJIAN KESEHATAN','KS','1',NULL,'2013-10-01 00:00:00',NULL,NULL,NULL),(1822,'PER/3/PL/021','PEMBERIAN IZIN KERJA BERBAHAYA','KS','1',NULL,'2013-10-01 00:00:00',NULL,NULL,NULL),(1823,'PER/3/PL/022','PENANGANAN PENYAKIT HUBUNGAN KERJA','KS','1',NULL,'2013-10-01 00:00:00',NULL,NULL,NULL),(1824,'PER/3/PL/024','PENGOLAHAN LIMBAH INDUSTRI BAHAN BERBAHAYA DAN BERACUN (B3)','KS','1',NULL,'2013-10-01 00:00:00',NULL,NULL,NULL),(1825,'PER/3/PL/025','SERTIFIKASI OPERATOR/JURU LAS/AHLIK3','KS','1',NULL,'2013-10-01 00:00:00',NULL,NULL,NULL),(1826,'PER/3/PL/026','PEMBERIAN SANGSI PELANGGARAN & KESELAMATAN KESEHATAN KERJA  REKANAN','KS','1',NULL,'2013-10-01 00:00:00',NULL,NULL,NULL),(1827,'PER/3/PL/027','EVALUASI PERATURAN DAN PERUNDANGAN K3 & LINGKUNGAN HIDUP','KS','1',NULL,'2013-10-01 00:00:00',NULL,NULL,NULL),(1828,'PER/3/PL/028','PEMENUHAN PERSYARATAN K3LH UNTUK PENGADAAN JASA & BARANG','KS','1',NULL,'2013-10-01 00:00:00',NULL,NULL,NULL),(1829,'PER/3/PL/029','PENGENDALIAN RISIKO DM (KENCING MANIS)','KS','1',NULL,'2013-10-01 00:00:00',NULL,NULL,NULL),(1830,'PER/3/PO/001','PENYUSUNAN STRUKTUR ORGANISASI','KS','1',NULL,'2013-10-01 00:00:00',NULL,NULL,NULL),(1831,'PER/3/PO/004','PERMOHONAN PELATIHAN','KS','1',NULL,'2013-10-01 00:00:00',NULL,NULL,NULL),(1832,'PER/3/PO/005','PENYUSUNAN URAIAN JABATAN','KS','1',NULL,'2013-10-01 00:00:00',NULL,NULL,NULL),(1833,'PER/3/PO/006','PERHITUNGAN STANDARD KELAS JABATAN STRUKTURAL','KS','1',NULL,'2013-10-01 00:00:00',NULL,NULL,NULL),(1834,'PER/3/PO/007','EVALUASI PENYELENGGARAAN DAN EFEKTIFITAS PELATIHAN','KS','1',NULL,'2013-10-01 00:00:00',NULL,NULL,NULL),(1835,'PER/3/PO/009','PROMOSI DAN MUTASI','KS','1',NULL,'2013-10-01 00:00:00',NULL,NULL,NULL),(1836,'PER/3/PO/010','PROSES PERCERAIAN KARYAWAN PT KRAKATAU STEEL','KS','1',NULL,'2013-10-01 00:00:00',NULL,NULL,NULL),(1837,'PER/3/PO/012','EVALUASI JABATAN','KS','1',NULL,'2013-10-01 00:00:00',NULL,NULL,NULL),(1838,'PER/3/PO/013','REKRUTMEN','KS','1',NULL,'2013-10-01 00:00:00',NULL,NULL,NULL),(1839,'PER/3/PO/014','SISTEM KARIR PETUNJUK TEKNIS','KS','1',NULL,'2013-10-01 00:00:00',NULL,NULL,NULL),(1840,'PER/3/PO/015','PENINJAUAN GRADE JABATAN','KS','1',NULL,'2013-10-01 00:00:00',NULL,NULL,NULL),(1841,'PER/3/PO/016','PENGANGKATAN DIREKSI ANAK PERUSAHAAN','KS','1',NULL,'2013-10-01 00:00:00',NULL,NULL,NULL),(1842,'PER/3/PO/017','ADMINISTRASI HISTORI PENGALAMAN TUGAS/JABATAN','KS','1',NULL,'2013-10-01 00:00:00',NULL,NULL,NULL),(1843,'PER/3/PO/018','PENYUSUNAN KELOMPOK JABATAN DAN JALUR KARIR','KS','1',NULL,'2013-10-01 00:00:00',NULL,NULL,NULL),(1844,'PER/3/PO/019','EVALUASI DAN PENYETARAAN ORGANISASI TIM PROYEK','KS','1',NULL,'2013-10-01 00:00:00',NULL,NULL,NULL),(1845,'PER/3/PO/020','PENANGANAN KARYAWAN SAKIT BERKEPANJANGAN','KS','1',NULL,'2013-10-01 00:00:00',NULL,NULL,NULL),(1846,'PER/3/PO/021','WI KARYAWAN PENUGASAN','KS','1',NULL,'2013-10-01 00:00:00',NULL,NULL,NULL),(1847,'PER/3/PO/022','PENYUSUNAN KATALOG POSISI KUNCI ORGANISASI','KS','1',NULL,'2013-10-01 00:00:00',NULL,NULL,NULL),(1848,'PER/3/PO/023','PEMELIHARAAN OTORISASI PENGGUNA SISTEM SAP/ECC-6','KS','1',NULL,'2013-10-01 00:00:00',NULL,NULL,NULL),(1849,'PER/3/PO/024','PENGELOLAAN TENAGA SEKRETARIS / ADMINISTRASI OUTSOUCHING','KS','1',NULL,'2013-10-01 00:00:00',NULL,NULL,NULL),(1850,'PER/3/PO/025','PENGADAAN DAN PENGENDALIAN TENAGA KERJA PKWT','KS','1',NULL,'2013-10-01 00:00:00',NULL,NULL,NULL),(1851,'PER/3/PO/026','PROFILE JABATAN','KS','1',NULL,'2013-10-01 00:00:00',NULL,NULL,NULL),(1852,'PER/3/PO/027','HUMAN CAPITAL PLANNING','KS','1',NULL,'2013-10-01 00:00:00',NULL,NULL,NULL),(1853,'PER/3/PO/028','WORK PLACE DESIGN','KS','1',NULL,'2013-10-01 00:00:00',NULL,NULL,NULL),(1854,'PER/3/PR/003','WI, CUTI KARYAWAN','KS','1',NULL,'2013-10-01 00:00:00',NULL,NULL,NULL),(1855,'PER/3/PR/004','WI, ADMINISTRASI DATA KEKARYAWANAN','KS','1',NULL,'2013-10-01 00:00:00',NULL,NULL,NULL),(1856,'PER/3/PR/005','KOMPLAIN PEMBAYARAN GAJI/LEMBUR/INSENTIF/TUNJANGAN KARYAWAN','KS','1',NULL,'2013-10-01 00:00:00',NULL,NULL,NULL),(1857,'PER/3/PR/006','PENGURUSAN PEMBUATAN BADGE','KS','1',NULL,'2013-10-01 00:00:00',NULL,NULL,NULL),(1858,'PER/3/PR/007','PROSES PEMBUATAN KARTU BEROBAT','KS','1',NULL,'2013-10-01 00:00:00',NULL,NULL,NULL),(1859,'PER/3/PR/008','KLAIM ASURANSI KECELAKAAN KERJA','KS','1',NULL,'2013-10-01 00:00:00',NULL,NULL,NULL),(1860,'PER/3/PR/009','PERHITUNGAN DAN PEMBAYARAN KOMPENSASI ','KS','1',NULL,'2013-10-01 00:00:00',NULL,NULL,NULL),(1861,'PER/3/PR/010','PENGAJUAN DAN PROSES SURAT PERJALANAN DINAS','KS','1',NULL,'2013-10-01 00:00:00',NULL,NULL,NULL),(1862,'PER/3/PR/011','PROSES SELEKSI PENGELOLA TKK & PPIP (PROG.PENSIUN IUARAN PASTI)PT.KS','KS','1',NULL,'2013-10-01 00:00:00',NULL,NULL,NULL),(1863,'PER/3/PR/012','BANTUAN & PELAYANAN DUKA CITA','KS','1',NULL,'2013-10-01 00:00:00',NULL,NULL,NULL),(1864,'PER/3/PR/013','PENETAPAN DAN PENGGUNAAN STANDAR OBAT RAWAT JALAN','KS','1',NULL,'2013-10-01 00:00:00',NULL,NULL,NULL),(1865,'PER/3/PR/014','REIMBURSMENT','KS','1',NULL,'2013-10-01 00:00:00',NULL,NULL,NULL),(1866,'PER/3/PR/015','BANTUAN REKREASI KARYAWAN DAN KELUARGA','KS','1',NULL,'2013-10-01 00:00:00',NULL,NULL,NULL),(1867,'PER/3/PR/016','MEKANISME BIPARTIT UNTUK PENERBITAN SURAT PERINGATAN','KS','1',NULL,'2013-10-01 00:00:00',NULL,NULL,NULL),(1868,'PER/3/PR/017','PENGISIAN SURVEI UPAH BADAN PUSAT STATISTIK','KS','1',NULL,'2013-10-01 00:00:00',NULL,NULL,NULL),(1869,'PER/3/PR/018','PROSES PEMBAYARAN UPMK KARYAWAN PHK','KS','1',NULL,'2013-10-01 00:00:00',NULL,NULL,NULL),(1870,'PER/3/PR/019','PENGAWASAN PROSES PEMBUATAN SERAGAM KERJA','KS','1',NULL,'2013-10-01 00:00:00',NULL,NULL,NULL),(1871,'PER/3/PR/020','PELAYANAN PEMBERIAN DAN PENARIKAN FASILITAS KERJA KARYAWAN GOLONGAN A DAN B','KS','1',NULL,'2013-10-01 00:00:00',NULL,NULL,NULL),(1872,'PER/3/PR/404','PROSES TRANSAKSI POTONGAN GAJI','KS','1',NULL,'2013-10-01 00:00:00',NULL,NULL,NULL),(1873,'PER/3/PR/407','PEMBAYARAN GAJI KE XIII','KS','1',NULL,'2013-10-01 00:00:00',NULL,NULL,NULL),(1874,'PER/3/PR/409','PENANDATANGANAN SURAT KEPUTUSAN KEPEGAWAIAN','KS','1',NULL,'2013-10-01 00:00:00',NULL,NULL,NULL),(1875,'PER/3/PR/410','PEMBAYARAN TUNJANGAN HARI RAYA KEAGAMAAN','KS','1',NULL,'2013-10-01 00:00:00',NULL,NULL,NULL),(1876,'PER/3/PR/411','PENYEDIAAN DATA UNTUK PROSES INSENTIF PKB','KS','1',NULL,'2013-10-01 00:00:00',NULL,NULL,NULL),(1877,'PER/3/PR/412','PENGELOLAAN TIME MANAGEMENT & PROSES TIME EVALUATION','KS','1',NULL,'2013-10-01 00:00:00',NULL,NULL,NULL),(1878,'PER/3/TI/001','PROSES PERHITUNGAN INSENTIF BERBASIS KINERJA (IBK)','KS','1',NULL,'2013-10-01 00:00:00',NULL,NULL,NULL),(1879,'PER/3/UK/001','PENYALURAN DANA PINJAMAN USAHA KECIL','KS','1',NULL,'2013-10-01 00:00:00',NULL,NULL,NULL),(1880,'PER/3/UK/002','PENGEMBALIAN DANA PINJAMAN USAHA KECIL','KS','1',NULL,'2013-10-01 00:00:00',NULL,NULL,NULL),(1881,'PER/3/UK/003','PENGELUARAN KAS UNIT PKBL','KS','1',NULL,'2013-10-01 00:00:00',NULL,NULL,NULL),(1882,'PER/3/UK/004','PENERIMAAN KAS UNIT PKBL','KS','1',NULL,'2013-10-01 00:00:00',NULL,NULL,NULL),(1883,'PER/3/UK/005','PENANGANAN SURAT JAMINAN USAHA KECIL MITRA BINAAN','KS','1',NULL,'2013-10-01 00:00:00',NULL,NULL,NULL),(1884,'PER/3/UM/001','PENGAWASAN PEKERJAAN DINAS PERAWATAN UMUM','KS','1',NULL,'2013-10-01 00:00:00',NULL,NULL,NULL),(1885,'PER/3/UM/002','PERENC. & PENGENDALIAN ANGGARAN DINAS PERENC.PENGEND.PRWT.& UTILITY','KS','1',NULL,'2013-10-01 00:00:00',NULL,NULL,NULL),(1886,'PER/3/UM/003','PENYUSUTAN DOKUMEN / ARSIP PERUSAHAAN','KS','1',NULL,'2013-10-01 00:00:00',NULL,NULL,NULL),(1887,'PER/3/UM/004','PENANGANAN DOKUMEN / ARSIP INAKTIF','KS','1',NULL,'2013-10-01 00:00:00',NULL,NULL,NULL),(1888,'PER/3/UM/005','PENANDATANGANAN SURAT ATAS PELIMPAHAN WEWENANG','KS','1',NULL,'2013-10-01 00:00:00',NULL,NULL,NULL),(1889,'PER/3/UM/006','PENGENDALIAN SURAT DINAS','KS','1',NULL,'2013-10-01 00:00:00',NULL,NULL,NULL),(1890,'PER/3/UM/007','PERMINTAAN PELAYANAN ANGKUTAN','KS','1',NULL,'2013-10-01 00:00:00',NULL,NULL,NULL),(1891,'PER/3/UM/008','PROSES TAGIHAN TENAGA KERJA JASA BORONGAN','KS','1',NULL,'2013-10-01 00:00:00',NULL,NULL,NULL),(1892,'PER/3/UM/009','ALOKASI DAN PENGATURAN RUMAH DINAS','KS','1',NULL,'2013-10-01 00:00:00',NULL,NULL,NULL),(1893,'PER/3/UM/010','PENYEWAAN & PINJAM PAKAI FASILITAS, BANGUNAN DAN TANAH','KS','1',NULL,'2013-10-01 00:00:00',NULL,NULL,NULL),(1894,'PER/3/UM/011','PENGAWASAN PEK. PERWT / PERBAIKAN PERUMAHAN , PERKANTORAN & KAWASAN','KS','1',NULL,'2013-10-01 00:00:00',NULL,NULL,NULL),(1895,'PER/3/UM/012','PENGECATAN BANGUNAN PERUMAHAN, PERKANTORAN &  FASILITAS SOSIAL / UMUM','KS','1',NULL,'2013-10-01 00:00:00',NULL,NULL,NULL),(1896,'PER/3/UM/013','PENGEMBALIAN RUMAH DINAS EX PENSIUNAN PT. KS','KS','1',NULL,'2013-10-01 00:00:00',NULL,NULL,NULL),(1897,'PER/3/UM/014','BANTUAN UANG PINDAH RUMAH DINAS PT. KRAKATAU STEEL ( PERSERO )','KS','1',NULL,'2013-10-01 00:00:00',NULL,NULL,NULL),(1898,'PER/3/UM/015','STANDARISASI PENERIMAAN DOKUMEN / ARSIP IN-AKTIF','KS','1',NULL,'2013-10-01 00:00:00',NULL,NULL,NULL),(1899,'PER/3/UM/016','PERAWATAN DOKUMEN / ARSIP IN - AKTIF','KS','1',NULL,'2013-10-01 00:00:00',NULL,NULL,NULL),(1900,'PER/3/UP/002','PERANCANGAN PROGRAM PENDIDIKAN DAN PELATIHAN','KS','1',NULL,'2013-10-01 00:00:00',NULL,NULL,NULL),(1901,'PER/3/UP/003','PENGADAAN JASA LEMBAGA PENDIDIKAN DAN PELATIHAN','KS','1',NULL,'2013-10-01 00:00:00',NULL,NULL,NULL),(1902,'PER/3/UP/004','OPERASIONAL PENYELENGGARAAN PENDIDIKAN DAN PELATIHAN','KS','1',NULL,'2013-10-01 00:00:00',NULL,NULL,NULL),(1903,'PER/3/UP/005','PENYEDIAAN FASILTAS PELATIHAN','KS','1',NULL,'2013-10-01 00:00:00',NULL,NULL,NULL),(1904,'PER/3/UP/006','ORDER PELATIHAN PT KRAKATAU STEEL','KS','1',NULL,'2013-10-01 00:00:00',NULL,NULL,NULL),(1905,'PER/3/UP/007','EVALUASI PELAKSANAAN PROGRAM PELATIHAN','KS','1',NULL,'2013-10-01 00:00:00',NULL,NULL,NULL),(1906,'PER/3/UP/008','EVALUASI PASCA PELATIHAN','KS','1',NULL,'2013-10-01 00:00:00',NULL,NULL,NULL),(1907,'PER/3/UP/009','EVALUASI PERBAIKAN MATERI PELATIHAN','KS','1',NULL,'2013-10-01 00:00:00',NULL,NULL,NULL),(1908,'PER/3/UP/010','ADMINISTRASI DIKLAT','KS','1',NULL,'2013-10-01 00:00:00',NULL,NULL,NULL),(1909,'PER/3/UP/011','KATALOG PELATIHAN PUSDIKLAT PT. KRAKATAU STEEL','KS','1',NULL,'2013-10-01 00:00:00',NULL,NULL,NULL),(1910,'PER/3/UP/012','PENGAJUAN PESERTA PELATIHAN EKSTERNAL','KS','1',NULL,'2013-10-01 00:00:00',NULL,NULL,NULL),(1911,'PER/3/UP/013','PENGELOLAAN KONTEN SITUS WEB KMKS (KNOWLEDGE MANAGEMENT KRAKATAU STEEL)','KS','1',NULL,'2013-10-01 00:00:00',NULL,NULL,NULL),(1912,'PER/3/UP/014','PENGADAAN KEBUTUHAN FASILITAS MATERIAL DAN PERALATAN PROGRAM VOCATIONAL TRAINING','KS','1',NULL,'2013-10-01 00:00:00',NULL,NULL,NULL),(1913,'PER/3/UP/015','PELAKSANAAN PRAKTEK KERJA INDUSTRI (PRAKERING & RISET)','KS','1',NULL,'2013-10-01 00:00:00',NULL,NULL,NULL),(1914,'PER/3/UP/016','MANAGEMENT TRAINEE','KS','1',NULL,'2013-10-01 00:00:00',NULL,NULL,NULL),(1915,'PER/3/UP/017','ANALISA KEBUTUHAN PENDIDIKAN & PELATIHAN','KS','1',NULL,'2013-10-01 00:00:00',NULL,NULL,NULL),(1916,'PER/3/UP/025','PENYELENGGARAAN PROGRAM TRANSFER KNOWLEDGE PRA-PENSIUN','KS','1',NULL,'2013-10-01 00:00:00',NULL,NULL,NULL),(1917,'PHP-01','PROSEDUR PENERIMAAN DAN PENANGANAN HASIL PRODUKSI','KS','1',NULL,'2013-10-01 00:00:00',NULL,NULL,NULL),(1918,'PHP-02','PENGIRIMAN HASIL PRODUKSI','KS','1',NULL,'2013-10-01 00:00:00',NULL,NULL,NULL),(1919,'PHP-03','PROSEDUR PENARIKAN PRODUK PT.KS','KS','1',NULL,'2013-10-01 00:00:00',NULL,NULL,NULL),(1920,'PIS-01','PROSEDUR PENGELOLAAN SISTEM INFORMASI MAJEMEN DAN OTOMASI','KS','1',NULL,'2013-10-01 00:00:00',NULL,NULL,NULL),(1921,'PIS-02','PROSEDUR  PENGELOLAAN FASILITAS SIPIL','KS','1',NULL,'2013-10-01 00:00:00',NULL,NULL,NULL),(1922,'PIS-03','PENGELOLAAN PERALATAN PABRIK','KS','1',NULL,'2013-10-01 00:00:00',NULL,NULL,NULL),(1923,'PJN-01','PERENCANAAN DAN PERSIAPAN PENGADAAN JASA NON PEMBANGUNAN','KS','1',NULL,'2013-10-01 00:00:00',NULL,NULL,NULL),(1924,'PJN-02','PENGADAAN JASA NON PEMBANGUNAN','KS','1',NULL,'2013-10-01 00:00:00',NULL,NULL,NULL),(1925,'PJN-03','PENGAWASAN & PENERIMAAN JASA NON PEMBANGUNAN','KS','1',NULL,'2013-10-01 00:00:00',NULL,NULL,NULL),(1926,'PJP-01','PROSEDUR PERENCANAAN DAN PERSIAPAN PENGADAAN JASA PEMBANGUNAN','KS','1',NULL,'2013-10-01 00:00:00',NULL,NULL,NULL),(1927,'PJP-02','PENGADAAN JASA PEMBANGUNAN','KS','1',NULL,'2013-10-01 00:00:00',NULL,NULL,NULL),(1928,'PJP-03','PENGAWASAN DAN PENERIMAAN JASA PEMBANGUNAN','KS','1',NULL,'2013-10-01 00:00:00',NULL,NULL,NULL),(1929,'PJP-04','PROSEDUR EVALUASI DAN SELEKSI KONTRAKTOR','KS','1',NULL,'2013-10-01 00:00:00',NULL,NULL,NULL),(1930,'PMS-01.','PENYUSUNAN MARKETING DAN SALES PLAN','KS','1',NULL,'2013-10-01 00:00:00',NULL,NULL,NULL),(1931,'PMS-02.','PROSEDUR PENJUALAN PRODUK','KS','1',NULL,'2013-10-01 00:00:00',NULL,NULL,NULL),(1932,'PMS-04.','PENELITIAN DAN PENYELIDIKAN PASAR','KS','1',NULL,'2013-10-01 00:00:00',NULL,NULL,NULL),(1933,'PMS-05','PENGENGEMBANGAN PASAR','KS','1',NULL,'2013-10-01 00:00:00',NULL,NULL,NULL),(1934,'PMS-3','PENANGANAN KLAIM DAN KOMPLAIN ','KS','1',NULL,'2013-10-01 00:00:00',NULL,NULL,NULL),(1935,'PPP-01','PERENCANAAN DAN PENGENDALIAN PRODUKSI','KS','1',NULL,'2013-10-01 00:00:00',NULL,NULL,NULL),(1936,'PPR-02','PRODUKSI KAPUR BAKAR','KS','1',NULL,'2013-10-01 00:00:00',NULL,NULL,NULL),(1937,'PPR-03','WATER TREATMENT PROSEDUR','KS','1',NULL,'2013-10-01 00:00:00',NULL,NULL,NULL),(1938,'PPR-04','PROSEDUR PERBAIKAN DAN PEMBUATAN BARANG','KS','1',NULL,'2013-10-01 00:00:00',NULL,NULL,NULL),(1939,'PPR-05','PROSEDUR PRODUKSI DAN DISTRIBUSI GAS INDUSTRI','KS','1',NULL,'2013-10-01 00:00:00',NULL,NULL,NULL),(1940,'PPR-06','PROSEDUR PENGENDALIAN ALAT UKUR DAN UJ','KS','1',NULL,'2013-10-01 00:00:00',NULL,NULL,NULL),(1941,'PRD/3/DR/003','PENCATATAN & PELAPORAN FINES SPONS & FINES PELLET DI PBS','KS','1',NULL,'2013-10-01 00:00:00',NULL,NULL,NULL),(1942,'PRO/3/DP/001','PENYEKRAPAN SUKU CADANG RUSAK','KS','1',NULL,'2013-10-01 00:00:00',NULL,NULL,NULL),(1943,'PRO/3/DR/001','PERMINTAAN & PENERIMAAN SEMEN DI PABRIK BESI SPONS-2 ( HYL.3 )','KS','1',NULL,'2013-10-01 00:00:00',NULL,NULL,NULL),(1944,'PRO/3/DR/002','PENGAWASAN KEGIATAN IN PLANT HANDLING DI DIVISI PABRIK BESI SPONS','KS','1',NULL,'2013-10-01 00:00:00',NULL,NULL,NULL),(1945,'PRO/3/DR/004','PENERIMAAN PELLET/SPONS HASIL AYAK DUMPING AREA','KS','1',NULL,'2013-10-01 00:00:00',NULL,NULL,NULL),(1946,'PRO/3/DR/005','PENANGANAN SPONS GAGAL REDUKSI','KS','1',NULL,'2013-10-01 00:00:00',NULL,NULL,NULL),(1947,'PRO/3/DR/006','TRANSAKSI BESI SPONS DARI DR PLANT KE BSP, SSP I DAN SSP II','KS','1',NULL,'2013-10-01 00:00:00',NULL,NULL,NULL),(1948,'PRO/3/IE/003','PERHITUNGAN TOTAL DANA INSENTIVE SUMBER','KS','1',NULL,'2013-10-01 00:00:00',NULL,NULL,NULL),(1949,'PRO/3/IE/006','REKAPITULASI DANA POTONGAN ABSENSI','KS','1',NULL,'2013-10-01 00:00:00',NULL,NULL,NULL),(1950,'PRO/3/MM/001','PERENCANAAN DESIGN CHARGE PELEBURAN BAJA','KS','1',NULL,'2013-10-01 00:00:00',NULL,NULL,NULL),(1951,'PRO/3/MM/004','PENGENDALIAN DESIGN CHARGE DI PELEBURAN BAJA','KS','1',NULL,'2013-10-01 00:00:00',NULL,NULL,NULL),(1952,'PRO/3/MM/005','PENERIMAAN,PENGANGKUTAN,PENATAAN & PELAYANAN LIMBAH INDUSTRI B3 DAN NON B3','KS','1',NULL,'2013-10-01 00:00:00',NULL,NULL,NULL),(1953,'PRO/3/P100/004','PENGAJUAN PENGADAAN SUKU CADANG MELALUI LMPP DAN PSCO DIV. PRWT PBS','KS','1',NULL,'2013-10-01 00:00:00',NULL,NULL,NULL),(1954,'PRO/3/P100/005','PENGAJUAN PENGADAAN BARANG MELALUI ASREQ DAN MPAT DIVISI PRWT PBS','KS','1',NULL,'2013-10-01 00:00:00',NULL,NULL,NULL),(1955,'PRO/3/P100/006','PENGAJUAN PENGADAAN BARANG MELALUI QUANTITY ORDER DIVISI PRWT PBS','KS','1',NULL,'2013-10-01 00:00:00',NULL,NULL,NULL),(1956,'PRO/3/P100/008','PENANGANAN BREAKDOWN DIVISI PERAWATAN PABRIK BESI SPONS','KS','1',NULL,'2013-10-01 00:00:00',NULL,NULL,NULL),(1957,'PRO/3/P4M/001','PENANGANAN BREAKDOWN DI DIVISI PP IV.','KS','1',NULL,'2013-10-01 00:00:00',NULL,NULL,NULL),(1958,'PRO/3/P4M/002','MANAJEMEN/PENGELOLAAN PERAWATAN DI DIVISI PPIV','KS','1',NULL,'2013-10-01 00:00:00',NULL,NULL,NULL),(1959,'PRO/3/P4M/003','PENGAJUAN ANGGARAN DI DIVISI PPIV','KS','1',NULL,'2013-10-01 00:00:00',NULL,NULL,NULL),(1960,'PRO/3/P4M/004','KEGIATAN  CONTRACT OUT  DI DIVISI PPIV','KS','1',NULL,'2013-10-01 00:00:00',NULL,NULL,NULL),(1961,'PRO/3/P4M/005','KEGIATAN IMPROVEMENT DI DIVISI PPIV','KS','1',NULL,'2013-10-01 00:00:00',NULL,NULL,NULL),(1962,'PRO/3/P4M/006','PELAKSANAAN  MAINTENANCE DAY  DI DIVISI PPIV','KS','1',NULL,'2013-10-01 00:00:00',NULL,NULL,NULL),(1963,'PRO/3/P4M/007','KEGIATAN OVERHAUL DI DIVISI PP.IV','KS','1',NULL,'2013-10-01 00:00:00',NULL,NULL,NULL),(1964,'PRO/3/P4M/008','KEGIATAN  PREDICTIVE MAINTENANCE  DI DIVISI PP IV','KS','1',NULL,'2013-10-01 00:00:00',NULL,NULL,NULL),(1965,'PRO/3/P4M/009','PENGELOLAAN SUKU CADANG DI DIVISI PP.IV','KS','1',NULL,'2013-10-01 00:00:00',NULL,NULL,NULL),(1966,'PRO/3/P4M/010','  PREVENTIVE MAINTENANCE  DI DIVISI PPIV','KS','1',NULL,'2013-10-01 00:00:00',NULL,NULL,NULL),(1967,'PRO/3/P4M/011','PENGELOLAAN BARANG DI SEKSI DIV. PERAWATAN BLD','KS','1',NULL,'2013-10-01 00:00:00',NULL,NULL,NULL),(1968,'PRO/3/P4M/012','PERAWATAN SISTEM MORGOIL','KS','1',NULL,'2013-10-01 00:00:00',NULL,NULL,NULL),(1969,'PRO/3/PE/002','PENGADAAN JASA PERAWATAN PABRIK KONDISI DARURAT','KS','1',NULL,'2013-10-01 00:00:00',NULL,NULL,NULL),(1970,'PRO/3/PE/003','PENGAWASAN DAN PENERIMAAN JASA PERAWATAN PABRIK','KS','1',NULL,'2013-10-01 00:00:00',NULL,NULL,NULL),(1971,'PRO/3/PE/004','PENGADAAN JASA PERAWATAN PABRIK KONDISI TRIAL','KS','1',NULL,'2013-10-01 00:00:00',NULL,NULL,NULL),(1972,'PRO/3/PE/005','PENYELESAIAN MAINTENANCE WORK ORDER (MWO) DIVISI REKAYASA TEKNIK','KS','1',NULL,'2013-10-01 00:00:00',NULL,NULL,NULL),(1973,'PRO/3/PE/006','PENERIMAAN DOKUMEN TEKNIK','KS','1',NULL,'2013-10-01 00:00:00',NULL,NULL,NULL),(1974,'PRO/3/PE/007','PERENCANAAN JASA PERAWATAN PABRIK DAN PERBENGKELAN','KS','1',NULL,'2013-10-01 00:00:00',NULL,NULL,NULL),(1975,'PRO/3/PL/030','PENGENDALIAN RISIKO KESEHATAN & IZIN SAKIT','KS','1',NULL,'2013-10-01 00:00:00',NULL,NULL,NULL),(1976,'PRO/3/PL/031','PERMINTAAN DAN PENGGANTIAN ALAT PELINDUNG DIRI (APD)','KS','1',NULL,'2013-10-01 00:00:00',NULL,NULL,NULL),(1977,'PRO/3/QA/001','VENDOR ASESSMENT','KS','1',NULL,'2013-10-01 00:00:00',NULL,NULL,NULL),(1978,'PRO/3/QA/008','PENGENDALIAN DOKUMEN','KS','1',NULL,'2013-10-01 00:00:00',NULL,NULL,NULL),(1979,'PRO/3/QA/013','QUALITY PLANNING','KS','1',NULL,'2013-10-01 00:00:00',NULL,NULL,NULL),(1980,'PRO/3/QA/015','PENGENDALIAN DOKUMEN STANDAR EKTERNAL','KS','1',NULL,'2013-10-01 00:00:00',NULL,NULL,NULL),(1981,'PRO/3/QA/016','PEMBUATAN STANDAR FORMAT DOKUMEN SMKS','KS','1',NULL,'2013-10-01 00:00:00',NULL,NULL,NULL),(1982,'PRO/3/QA/017','PENDAFTARAN PATEN','KS','1',NULL,'2013-10-01 00:00:00',NULL,NULL,NULL),(1983,'PRO/3/QA/018','KETENTUAN DAN TATACARA PENGGUNAAN LOGO / MARKA ISO, OHSAS & KAN','KS','1',NULL,'2013-10-01 00:00:00',NULL,NULL,NULL),(1984,'PRO/3/QP/001','PERMINTAAN MATERIAL DARI GUDANG LABORATORIUM KIMIA','KS','1',NULL,'2013-10-01 00:00:00',NULL,NULL,NULL),(1985,'PRO/3/QP/002','PENYIAPAN TECHNICAL PROTOKOL','KS','1',NULL,'2013-10-01 00:00:00',NULL,NULL,NULL),(1986,'PRO/3/QP/003','PENYELESAIAN PERMASALAHAN MELALUI RAPAT KORDINASI','KS','1',NULL,'2013-10-01 00:00:00',NULL,NULL,NULL),(1987,'PRO/3/QP/004','PEMERIKSAAN KUALITAS BILLET/BLOOM DAN SLAB IMPOR','KS','1',NULL,'2013-10-01 00:00:00',NULL,NULL,NULL),(1988,'PRO/3/QP/005','UPDATE ADJUSTMENT VARIANT TABLE DENGAN NUMBER (C/N)','KS','1',NULL,'2013-10-01 00:00:00',NULL,NULL,NULL),(1989,'PRO/3/RC/005','PERENCANAAN PENGADAAN SUKU CADANG KONDISI TRIAL','KS','1',NULL,'2013-10-01 00:00:00',NULL,NULL,NULL),(1990,'PRO/3/RC/023','PERENCANAAN JASA PERAWATAN PABRIK DAN PERBENGKELAN','KS','1',NULL,'2013-10-01 00:00:00',NULL,NULL,NULL),(1991,'PRO/3/RC/024','PERENCANAAN JASA PERAWATAN PABRIK DAN PERBENGKELAN KONDISI TRIAL','KS','1',NULL,'2013-10-01 00:00:00',NULL,NULL,NULL),(1992,'PRO/3/RC/025','PROSES PENGADAAN JASA PERAWATAN PABRIK','KS','1',NULL,'2013-10-01 00:00:00',NULL,NULL,NULL),(1993,'PRO/3/RC/026','MAINTAIN ITEM MASTER SUKU CADANG SAP R3','KS','1',NULL,'2013-10-01 00:00:00',NULL,NULL,NULL),(1994,'PRO/3/RM/001','PENENTUAN KELAYAKAN MATERIAL STRATEGIS','KS','1',NULL,'2013-10-01 00:00:00',NULL,NULL,NULL),(1995,'PRO/3/SM/001','TRIAL PELUMAS','KS','1',NULL,'2013-10-01 00:00:00',NULL,NULL,NULL),(1996,'PRO/3/SM/002','REKONDISI PABRIK ( PROYEK )','KS','1',NULL,'2013-10-01 00:00:00',NULL,NULL,NULL),(1997,'PRO/3/SM/003','PROYEK SWAKELOLA','KS','1',NULL,'2013-10-01 00:00:00',NULL,NULL,NULL),(1998,'PRO/3/SM/004','PENGELOLAAN PREDICTIVE MAINTENANCE','KS','1',NULL,'2013-10-01 00:00:00',NULL,NULL,NULL),(1999,'PRO/3/SM/005','PENGELOLAAN IMPROVEMENT MAINTENANCE','KS','1',NULL,'2013-10-01 00:00:00',NULL,NULL,NULL),(2000,'PRO/3/SM/006','PENGELOLAAN CORRECTIVE  MAINTENANCE','KS','1',NULL,'2013-10-01 00:00:00',NULL,NULL,NULL),(2001,'PRO/3/SM/007','PENGELOLAAN BREAKDOWN MAINTENANCE','KS','1',NULL,'2013-10-01 00:00:00',NULL,NULL,NULL),(2002,'PRO/3/SM/008','PENGELOLAAN PERAWATAN RUTIN','KS','1',NULL,'2013-10-01 00:00:00',NULL,NULL,NULL),(2003,'PRO/3/SM/009','PENGELOLAAN OVERHAUL PABRIK','KS','1',NULL,'2013-10-01 00:00:00',NULL,NULL,NULL),(2004,'PRO/3/SM/010','PENGELOLAAN MAINTENANCE DAY','KS','1',NULL,'2013-10-01 00:00:00',NULL,NULL,NULL),(2005,'PRO/3/SM/011','PENGELOLAAN WINDOW MAINTENANCE','KS','1',NULL,'2013-10-01 00:00:00',NULL,NULL,NULL),(2006,'PRO/3/SM/012','PEMBUATAN DAN PERBAIKAN DI WORKSHOP','KS','1',NULL,'2013-10-01 00:00:00',NULL,NULL,NULL),(2007,'PRO/3/SM/013','PENGELOLAAN REFURBISHMENT ORDER ','KS','1',NULL,'2013-10-01 00:00:00',NULL,NULL,NULL),(2008,'PRO/3/SM/014','PENGELOLAAN IN PLANT STOCK (IPS)','KS','1',NULL,'2013-10-01 00:00:00',NULL,NULL,NULL),(2009,'PRO/3/SM/015','PENGELOLAAN TOOLS','KS','1',NULL,'2013-10-01 00:00:00',NULL,NULL,NULL),(2010,'PRO/3/SM/016','PENGELOLAAN EXTERNAL SERVICE PERAWATAN PABRIK','KS','1',NULL,'2013-10-01 00:00:00',NULL,NULL,NULL),(2011,'PRO/3/SM/017','PENGELOLAAN DMS (DOCUMENT MANAGEMENT SYSTEM)','KS','1',NULL,'2013-10-01 00:00:00',NULL,NULL,NULL),(2012,'PRO/3/SR/001','SCRAPPING ROLL','KS','1',NULL,'2013-10-01 00:00:00',NULL,NULL,NULL),(2013,'PRO/3/SR/002','JASA PACKAGING PRODUK CRC/S PPBLD OLEH KONTRAKTOR','KS','1',NULL,'2013-10-01 00:00:00',NULL,NULL,NULL),(2014,'PRO/3/TI/006','PEMBUATAN STUDI PENINGKATAN PRODUKTIVITAS & EFISIENSI','KS','1',NULL,'2013-10-01 00:00:00',NULL,NULL,NULL),(2015,'PRO/3/TI/008','PENGELOLAAN APLIKASI DASHBOARD SCM','KS','1',NULL,'2013-10-01 00:00:00',NULL,NULL,NULL),(2016,'PRO/3/TI/009','PENGELOLAAN BILL OF MATERIAL, ROUTING DAN PRODUCT VERSION DI SAP','KS','1',NULL,'2013-10-01 00:00:00',NULL,NULL,NULL),(2017,'PRO/3/UT/001','PENANGANAAN LIMBAH INDUSTRI DILOKASI DUMPING AREA PT. KS','KS','1',NULL,'2013-10-01 00:00:00',NULL,NULL,NULL),(2018,'PRO/3/WS/002','KONTRAK BENGKEL PEKERJAAN PERBAIKAN PERALATAN PABRIK DI DIVISI PL & P','KS','1',NULL,'2013-10-01 00:00:00',NULL,NULL,NULL),(2019,'PRO/3/WS/003','KONTRAK JASA PEKERJAAN PERBAIKAN PERALATAN PABRIK DI DIVISI PL & P ','KS','1',NULL,'2013-10-01 00:00:00',NULL,NULL,NULL),(2020,'PRO-01','PROSEDUR PRODUKSI','KS','1',NULL,'2013-10-01 00:00:00',NULL,NULL,NULL),(2021,'PRO-02','PENGENDALIAN PRODUK TIDAK SESUAI ','KS','1',NULL,'2013-10-01 00:00:00',NULL,NULL,NULL),(2022,'QM 101','PANDUAN MUTU LABORATORIUM KIMIA & MEKANIK','KS','1',NULL,'2013-10-01 00:00:00',NULL,NULL,NULL),(2023,'QM 102','PANDUAN MUTU LABORATORIUM KALIBRASI ','KS','1',NULL,'2013-10-01 00:00:00',NULL,NULL,NULL),(2024,'QM 103','PANDUAN MUTU LABORATORIUM LINGKUNGAN','KS','1',NULL,'2013-10-01 00:00:00',NULL,NULL,NULL),(2025,'QP/PG00/005','SPESIFIKASI DAN PEDOMAN PEMB. SLAB & HRC GRADE OAL520AT & OK0505AP','KS','1',NULL,'2013-10-01 00:00:00',NULL,NULL,NULL),(2026,'QP/PG00/006','SPESIFIKASI DAN PEDOMAN PEMBUATAN SLAB DAN HRC INTERNAL GRADE','KS','1',NULL,'2013-10-01 00:00:00',NULL,NULL,NULL),(2027,'R&D-01','PERENCANAAN & PENGEMBANGAN PRODUK','KS','1',NULL,'2013-10-01 00:00:00',NULL,NULL,NULL),(2028,'R&D-02','TRIAL PENGEMBANGAN PRODUK','KS','1',NULL,'2013-10-01 00:00:00',NULL,NULL,NULL),(2029,'R&D-03','PERENCANAN MATERIAL STRATEGIS','KS','1',NULL,'2013-10-01 00:00:00',NULL,NULL,NULL),(2030,'R&D-04','TRIAL/IMPLEMENTASI PENGEMBANGAN PROSES DAN MATERIAL STRATEGIS','KS','1',NULL,'2013-10-01 00:00:00',NULL,NULL,NULL),(2031,'R&D-05','KAJIAN ENERGI DAN SUMBER DAYA','KS','1',NULL,'2013-10-01 00:00:00',NULL,NULL,NULL),(2032,'R&D-06','TRIAL ENERGI DAN SUMBER DAYA','KS','1',NULL,'2013-10-01 00:00:00',NULL,NULL,NULL),(2033,'SD/001','PEDOMAN SINERGI KS GROUP BIDANG  SATUAN PENGAWASAN INTEREN','KS','1',NULL,'2013-10-01 00:00:00',NULL,NULL,NULL),(2034,'SD/002','SINERGI KS GROUP BIDANG HUB.MASYARAKATAN','KS','1',NULL,'2013-10-01 00:00:00',NULL,NULL,NULL),(2035,'SPR/3/CC/001','PENGELOLAAN WEB SITE PERUSAHAAN','KS','1',NULL,'2013-10-01 00:00:00',NULL,NULL,NULL),(2036,'SPR/3/CG/001','MONITORING TINDAK LANJUT KEPUTUSAN RUPS','KS','1',NULL,'2013-10-01 00:00:00',NULL,NULL,NULL),(2037,'SPR/3/CG/002','MONITORING IMPLEMENTASI GOOD KRAKATAU STEEL GOVERNANCE','KS','1',NULL,'2013-10-01 00:00:00',NULL,NULL,NULL),(2038,'SPR/3/CS/001','PEMBERIAN BANTUAN SPONSORSHIP KEPADA PIHAK KETIGA ','KS','1',NULL,'2013-10-01 00:00:00',NULL,NULL,NULL),(2039,'SPR/3/CS/002','PENYELENGGARAAN RAPAT UMUM PEMEGANG SAHAM','KS','1',NULL,'2013-10-01 00:00:00',NULL,NULL,NULL),(2040,'SPR/3/HK/001','PENANGANAN PERKARA','KS','1',NULL,'2013-10-01 00:00:00',NULL,NULL,NULL),(2041,'SPR/3/HK/002','PEMBUATAN DOKUMEN HUKUM','KS','1',NULL,'2013-10-01 00:00:00',NULL,NULL,NULL),(2042,'SPR/3/HK/003','BANTUAN HUKUM','KS','1',NULL,'2013-10-01 00:00:00',NULL,NULL,NULL),(2043,'SPR/3/HK/004','PENGURUSAN DOKUMEN HUKUM PERUSAHAAN','KS','1',NULL,'2013-10-01 00:00:00',NULL,NULL,NULL),(2044,'SPR/3/HK/005','PEMBUATAN SURAT KEPUTUSAN DAN DOKUMEN HUKUM LAINNYA','KS','1',NULL,'2013-10-01 00:00:00',NULL,NULL,NULL),(2045,'SPR/3/HK/006','PENANGANAN PERKARA/KASUS PERDATA DAN KETENAGAKERJAAN','KS','1',NULL,'2013-10-01 00:00:00',NULL,NULL,NULL),(2046,'SPR/3/HK/007','PEMBUATAN LEGAL OPINION','KS','1',NULL,'2013-10-01 00:00:00',NULL,NULL,NULL),(2047,'SPR/3/HK/008','PENGELUARAN DOKUMEN PT. KRAKATAU STEEL ( PERSERO ) UNTUK URUSAN PENANGANAN PERKARA HUKUM','KS','1',NULL,'2013-10-01 00:00:00',NULL,NULL,NULL),(2048,'SPR/3/HP/001','WORK INSTRUCTION PARTISIPASI IKLAN DAN SPONSORSHIP','KS','1',NULL,'2013-10-01 00:00:00',NULL,NULL,NULL),(2049,'SPR/3/HP/002','PARTISIPASI PAMERAN','KS','1',NULL,'2013-10-01 00:00:00',NULL,NULL,NULL),(2050,'SPR/3/HP/003','WORK INSTRUCTION  PROTOKOLER PELAYANAN TAMU','KS','1',NULL,'2013-10-01 00:00:00',NULL,NULL,NULL),(2051,'SPR/3/HP/004','WORK INSTRUCTION PROTOKOLER ACARA PERUSAHAAN','KS','1',NULL,'2013-10-01 00:00:00',NULL,NULL,NULL),(2052,'SPR/3/HP/005','PELAYANAN TAMU PERUSAHAAN DAN FASILITAS','KS','1',NULL,'2013-10-01 00:00:00',NULL,NULL,NULL),(2053,'SPR/3/PJ/001','PELAYANAN PERJALANAN DINAS DIREKSI/ KOMISARIS','KS','1',NULL,'2013-10-01 00:00:00',NULL,NULL,NULL),(2054,'SPR/3/PJ/002','PELAYANAN MAKAN,SNACK DIREKSI/KOMISARIS','KS','1',NULL,'2013-10-01 00:00:00',NULL,NULL,NULL),(2055,'SPR/3/PJ/003','PERMINTAAN PESANAN KENDARAAN (PPK) UNTUK PEJABAT & TAMU PERUSAHAAN','KS','1',NULL,'2013-10-01 00:00:00',NULL,NULL,NULL),(2056,'SPR/3/PJ/004','PENGADAAN JASA NON PEMBANGUNAN UNTUK KEBUTUHAN PERKANTORAN JAKARTA','KS','1',NULL,'2013-10-01 00:00:00',NULL,NULL,NULL),(2057,'SPR/3/PJ/005','PENGADAAN BARANG UNTUK KEBUTUHAN PERKANTORAN JAKARTA','KS','1',NULL,'2013-10-01 00:00:00',NULL,NULL,NULL),(2058,'SPR/3/PJ/006','PENGADAAN BARANG & JASA NON PEMBANGUNAN UNTUK PERKANTORAN JAKARTA','KS','1',NULL,'2013-10-01 00:00:00',NULL,NULL,NULL),(2059,'TDP/3/MP/001','PENYUSUNAN TIM MANAJEMEN PROYEK','KS','1',NULL,'2013-10-01 00:00:00',NULL,NULL,NULL),(2060,'TDP/3/MP/002','PROJECT REPORTING','KS','1',NULL,'2013-10-01 00:00:00',NULL,NULL,NULL),(2061,'TE/001','PETUNJUK PELAKSANAAN PERSIAPAN DAN PELAKSANAAN PROY EKSP MINI MILL','KS','1',NULL,'2013-10-01 00:00:00',NULL,NULL,NULL),(2062,'TE/002','PETUNJUK PELAKSANAAN TENDER EPC & FINANC PROY.THIN SLAB FLAT ROL MILL','KS','1',NULL,'2013-10-01 00:00:00',NULL,NULL,NULL),(2063,'TEC/3/AS/001','PERHITUNGAN TARIF & KEUNTUNGAN JASA','KS','1',NULL,'2013-10-01 00:00:00',NULL,NULL,NULL),(2064,'TEC/3/DL/001','WI, EVALUASI TEKNOLOGI & NOMINATED EPC','KS','1',NULL,'2013-10-01 00:00:00',NULL,NULL,NULL),(2065,'TEC/3/ED00/002','PROS.STD.PENAMAAN ID.PROG.KODE TRANSAKSI ID.DBASE.ID.TABLE SPACE SUB','KS','1',NULL,'2013-10-01 00:00:00',NULL,NULL,NULL),(2066,'TEC/3/ED00/003','DAFTAR DOKUMENTASI SISTEM KOMPUTER','KS','1',NULL,'2013-10-01 00:00:00',NULL,NULL,NULL),(2067,'TEC/3/ED00/004','PENGGUNAAN EMAIL UNTUK KEDINASAN','KS','1',NULL,'2013-10-01 00:00:00',NULL,NULL,NULL),(2068,'TEC/3/ED01/001','OPERATOR KOMPUTER MAINFRAME','KS','1',NULL,'2013-10-01 00:00:00',NULL,NULL,NULL),(2069,'TEC/3/ED01/004','BACK UP TABLE SPACE PCS-2','KS','1',NULL,'2013-10-01 00:00:00',NULL,NULL,NULL),(2070,'TEC/3/ED01/005','BACK UP DATASET APLIKASI PCS-2','KS','1',NULL,'2013-10-01 00:00:00',NULL,NULL,NULL),(2071,'TEC/3/ED01/006','BACK UP SISTEM DB2','KS','1',NULL,'2013-10-01 00:00:00',NULL,NULL,NULL),(2072,'TEC/3/ED01/007','BACK UP VOLUME','KS','1',NULL,'2013-10-01 00:00:00',NULL,NULL,NULL),(2073,'TEC/3/ED01/016','BACK UP SYS1 MAN','KS','1',NULL,'2013-10-01 00:00:00',NULL,NULL,NULL),(2074,'TEC/3/ED01/017','BACK UP SYSLOG','KS','1',NULL,'2013-10-01 00:00:00',NULL,NULL,NULL),(2075,'TEC/3/ED01/018','BACK UP SPOOL','KS','1',NULL,'2013-10-01 00:00:00',NULL,NULL,NULL),(2076,'TEC/3/ED01/019','SYSTEM HOT BACK UP','KS','1',NULL,'2013-10-01 00:00:00',NULL,NULL,NULL),(2077,'TEC/3/ED01/020','PENGIRIMAN DAN PENYIMPANAN DATA BACK-UP','KS','1',NULL,'2013-10-01 00:00:00',NULL,NULL,NULL),(2078,'TEC/3/ED01/021','PROSEDUR MAINTENANCE SOFTWARE','KS','1',NULL,'2013-10-01 00:00:00',NULL,NULL,NULL),(2079,'TEC/3/ED01/022','PROSEDUR MAINTENANCE HARDWARE','KS','1',NULL,'2013-10-01 00:00:00',NULL,NULL,NULL),(2080,'TEC/3/ED01/026','PROSEDUR PERUBAHAN SISTEM','KS','1',NULL,'2013-10-01 00:00:00',NULL,NULL,NULL),(2081,'TEC/3/ED01/063','WI PREVENTIVE MAINTENANCE KOMPUTER','KS','1',NULL,'2013-10-01 00:00:00',NULL,NULL,NULL),(2082,'TEC/3/IS/005','STUDI TEKNIS PERALATAN PABRIK BESI & BAJA','KS','1',NULL,'2013-10-01 00:00:00',NULL,NULL,NULL),(2083,'TEC/3/PF/003','PENYERAHAN SISTEM INFORMASI MANAJEMEN','KS','1',NULL,'2013-10-01 00:00:00',NULL,NULL,NULL),(2084,'TEC/3/PG/001','MEKANISME KERJA RISET DAN PENGEMBANGAN PRODUK','KS','1',NULL,'2013-10-01 00:00:00',NULL,NULL,NULL),(2085,'TEC/3/PG/002','TRIAL INTERNAL PENGEMBANGAN PRODUK','KS','1',NULL,'2013-10-01 00:00:00',NULL,NULL,NULL),(2086,'TEC/3/PG/003','PERCOBAAN INTERNAL PENGEMBANGAN PRODUK BAJA BATANGAN','KS','1',NULL,'2013-10-01 00:00:00',NULL,NULL,NULL),(2087,'TEC/3/PG/004','PERCOBAAN EKSTERNAL','KS','1',NULL,'2013-10-01 00:00:00',NULL,NULL,NULL),(2088,'TEC/3/PG/005','STUDI DAN PENELITIAN PENGEMBANGAN PRODUK','KS','1',NULL,'2013-10-01 00:00:00',NULL,NULL,NULL),(2089,'TEC/3/PG/007','REVISI PRODUCT DESIGN BAJA LEMBARAN','KS','1',NULL,'2013-10-01 00:00:00',NULL,NULL,NULL),(2090,'TEC/3/PG/008','WI,REVISI QUALITY SCHEDULE & ANALYSIS SCHEDULE BAJA BATANGAN','KS','1',NULL,'2013-10-01 00:00:00',NULL,NULL,NULL),(2091,'TEC/3/PG/009','PERANCANGAN PRODUK DAN PERSIAPAN TRIAL','KS','1',NULL,'2013-10-01 00:00:00',NULL,NULL,NULL),(2092,'TEC/3/PG/010','STANDARISASI PRODUK','KS','1',NULL,'2013-10-01 00:00:00',NULL,NULL,NULL),(2093,'TEC/3/PM/002','ANALISA KEGAGALAN PRODUK','KS','1',NULL,'2013-10-01 00:00:00',NULL,NULL,NULL),(2094,'TEC/3/PM/003','WI PEMERIKSAAN HASIL LAS PADA PIPA DENGAN UJI TARIK TDK MERUSAK','KS','1',NULL,'2013-10-01 00:00:00',NULL,NULL,NULL),(2095,'TEC/3/PM/004','SISTEM & PROSEDUR ORDER PENGUJIAN MATERIAL','KS','1',NULL,'2013-10-01 00:00:00',NULL,NULL,NULL),(2096,'TEC/3/PM/005','ANALISA KARAKTERISTIK STRUKTURMICRO BAJA','KS','1',NULL,'2013-10-01 00:00:00',NULL,NULL,NULL),(2097,'TEC/3/PM/006','PENGUJIAN STICKING INDEX','KS','1',NULL,'2013-10-01 00:00:00',NULL,NULL,NULL),(2098,'TEC/3/PM/007','PEMERIKSAAN WORK ROLL DENGAN UJI TIDAK MERUSAK','KS','1',NULL,'2013-10-01 00:00:00',NULL,NULL,NULL),(2099,'TEC/3/PM/010','WI, PEMERIKSAAN KARAKTERISTIK WIRE ROD','KS','1',NULL,'2013-10-01 00:00:00',NULL,NULL,NULL),(2100,'TEC/3/PM/011','WI, METODA PEMERIKSAAN BESAR BUTIR AUSTENIT','KS','1',NULL,'2013-10-01 00:00:00',NULL,NULL,NULL),(2101,'TEC/3/PM/012','WI ANALISA CACAT PINGGIR (EDGE CRACK)','KS','1',NULL,'2013-10-01 00:00:00',NULL,NULL,NULL),(2102,'TEC/3/PM/013','PELAYANAN JASA PENGUJIAN MATERIAL DARI DIV.ATE & PJNC','KS','1',NULL,'2013-10-01 00:00:00',NULL,NULL,NULL),(2103,'TEC/3/PM/014','PENGUJIAN DAN SIMULASI MATERIAL','KS','1',NULL,'2013-10-01 00:00:00',NULL,NULL,NULL),(2104,'TEC/3/PM/015','PENGENDALIAN KEBUTUHAN BARANG TERKAIT DENGAN RISBANG','KS','1',NULL,'2013-10-01 00:00:00',NULL,NULL,NULL),(2105,'TEC/3/PM/016','PENGUJIAN BIJIH BESI UNTUK REAKTOR IRON MAKING HYL-1 & HYL-3','KS','1',NULL,'2013-10-01 00:00:00',NULL,NULL,NULL),(2106,'TEC/3/PPTI/001','PEMBUATAN TERM OF REFERENCE (TOR) DAN ENGINEERING ESTIMATE,PEK.TEK.IN','KS','1',NULL,'2013-10-01 00:00:00',NULL,NULL,NULL),(2107,'TEC/3/PPTI/002','IMPLEMENTASI PENGEMBANGAN SISTEM INFORMASI MANAJEMEN','KS','1',NULL,'2013-10-01 00:00:00',NULL,NULL,NULL),(2108,'TEC/3/QP/001','PROSES PENERIMAAN MATERIAL BB&BP DI PT.KS','KS','1',NULL,'2013-10-01 00:00:00',NULL,NULL,NULL),(2109,'TEC/3/QP/003','PEMERIKSAAN KUALITAS HRC IMPORT','KS','1',NULL,'2013-10-01 00:00:00',NULL,NULL,NULL),(2110,'TEC/3/RM/001','WORK INSTRUCTION PROYEK PENGEMBANGAN PROSES','KS','1',NULL,'2013-10-01 00:00:00',NULL,NULL,NULL),(2111,'TEC/3/RM/002','PROS.KERJA TIM TASK FORCE PENGEMB.PROS.&MUTU KASUS PEN.CLAIM NAKAJIMA','KS','1',NULL,'2013-10-01 00:00:00',NULL,NULL,NULL),(2112,'TEC/3/RM/003','IMPLEMENTASI PROGRAM PENGEMBANGAN PROSES DAN KONSERVASI ENERGI','KS','1',NULL,'2013-10-01 00:00:00',NULL,NULL,NULL),(2113,'TEC/3/SR/004','CATALOGING MICROSTRUCTURE','KS','1',NULL,'2013-10-01 00:00:00',NULL,NULL,NULL),(2114,'TEC/3/TE/004','IMPLEMENTASI PEKERJAAN OTOMASI','KS','1',NULL,'2013-10-01 00:00:00',NULL,NULL,NULL),(2115,'TEC/3/TE00/001','PEMBUATAN TERM OF REFERENCE (TOR) PEKERJAAN TEKNOLOGI OTOMASI PROSES','KS','1',NULL,'2013-10-01 00:00:00',NULL,NULL,NULL),(2116,'TEC/3/TE00/002','PEMBUATAN ENGINEERING ESTIMATE (EE) PEKERJAAN TEKNOLOGI OTOMASI PROSE','KS','1',NULL,'2013-10-01 00:00:00',NULL,NULL,NULL),(2117,'TEC/3/TE00/003','PEMBUATAN PRE-FEASIBILITY STUDY  PEKERJAAN  TEKNOLOGI OTOMASI PROSES','KS','1',NULL,'2013-10-01 00:00:00',NULL,NULL,NULL),(2118,'TEC/3/TE00/005','PEMBUATAN BERITA SERAH TERIMA PEKERJAAN TEKNOLOGI OTOMASI PROSES','KS','1',NULL,'2013-10-01 00:00:00',NULL,NULL,NULL),(2119,'TEC/3/TJ/001','PEMBUATAN LAPORAN PEMAKAIAN DERMAGA PELSUS CIGADING','KS','1',NULL,'2013-10-01 00:00:00',NULL,NULL,NULL),(2120,'TEC/3/TJ/002','SELEKSI & PRIORITAS USULAN ANGGARAN PEMBANGUNAN RUTIN','KS','1',NULL,'2013-10-01 00:00:00',NULL,NULL,NULL),(2121,'TEC/3/TJ/003','REVIEW FEASIBILITY STUDY PROYEK PEMBANGUNAN RUTIN','KS','1',NULL,'2013-10-01 00:00:00',NULL,NULL,NULL),(2122,'TEC/3/TN00/001','RAPAT KOORDINASI','KS','1',NULL,'2013-10-01 00:00:00',NULL,NULL,NULL),(2123,'TEC/3/TP/001','PEDOMAN UMUM PENGADAAN PERANGKAT KERAS KOMPUTER DENGAN SIST. SEWA','KS','1',NULL,'2013-10-01 00:00:00',NULL,NULL,NULL),(2124,'TEC/3/UB/001','PEMBUATAN LAPORAN DAN PENJADWALAN PROYEK','KS','1',NULL,'2013-10-01 00:00:00',NULL,NULL,NULL),(2125,'TEC/3/UB/002','PERENCANAAN PEMBANGUNAN','KS','1',NULL,'2013-10-01 00:00:00',NULL,NULL,NULL),(2126,'TEC/3/UB/003','PENJADWALAN PROYEK','KS','1',NULL,'2013-10-01 00:00:00',NULL,NULL,NULL),(2127,'TEC/3/UB/004','PEMBUATAN OWNER ESTIMATE','KS','1',NULL,'2013-10-01 00:00:00',NULL,NULL,NULL),(2128,'TEC/3/UB/005','PEMBUATAN LAPORAN PROYEK','KS','1',NULL,'2013-10-01 00:00:00',NULL,NULL,NULL),(2129,'TEC/3/UB/006','PEMBUATAN KONTRAK/JOB ORDER','KS','1',NULL,'2013-10-01 00:00:00',NULL,NULL,NULL),(2130,'TEC/3/UB/007','PENGAWASAN DAN PENERIMAAN JASA PEMBANGUNAN','KS','1',NULL,'2013-10-01 00:00:00',NULL,NULL,NULL),(2131,'TEK-01','PROSEDUR KAJIAN STRATEGI TEKNOLOGI DAN PRODUK','KS','1',NULL,'2013-10-01 00:00:00',NULL,NULL,NULL),(2132,'TEK-02','PROSEDUR  KAJIAN/STUDI TEKNOLOGI','KS','1',NULL,'2013-10-01 00:00:00',NULL,NULL,NULL),(2133,'TJM-01','PROGRAM KEMITRAAN DAN BINA LINGKUNGAN','KS','1',NULL,'2013-10-01 00:00:00',NULL,NULL,NULL),(2134,'TJM-02.','PROSEDUR KESEKRETARIATAN DAN KOMUNIKASI PERUSAHAAN','KS','1',NULL,'2013-10-01 00:00:00',NULL,NULL,NULL),(2135,'TLC-01','IDENTIFIKSI ASPEK LINGKUNGAN DAN BISNIS PERUSAHAAN','KS','1',NULL,'2013-10-01 00:00:00',NULL,NULL,NULL),(2136,'TLC-02','Identifikasi & Evaluasi Peraturan Perundang-undangan, Aspek Lingkungan & Bisnis Perusahaan','KS','1',NULL,'2013-10-01 00:00:00',NULL,NULL,NULL),(2137,'TLC-03','PENYUSUNAN PROGRAM PENGENDALIAN DAMPAK INDUSTRI','KS','1',NULL,'2013-10-01 00:00:00',NULL,NULL,NULL),(2138,'TLC-04','PROSEDUR TANGGAP DARURAT','KS','1',NULL,'2013-10-01 00:00:00',NULL,NULL,NULL),(2139,'TLC-05','PENGAMANAN ASET PERUSAHAAN','KS','1',NULL,'2013-10-01 00:00:00',NULL,NULL,NULL);

#
# Structure for table "tbltype"
#

DROP TABLE IF EXISTS `tbltype`;
CREATE TABLE `tbltype` (
  `kodetype` int(4) NOT NULL AUTO_INCREMENT,
  `type` varchar(255) DEFAULT NULL,
  `idPerusahaan` char(10) NOT NULL DEFAULT '',
  `creator` char(10) DEFAULT NULL,
  `modifier` char(10) DEFAULT NULL,
  `tgl_creator` datetime DEFAULT NULL,
  `tgl_modifier` datetime DEFAULT NULL,
  PRIMARY KEY (`kodetype`,`idPerusahaan`)
) ENGINE=InnoDB AUTO_INCREMENT=5 DEFAULT CHARSET=latin1 ROW_FORMAT=COMPACT;

#
# Data for table "tbltype"
#

INSERT INTO `tbltype` VALUES (1,'Bisnis Proses','KS',NULL,NULL,NULL,NULL),(2,'Corporate Level','KS',NULL,NULL,NULL,NULL),(3,'Project','KS',NULL,NULL,NULL,NULL),(4,'Perencanaan','KS',NULL,NULL,NULL,NULL);

#
# Structure for table "tblunit"
#

DROP TABLE IF EXISTS `tblunit`;
CREATE TABLE `tblunit` (
  `idUnit` int(11) NOT NULL AUTO_INCREMENT,
  `idCc` int(11) NOT NULL DEFAULT '0',
  `idParent` int(11) DEFAULT NULL,
  `kodeunit` char(10) NOT NULL DEFAULT '',
  `unitkerja` char(150) NOT NULL DEFAULT '',
  `idKaryawan` char(20) DEFAULT NULL,
  `lokasi` varchar(255) DEFAULT NULL,
  `telp` char(20) DEFAULT NULL,
  `fax` char(20) DEFAULT NULL,
  `kodesubdirektorat` varchar(30) DEFAULT NULL,
  `idPerusahaan` char(10) NOT NULL DEFAULT '',
  `creator` char(10) DEFAULT NULL,
  `modifier` char(10) DEFAULT NULL,
  `tgl_creator` datetime DEFAULT NULL,
  `tgl_modifier` datetime DEFAULT NULL,
  PRIMARY KEY (`idUnit`),
  KEY `cc` (`idCc`),
  CONSTRAINT `cc` FOREIGN KEY (`idCc`) REFERENCES `cost_center` (`idCc`)
) ENGINE=InnoDB AUTO_INCREMENT=1000000 DEFAULT CHARSET=latin1 ROW_FORMAT=COMPACT;

#
# Data for table "tblunit"
#

INSERT INTO `tblunit` VALUES (1,1,0,'10000','DIREKTORAT UTAMA','9',NULL,NULL,NULL,NULL,'KS',NULL,NULL,NULL,NULL),(2,34,0,'20000','DIREKTORAT LOGISTIK','1122',NULL,NULL,NULL,NULL,'KS',NULL,NULL,NULL,NULL),(3,67,0,'30000','DIREKTORAT PRODUKSI','1634',NULL,NULL,NULL,NULL,'KS',NULL,NULL,NULL,NULL),(4,44,0,'40000','DIREKTORAT PEMASARAN','1298',NULL,NULL,NULL,NULL,'KS',NULL,NULL,NULL,NULL),(5,17,0,'50000','DIREKTORAT KEUANGAN','900',NULL,NULL,NULL,NULL,'KS',NULL,NULL,NULL,NULL),(6,7,0,'60000','DIREKTORAT SDM & UMUM','238',NULL,NULL,NULL,NULL,'KS',NULL,NULL,NULL,NULL),(7,10,0,'70000','DIREKTORAT TEKNOLOGI&PENGEMBANGAN USAHA',NULL,NULL,NULL,NULL,NULL,'KS',NULL,NULL,NULL,NULL),(8,2,1,'12000','GM.  CORPORATE SECRETARY','28',NULL,NULL,NULL,NULL,'KS',NULL,NULL,NULL,NULL),(9,90,1,'13000','INTERNAL AUDIT',NULL,NULL,NULL,NULL,NULL,'KS',NULL,NULL,NULL,NULL),(10,35,2,'22000','GM.  LOGISTIC PLANNING','1126',NULL,NULL,NULL,NULL,'KS',NULL,NULL,NULL,NULL),(11,36,2,'23000','GM.  PROCUREMENT','1132',NULL,NULL,NULL,NULL,'KS',NULL,NULL,NULL,NULL),(12,57,3,'32000','GM.  QUALITY ASSURANCE','1491',NULL,NULL,NULL,NULL,'KS',NULL,NULL,NULL,NULL),(13,68,3,'33000','GM.  IRON & STEEL MAKING','1637',NULL,NULL,NULL,NULL,'KS',NULL,NULL,NULL,NULL),(14,69,3,'34000','GM. ROLLING MILL','1653',NULL,NULL,NULL,NULL,'KS',NULL,NULL,NULL,NULL),(15,77,3,'35000','GM.  CENTRAL MAINTENANCE & FACILITIES','1914',NULL,NULL,NULL,NULL,'KS',NULL,NULL,NULL,NULL),(16,70,3,'36000','GM.  PROD PLANNING & SUPPLY CHAIN MGT','1654',NULL,NULL,NULL,NULL,'KS',NULL,NULL,NULL,NULL),(17,45,4,'42000','GENERAL MANAGER  SALES I','1299',NULL,NULL,NULL,NULL,'KS',NULL,NULL,NULL,NULL),(18,46,4,'43000','GENERAL MANAGER  SALES II','1307',NULL,NULL,NULL,NULL,'KS',NULL,NULL,NULL,NULL),(19,47,4,'44000','GENERAL MANAGER  MARKETING','1314',NULL,NULL,NULL,NULL,'KS',NULL,NULL,NULL,NULL),(20,18,5,'52000','GENERAL MANAGER  ACCOUNTING','905',NULL,NULL,NULL,NULL,'KS',NULL,NULL,NULL,NULL),(21,19,5,'53000','GENERAL MANAGER CORPORATE FINANCE','909',NULL,NULL,NULL,NULL,'KS',NULL,NULL,NULL,NULL),(22,20,5,'54000','GM.  SUBSIDIARIES COMPANY','911',NULL,NULL,NULL,NULL,'KS',NULL,NULL,NULL,NULL),(23,64,5,'55000','GM. MANAGER BUS ENABLER & IT/IS',NULL,NULL,NULL,NULL,NULL,'KS',NULL,NULL,NULL,NULL),(25,15,6,'62000','GENERAL MANAGER HUMAN CAPITAL PLANNING & DEVELOPMENT',NULL,NULL,NULL,NULL,NULL,'KS',NULL,NULL,NULL,NULL),(26,8,6,'63000','GM.  HUMAN CAPITAL ADM & GEN AFFAIR','379',NULL,NULL,NULL,NULL,'KS',NULL,NULL,NULL,NULL),(27,59,7,'72000','GM.  RESEARCH & TECHNOLOGY','1501',NULL,NULL,NULL,NULL,'KS',NULL,NULL,NULL,NULL),(28,58,7,'73000','GM.  CORPORATE PLANNING & BUSSINES DEV','1495',NULL,NULL,NULL,NULL,'KS',NULL,NULL,NULL,NULL),(29,56,7,'74000','GM.  BLAST FURNACE PROJECT',NULL,NULL,NULL,NULL,NULL,'KS',NULL,NULL,NULL,NULL),(30,5,8,'12200','MANAGER CORPORATE COMMUNICATION','64',NULL,NULL,NULL,NULL,'KS',NULL,NULL,NULL,NULL),(31,4,8,'12400','MANAGER GCG & RISK MANAGEMENT','53',NULL,NULL,NULL,NULL,'KS',NULL,NULL,NULL,NULL),(32,3,8,'12500','MANAGER LEGAL OFFICE','42',NULL,NULL,NULL,NULL,'KS',NULL,NULL,NULL,NULL),(33,89,8,'12501','BAHANA SURYA','2461',NULL,NULL,NULL,NULL,'KS',NULL,NULL,NULL,NULL),(34,38,10,'22200','MANAGER CATALOGING & SOURCING MANAGEMENT','1178',NULL,NULL,NULL,NULL,'KS',NULL,NULL,NULL,NULL),(35,91,10,'22300','MANAGER PROCUREMENT PLANNING','2468',NULL,NULL,NULL,NULL,'KS',NULL,NULL,NULL,NULL),(36,39,10,'22400','MANAGER WAREHOUSING MANAGEMENT','1195',NULL,NULL,NULL,NULL,'KS',NULL,NULL,NULL,NULL),(37,42,10,'22500','MANAGER VENDOR & IMPORT MANAGEMENT','1271',NULL,NULL,NULL,NULL,'KS',NULL,NULL,NULL,NULL),(38,40,11,'23200','MANAGER SPARE PART PROCUREMENT','1233',NULL,NULL,NULL,NULL,'KS',NULL,NULL,NULL,NULL),(39,41,11,'23300','MANAGER  RAW MATERIAL PROCUREMENT','1244',NULL,NULL,NULL,NULL,'KS',NULL,NULL,NULL,NULL),(40,43,11,'23400','MANAGER SERVICES PROCUREMENT','1289',NULL,NULL,NULL,NULL,'KS',NULL,NULL,NULL,NULL),(41,71,12,'30200','MANAGER SAFETY & ENVIRONMENT','1685',NULL,NULL,NULL,NULL,'KS',NULL,NULL,NULL,NULL),(42,76,12,'32200','MANAGER QUALITY PROMOTOR & MGT SYSTEM','1891',NULL,NULL,NULL,NULL,'KS',NULL,NULL,NULL,NULL),(43,61,12,'32300','MANAGER MATERIAL & PRODUCT DEVELOPMENT','1529',NULL,NULL,NULL,NULL,'KS',NULL,NULL,NULL,NULL),(44,75,12,'32400','MANAGER QUALITY CONTROL','1865',NULL,NULL,NULL,NULL,'KS',NULL,NULL,NULL,NULL),(45,53,12,'32500','MANAGER CUSTOMER TECHNICAL SERVICE','1374',NULL,NULL,NULL,NULL,'KS',NULL,NULL,NULL,NULL),(46,82,13,'33500','MANAGER SLAB STEEL PLANT','2107',NULL,NULL,NULL,NULL,'KS',NULL,NULL,NULL,NULL),(47,83,13,'33600','MANAGER  PRWT PABRIK PENGOLAHAN BAJA','2167',NULL,NULL,NULL,NULL,'KS',NULL,NULL,NULL,NULL),(48,81,13,'33700','MANAGER BILLET STEEL PLANT','2060',NULL,NULL,NULL,NULL,'KS',NULL,NULL,NULL,NULL),(49,92,13,'33701','MANAGER  DIRECT REDUCTION PLANT',NULL,NULL,NULL,NULL,NULL,'KS',NULL,NULL,NULL,NULL),(50,85,14,'34200','MANAGER PABRIK PENGEROLAN BLP','2256',NULL,NULL,NULL,NULL,'KS',NULL,NULL,NULL,NULL),(51,86,14,'34300','MANAGER PRWT PABRIK BLP & BATANG KAWAT','2305',NULL,NULL,NULL,NULL,'KS',NULL,NULL,NULL,NULL),(52,88,14,'34500','MANAGER PRWT.PABRIK PENGEROLAN BLD','2436',NULL,NULL,NULL,NULL,'KS',NULL,NULL,NULL,NULL),(53,84,14,'34600','MANAGER PABRIK BATANG KAWAT','2193',NULL,NULL,NULL,NULL,'KS',NULL,NULL,NULL,NULL),(54,87,14,'34601','MANAGER PABRIK PENGEROLAN BLD','2397',NULL,NULL,NULL,NULL,'KS',NULL,NULL,NULL,NULL),(55,78,15,'35200','MANAGER WORK SHOP & FIELD MAINTENANCE','1950',NULL,NULL,NULL,NULL,'KS',NULL,NULL,NULL,NULL),(56,0,15,'35300','MANAGER DESIGN & TECHNICAL ENGINEERING',NULL,NULL,NULL,NULL,NULL,'KS',NULL,NULL,NULL,NULL),(57,79,15,'35400','MANAGER UTILITIES & ENERGY MANAGEMENT','1999',NULL,NULL,NULL,NULL,'KS',NULL,NULL,NULL,NULL),(58,37,15,'35500','MANAGER PLANT MAINTENANCE SERVICE','1148',NULL,NULL,NULL,NULL,'KS',NULL,NULL,NULL,NULL),(59,73,16,'36200','MANAGER  SUPPLY CHAIN & IMPROVEMENT','1745',NULL,NULL,NULL,NULL,'KS',NULL,NULL,NULL,NULL),(60,72,16,'36300','MANAGER  PRODUCTION PLANNING & CONTROL','1716',NULL,NULL,NULL,NULL,'KS',NULL,NULL,NULL,NULL),(61,48,17,'42200','MANAGER STRATEGIC ACCT1  P, T & REROLLING','1320',NULL,NULL,NULL,NULL,'KS',NULL,NULL,NULL,NULL),(62,51,17,'42300','MANAGER  STRATEGIC ACCT2 GST&SHIP BUILDING','1356',NULL,NULL,NULL,NULL,'KS',NULL,NULL,NULL,NULL),(63,49,18,'43300','MANAGER STRATEGIC ACCOUNT 3 CRC&AUTOMOTIV','1325',NULL,NULL,NULL,NULL,'KS',NULL,NULL,NULL,NULL),(64,50,18,'43301','MANAGER SA 4 LP,BP & IS, REG & PROJECT','1336',NULL,NULL,NULL,NULL,'KS',NULL,NULL,NULL,NULL),(65,55,19,'44200','MANAGER  MARKET RESEARCH & DEVELOPMENT','1406',NULL,NULL,NULL,NULL,'KS',NULL,NULL,NULL,NULL),(66,52,19,'44300','MANAGER  PRODUCT & PROFITABILITY ANALYSIS','1362',NULL,NULL,NULL,NULL,'KS',NULL,NULL,NULL,NULL),(67,54,19,'44400','MANAGER MARKETING INFO SYSTEM & SALES ADM','1396',NULL,NULL,NULL,NULL,'KS',NULL,NULL,NULL,NULL),(68,74,19,'44401','MANAGER  FINISHED PRODUCT & DISTRIBUTION','1795',NULL,NULL,NULL,NULL,'KS',NULL,NULL,NULL,NULL),(69,23,20,'52200','MANAGER  AKUNTANSI KEUANGAN','982',NULL,NULL,NULL,NULL,'KS',NULL,NULL,NULL,NULL),(70,24,20,'52300','MANAGER AKUNTANSI MANAJEMEN','1004',NULL,NULL,NULL,NULL,'KS',NULL,NULL,NULL,NULL),(71,22,20,'52400','MANAGER AKUNTANSI PABRIK','945',NULL,NULL,NULL,NULL,'KS',NULL,NULL,NULL,NULL),(72,28,21,'53200','MANAGER  FUNDING STRATEGY','1090',NULL,NULL,NULL,NULL,'KS',NULL,NULL,NULL,NULL),(73,25,21,'53300','MANAGER  OPERASI PENDANAAN','1022',NULL,NULL,NULL,NULL,'KS',NULL,NULL,NULL,NULL),(74,26,21,'53400','MANAGER  PAJAK, ASURANSI & FAKTUR','1055',NULL,NULL,NULL,NULL,'KS',NULL,NULL,NULL,NULL),(75,29,21,'53500','MANAGER  PERWAKILAN KEUANGAN JAKARTA','1093',NULL,NULL,NULL,NULL,'KS',NULL,NULL,NULL,NULL),(76,27,21,'53600','MANAGER  CREDIT & COLLECTION','1068',NULL,NULL,NULL,NULL,'KS',NULL,NULL,NULL,NULL),(77,30,21,'53700','GROUP PROJECT FINANCE','1101',NULL,NULL,NULL,NULL,'KS',NULL,NULL,NULL,NULL),(78,31,22,'54200','MANAGER  MJN BISNIS AP&PP BIDANG JASA','1106',NULL,NULL,NULL,NULL,'KS',NULL,NULL,NULL,NULL),(79,32,22,'54300','MANAGER  MJN BISNIS AP&PP BIDANG MANUFAKTUR','1112',NULL,NULL,NULL,NULL,'KS',NULL,NULL,NULL,NULL),(80,14,6,'60200','MANAGER COMMUNITY DEVELOPMENT','514',NULL,NULL,NULL,NULL,'KS',NULL,NULL,NULL,NULL),(81,12,26,'63200','MANAGER PERFORMANCE MGT & COMPENSATION','469',NULL,NULL,NULL,NULL,'KS',NULL,NULL,NULL,NULL),(82,10,26,'63300','MANAGER  HUMAN CAPITAL INTEGRATION & ADM','406',NULL,NULL,NULL,NULL,'KS',NULL,NULL,NULL,NULL),(83,13,26,'63400','MANAGER  GENERAL AFFAIR','488',NULL,NULL,NULL,NULL,'KS',NULL,NULL,NULL,NULL),(84,16,26,'63500','MANAGER  SECURITY','898',NULL,NULL,NULL,NULL,'KS',NULL,NULL,NULL,NULL),(85,7,26,'63501','GROUP LEADER CORP. CULTUR','238',NULL,NULL,NULL,NULL,'KS',NULL,NULL,NULL,NULL),(86,63,27,'72200','MANAGER  TECHNOLOGY & PROCESS DEVELOPMENT','1576',NULL,NULL,NULL,NULL,'KS',NULL,NULL,NULL,NULL),(87,62,27,'72300','MANAGER APPLIED RESEARCH','1560',NULL,NULL,NULL,NULL,'KS',NULL,NULL,NULL,NULL),(88,60,27,'72400','MANAGER  ENERGY & RESOURCES DEVELOPMENT','1512',NULL,NULL,NULL,NULL,'KS',NULL,NULL,NULL,NULL),(89,33,28,'73200','MANAGER  STRATEGIC PLANNING & INVES PORTFOLIO','1116',NULL,NULL,NULL,NULL,'KS',NULL,NULL,NULL,NULL),(90,66,28,'73300','MANAGER  PROJECT DEVELOPMENT','1624',NULL,NULL,NULL,NULL,'KS',NULL,NULL,NULL,NULL),(91,56,29,'74200','MANAGER  BLAST FURNACE PROJECT INTEGRATION',NULL,NULL,NULL,NULL,NULL,'KS',NULL,NULL,NULL,NULL),(92,46,18,'43200','GENERAL MANAGER  SALES II','1307',NULL,NULL,NULL,NULL,'KS',NULL,NULL,NULL,NULL),(93,21,5,'50200','INVESTOR RELATION','914',NULL,NULL,NULL,NULL,'KS',NULL,NULL,NULL,NULL),(94,65,23,'55300','MANAGER PROCESS AUTOMATION','1610',NULL,NULL,NULL,NULL,'KS',NULL,NULL,NULL,NULL),(95,64,23,'55400','MANAGER BUS ENABLER & IT/IS','1595',NULL,NULL,NULL,NULL,'KS',NULL,NULL,NULL,NULL),(96,9,25,'62200','MANAGER ORGANIZATION DESIGN & HCP','384',NULL,NULL,NULL,NULL,'KS',NULL,NULL,NULL,NULL),(97,11,25,'62300','MANAGER HUMAN CAPITAL DEV. & LEARING CENTRE','446',NULL,NULL,NULL,NULL,'KS',NULL,NULL,NULL,NULL),(98,15,25,'62301','GM. HUMAN CAPITAL PLANNING & DEVELOPMENT','592',NULL,NULL,NULL,NULL,'KS',NULL,NULL,NULL,NULL),(99,11,25,'62302','MANAGER HUMAN CAPITAL DEV. & LEARING CENTRE','446',NULL,NULL,NULL,NULL,'KS',NULL,NULL,NULL,NULL),(100,6,7,'70200','MANAGER  PROJECT MANAGEMENT','77',NULL,NULL,NULL,NULL,'KS',NULL,NULL,NULL,NULL),(101,56,7,'70201','DIREKTUR TEKNOLOGI & PENGEMBANGAN USAHA',NULL,NULL,NULL,NULL,NULL,'KS',NULL,NULL,NULL,NULL),(999999,999999,999999,'999999','DUMMY UNIT KERJA',NULL,NULL,NULL,NULL,NULL,'KS',NULL,NULL,NULL,NULL);

#
# Structure for table "sys_user"
#

DROP TABLE IF EXISTS `sys_user`;
CREATE TABLE `sys_user` (
  `idUser` int(11) NOT NULL AUTO_INCREMENT,
  `idKaryawan` int(11) NOT NULL DEFAULT '0',
  `idUnit` int(11) NOT NULL DEFAULT '0',
  `username` char(30) NOT NULL DEFAULT '',
  `userpass` varchar(50) DEFAULT NULL,
  `group_id` int(11) DEFAULT NULL,
  `aktif` char(1) DEFAULT NULL,
  `creator` char(10) DEFAULT NULL,
  `modifier` char(10) DEFAULT NULL,
  `tgl_creator` date DEFAULT NULL,
  `tgl_modifier` date DEFAULT NULL,
  PRIMARY KEY (`idUser`),
  KEY `idUnit` (`idUnit`),
  KEY `idKary` (`idKaryawan`),
  CONSTRAINT `idKary` FOREIGN KEY (`idKaryawan`) REFERENCES `tblkaryawan` (`idKaryawan`),
  CONSTRAINT `idUnit` FOREIGN KEY (`idUnit`) REFERENCES `tblunit` (`idUnit`)
) ENGINE=InnoDB AUTO_INCREMENT=1000000 DEFAULT CHARSET=latin1 ROW_FORMAT=DYNAMIC;

#
# Data for table "sys_user"
#

INSERT INTO `sys_user` VALUES (1,1129,10,'10084','10084',7,'1',NULL,NULL,NULL,NULL),(2,1749,59,'10122','mgk10122',7,'1',NULL,NULL,NULL,NULL),(3,1512,88,'10231','10231',6,'1',NULL,NULL,NULL,NULL),(4,1865,44,'10233','10233',6,'1',NULL,NULL,NULL,NULL),(5,1091,72,'10353','wi10353r',7,'1',NULL,NULL,NULL,NULL),(6,2062,48,'11438','ir11438',7,'1',NULL,NULL,NULL,NULL),(7,85,85,'3723','3723',7,'1',NULL,NULL,NULL,NULL),(8,2125,47,'3791','3791',7,'1',NULL,NULL,NULL,NULL),(9,2190,53,'3879','3879',7,'1',NULL,NULL,NULL,NULL),(10,383,96,'5017','5017',7,'1',NULL,NULL,NULL,NULL),(11,384,96,'5054','5054',6,'1',NULL,NULL,NULL,NULL),(12,1576,86,'5457','5457',6,'1',NULL,NULL,NULL,NULL),(13,1999,57,'6725','6725',6,'1',NULL,NULL,NULL,NULL),(14,375,26,'6880','6880',7,'1',NULL,NULL,NULL,NULL),(15,2003,57,'7178','7178',7,'1',NULL,NULL,NULL,NULL),(16,1110,79,'8162','81060',7,'1',NULL,NULL,NULL,NULL),(17,2167,47,'8239','8239',6,'1',NULL,NULL,NULL,NULL),(18,1560,87,'8441','8441',6,'1',NULL,NULL,NULL,NULL),(19,1025,73,'8634','o8634',7,'1',NULL,NULL,NULL,NULL),(20,2373,54,'9032','9032',7,'1',NULL,NULL,NULL,NULL),(21,1509,88,'9958','140287',7,'1',NULL,NULL,NULL,NULL),(22,903,20,'aang bh','8088',7,'1',NULL,NULL,NULL,NULL),(23,1599,95,'abdulh.muslim','KS10083',7,'1',NULL,NULL,NULL,NULL),(24,1481,29,'adef.nugraha','11806',7,'1',NULL,NULL,NULL,NULL),(25,2360,51,'adi','6601',7,'1',NULL,NULL,NULL,NULL),(26,1,1,'adminks','2013',3,'1',NULL,NULL,NULL,NULL),(27,514,80,'adriana','8169',6,'1',NULL,NULL,NULL,NULL),(28,1116,89,'AdriM','blast',6,'1',NULL,NULL,NULL,NULL),(29,379,26,'agus.n','10295',5,'1',NULL,NULL,NULL,NULL),(30,1890,42,'aguscik','6563',7,'1',NULL,NULL,NULL,NULL),(31,890,84,'agustiar','agoest',7,'1',NULL,NULL,NULL,NULL),(32,1355,62,'aji.p','11795',7,'1',NULL,NULL,NULL,NULL),(33,1374,45,'alhadis','10711',6,'1',NULL,NULL,NULL,NULL),(34,28,8,'andi_f','andi',5,'1',NULL,NULL,NULL,NULL),(35,1132,11,'andi_rl','9863',7,'1',NULL,NULL,NULL,NULL),(36,1796,68,'andre.ht','10315',6,'1',NULL,NULL,NULL,NULL),(37,1271,37,'andrinal','9910',6,'1',NULL,NULL,NULL,NULL),(38,1492,12,'andryanto','8009',7,'1',NULL,NULL,NULL,NULL),(39,909,21,'ani_sh','9641',5,'1',NULL,NULL,NULL,NULL),(40,2060,48,'arief-p','10712',6,'1',NULL,NULL,NULL,NULL),(41,450,97,'arsudin','7646',7,'1',NULL,NULL,NULL,NULL),(42,898,84,'asep.m','asep.m',6,'1',NULL,NULL,NULL,NULL),(43,1495,28,'bagoes','8565',5,'1',NULL,NULL,NULL,NULL),(44,1180,34,'bahwana','11814',7,'1',NULL,NULL,NULL,NULL),(45,1362,66,'basuki','10349',6,'1',NULL,NULL,NULL,NULL),(46,1529,43,'BENO.S','8442',6,'1',NULL,NULL,NULL,NULL),(47,406,82,'budi','budi7658',6,'1',NULL,NULL,NULL,NULL),(48,1500,27,'cipta','aladin6124',7,'1',NULL,NULL,NULL,NULL),(49,1008,70,'daneka','daneka',7,'1',NULL,NULL,NULL,NULL),(50,2210,50,'darwanto','darwanto',7,'1',NULL,NULL,NULL,NULL),(51,1178,34,'dasril','10260',6,'1',NULL,NULL,NULL,NULL),(52,945,71,'dazul.h','10324',6,'1',NULL,NULL,NULL,NULL),(53,451,97,'dede','amirhamz',7,'1',NULL,NULL,NULL,NULL),(54,1055,74,'dekrit','10070',6,'1',NULL,NULL,NULL,NULL),(55,1232,38,'deni.p','deni.p',7,'1',NULL,NULL,NULL,NULL),(56,48,31,'didi.permadi','6001',7,'1',NULL,NULL,NULL,NULL),(57,1543,87,'djamal','rara2011',7,'1',NULL,NULL,NULL,NULL),(58,1314,19,'djoko_m','8062',6,'1',NULL,NULL,NULL,NULL),(59,1745,59,'effendi','10089',6,'1',NULL,NULL,NULL,NULL),(60,1336,63,'ekasetya','8457',6,'1',NULL,NULL,NULL,NULL),(61,1106,78,'ekaswara','6279',6,'1',NULL,NULL,NULL,NULL),(62,1882,44,'endang','endang',7,'1',NULL,NULL,NULL,NULL),(63,1539,43,'engkus','10953',7,'1',NULL,NULL,NULL,NULL),(64,1107,78,'evinda','10336',7,'1',NULL,NULL,NULL,NULL),(65,1148,58,'f.bujang','8136',6,'1',NULL,NULL,NULL,NULL),(66,1120,2,'farjumza','5970',7,'1',NULL,NULL,NULL,NULL),(67,1272,37,'ferdis','bismillah',7,'1',NULL,NULL,NULL,NULL),(68,905,20,'firman','10052',5,'1',NULL,NULL,NULL,NULL),(69,67,30,'firman.t','10368',7,'1',NULL,NULL,NULL,NULL),(70,77,100,'gersang','10256',6,'1',NULL,NULL,NULL,NULL),(71,1240,39,'hamid','hamid',7,'1',NULL,NULL,NULL,NULL),(72,1216,36,'hardek','h9654j',7,'1',NULL,NULL,NULL,NULL),(73,982,69,'hariana','hariana',6,'1',NULL,NULL,NULL,NULL),(74,911,22,'haris_s','6634',5,'1',NULL,NULL,NULL,NULL),(75,1068,76,'harjana','ks6242',6,'1',NULL,NULL,NULL,NULL),(76,910,21,'harjana2','ks6242',7,'1',NULL,NULL,NULL,NULL),(77,2193,53,'hartanto','ks7246',6,'1',NULL,NULL,NULL,NULL),(78,1600,95,'helminur','10112',7,'1',NULL,NULL,NULL,NULL),(79,1244,39,'heri','8019',6,'1',NULL,NULL,NULL,NULL),(80,1112,79,'hermawan','10334',6,'1',NULL,NULL,NULL,NULL),(81,1595,95,'hotland','9490',6,'1',NULL,NULL,NULL,NULL),(82,515,80,'ifat','ifat',7,'1',NULL,NULL,NULL,NULL),(83,497,83,'iim.f','11037',7,'1',NULL,NULL,NULL,NULL),(84,1914,15,'indra_p','6384',5,'1',NULL,NULL,NULL,NULL),(85,956,71,'irsyad','irsyad',7,'1',NULL,NULL,NULL,NULL),(86,1625,90,'ismail.7674','ismail64',7,'1',NULL,NULL,NULL,NULL),(87,1891,42,'joko.w','6947',6,'1',NULL,NULL,NULL,NULL),(88,24,8,'jupri','8741',7,'1',NULL,NULL,NULL,NULL),(89,1004,70,'koesma','koesma',6,'1',NULL,NULL,NULL,NULL),(90,1610,94,'krisna','8154',6,'1',NULL,NULL,NULL,NULL),(91,351,6,'Kunto','10694',6,'1',NULL,NULL,NULL,NULL),(92,1685,41,'leopold','8657',6,'1',NULL,NULL,NULL,NULL),(93,912,22,'liena.m','10355',7,'1',NULL,NULL,NULL,NULL),(94,1346,64,'m.aldi','11443',7,'1',NULL,NULL,NULL,NULL),(95,469,81,'m.kohir','10254',6,'1',NULL,NULL,NULL,NULL),(96,991,69,'malikul','mm',7,'1',NULL,NULL,NULL,NULL),(97,2256,50,'mardiana','10709',6,'1',NULL,NULL,NULL,NULL),(98,1299,17,'marsidon','marsidon',5,'1',NULL,NULL,NULL,NULL),(99,467,81,'masduki','9343',7,'1',NULL,NULL,NULL,NULL),(100,1161,58,'merly','11446',7,'1',NULL,NULL,NULL,NULL),(101,1791,68,'muhni','1506',7,'1',NULL,NULL,NULL,NULL),(102,592,98,'mujiono','8142',5,'1',NULL,NULL,NULL,NULL),(103,1950,55,'musabiq','8453',6,'1',NULL,NULL,NULL,NULL),(104,1081,76,'muzakir','10339',7,'1',NULL,NULL,NULL,NULL),(105,1654,16,'nanang.p','7659',5,'1',NULL,NULL,NULL,NULL),(106,1022,73,'napisah','7845',6,'1',NULL,NULL,NULL,NULL),(107,1637,13,'nasrun','5488',5,'1',NULL,NULL,NULL,NULL),(108,488,83,'nooryudo','nooryudono',6,'1',NULL,NULL,NULL,NULL),(109,1653,14,'nugroho','10291',6,'1',NULL,NULL,NULL,NULL),(110,2461,33,'otong','otong',7,'1',NULL,NULL,NULL,NULL),(111,1366,66,'paris.agustono','no9951p',7,'1',NULL,NULL,NULL,NULL),(112,1313,19,'paris.agustono.','no9951p',7,'1',NULL,NULL,NULL,NULL),(113,42,32,'priautama','10716',6,'1',NULL,NULL,NULL,NULL),(114,1911,15,'purnomo','5223',7,'1',NULL,NULL,NULL,NULL),(115,1303,17,'purwanto','to8814h',7,'1',NULL,NULL,NULL,NULL),(116,1404,65,'rachma','10758',7,'1',NULL,NULL,NULL,NULL),(117,1499,28,'raden.oy','10143',7,'1',NULL,NULL,NULL,NULL),(118,914,93,'robby','6927',5,'1',NULL,NULL,NULL,NULL),(119,1581,86,'rohadi','rohadi',7,'1',NULL,NULL,NULL,NULL),(120,1099,77,'rohani','5423',7,'1',NULL,NULL,NULL,NULL),(121,1624,90,'roos','6273',6,'1',NULL,NULL,NULL,NULL),(122,1305,92,'rosani','6955',7,'1',NULL,NULL,NULL,NULL),(123,1090,72,'rosita','rosita',6,'1',NULL,NULL,NULL,NULL),(124,1119,89,'roy','10143',7,'1',NULL,NULL,NULL,NULL),(125,238,6,'rurjaman','8279',6,'1',NULL,NULL,NULL,NULL),(126,1952,55,'santoso','8554',7,'1',NULL,NULL,NULL,NULL),(127,1289,40,'sapei','sapei',6,'1',NULL,NULL,NULL,NULL),(128,1718,60,'sarhali','7014',7,'1',NULL,NULL,NULL,NULL),(129,2305,51,'satrio','satrio',6,'1',NULL,NULL,NULL,NULL),(130,442,82,'shally','881079',7,'1',NULL,NULL,NULL,NULL),(131,1642,13,'sihotang','10949',7,'1',NULL,NULL,NULL,NULL),(132,1093,75,'siswoyo','5271',6,'1',NULL,NULL,NULL,NULL),(133,41,32,'siti.nur','siti.nur',7,'1',NULL,NULL,NULL,NULL),(134,1348,62,'slamet','8260',6,'1',NULL,NULL,NULL,NULL),(135,1491,12,'somantri','8112',5,'1',NULL,NULL,NULL,NULL),(136,1285,40,'sonny.d','sonny.d',7,'1',NULL,NULL,NULL,NULL),(137,10,1,'spi','spi',4,'1',NULL,NULL,NULL,NULL),(138,1195,36,'sudarto','6090',6,'1',NULL,NULL,NULL,NULL),(139,1655,16,'sudirman','10123',7,'1',NULL,NULL,NULL,NULL),(140,1396,67,'sudrajat','sudrajat',6,'1',NULL,NULL,NULL,NULL),(141,1387,67,'sulami','441301',7,'1',NULL,NULL,NULL,NULL),(142,2460,52,'suleiman','suleiman',7,'1',NULL,NULL,NULL,NULL),(143,50,31,'sumardi7990','mardi7990',3,'1',NULL,NULL,NULL,NULL),(144,1501,27,'sunarwa','8113',5,'1',NULL,NULL,NULL,NULL),(145,53,31,'suriadi','10317',6,'1',NULL,NULL,NULL,NULL),(146,2436,52,'suwarto','suwarto',6,'1',NULL,NULL,NULL,NULL),(147,1611,94,'syamsul','rm8155',7,'1',NULL,NULL,NULL,NULL),(148,1698,41,'syarbini','ni10152',7,'1',NULL,NULL,NULL,NULL),(149,81,100,'syifa','syifa',7,'1',NULL,NULL,NULL,NULL),(150,1126,10,'tatang_k','7797',5,'1',NULL,NULL,NULL,NULL),(151,1649,14,'tatang_s','rm8962',7,'1',NULL,NULL,NULL,NULL),(152,1307,92,'teguh','teguh',5,'1',NULL,NULL,NULL,NULL),(153,2107,46,'tomo','8440',6,'1',NULL,NULL,NULL,NULL),(154,1716,60,'tulus.w','6724',6,'1',NULL,NULL,NULL,NULL),(155,1318,61,'tuti.r','10745',7,'1',NULL,NULL,NULL,NULL),(156,11,1,'wahyou','erniku',3,'0',NULL,NULL,NULL,NULL),(157,2397,54,'wahyu.wirawan','10319',6,'1',NULL,NULL,NULL,NULL),(158,446,97,'waskito','5751',6,'1',NULL,NULL,NULL,NULL),(159,915,93,'widita','8569',7,'1',NULL,NULL,NULL,NULL),(160,1101,77,'wildan','10351',6,'1',NULL,NULL,NULL,NULL),(161,64,30,'wisnu.k','wisnu',6,'1',NULL,NULL,NULL,NULL),(162,2119,46,'wundi.kusyanto','angelina',7,'1',NULL,NULL,NULL,NULL),(163,1233,38,'yahuza','8942',6,'1',NULL,NULL,NULL,NULL),(164,1053,74,'yayata.ruhiyat','8276',7,'1',NULL,NULL,NULL,NULL),(165,786,98,'yongkiy.bratadireja','8655',7,'1',NULL,NULL,NULL,NULL),(166,1369,45,'yudib','7194',7,'1',NULL,NULL,NULL,NULL),(167,1326,63,'yunus.mardianto','10731',7,'1',NULL,NULL,NULL,NULL),(999999,999999,999999,'superadmin','a',1,'1',NULL,NULL,NULL,NULL);
